mutation,replicate,n_frames_total,n_frames_window,total_ns_used,timing_source,analysis_dcd,triplet
V106A+F227L,1,360,360,100.0,state_csv,results/md_runs/V106A_F227L/rep_01/V106A_F227L_rep01_analysis.dcd,WT|V106A+F227L|V106I+F227C
V106A+F227L,2,360,360,71.504,state_csv,results/md_runs/V106A_F227L/rep_02/V106A_F227L_rep02_analysis.dcd,WT|V106A+F227L|V106I+F227C
V106A+F227L,3,360,360,65.868,state_csv,results/md_runs/V106A_F227L/rep_03/V106A_F227L_rep03_analysis.dcd,WT|V106A+F227L|V106I+F227C
V106I+F227C,1,360,360,89.06,state_csv,results/md_runs/V106I_F227C/rep_01/V106I_F227C_rep01_analysis.dcd,WT|V106A+F227L|V106I+F227C
V106I+F227C,2,200,200,100.0,state_csv,results/md_runs/V106I_F227C/rep_02/V106I_F227C_rep02_analysis.dcd,WT|V106A+F227L|V106I+F227C
V106I+F227C,3,200,200,100.0,state_csv,results/md_runs/V106I_F227C/rep_03/V106I_F227C_rep03_analysis.dcd,WT|V106A+F227L|V106I+F227C
WT,1,500,500,100.0,state_csv,results/md_runs/wt/rep_01/wt_rep01_analysis.dcd,WT|V106A+F227L|V106I+F227C
WT,2,180,180,100.0,state_csv,results/md_runs/wt/rep_02/wt_rep02_analysis.dcd,WT|V106A+F227L|V106I+F227C
WT,3,180,180,100.0,state_csv,results/md_runs/wt/rep_03/wt_rep03_analysis.dcd,WT|V106A+F227L|V106I+F227C
