mutation,control_category,target_binary_class,ser105_dor_distance_angstrom_mean,v106_f227_sidechain_distance_angstrom_mean,residue_min_distance_VAL106_angstrom_mean,residue_min_distance_VAL179_angstrom_mean,residue_min_distance_TYR188_angstrom_mean,residue_min_distance_PRO225_angstrom_mean,residue_min_distance_PHE227_angstrom_mean,ligand_pose_rmsd_angstrom_mean,ligand_palm_distance_angstrom_mean,ligand_entrance_distance_angstrom_mean,target_fold_reduction,ddg_electrostatic_mean,display_category
A98G+F227C,positive_control,high,4.6403108368107695,6.252401470369807,3.3852273032471936,3.285595100122612,3.184683704760367,3.7405114723672823,3.650359260234582,1.5227271632568256,2.8185216608719945,7.671601911096712,93.0,1.801188290913898,Positive control
F227C,negative_control,low,4.9516875483878655,6.150424508810829,3.4319273215019037,3.6139310374274984,3.2093504989089823,3.6970532425050817,3.8001296125835737,1.418037160051706,2.959406791999998,7.376269685464533,1.3,,Negative control
G190A,negative_control,low,4.963292017282414,3.964050322801046,3.2379321171356747,3.4380857428988896,3.189790442183211,4.048295991914767,3.5113167666100167,1.418115514355737,3.117664143845842,7.4661600611231345,2.7,0.4874475224812816,Negative control
G190E,uncertain_limited,high,4.3063203138714465,4.057686256775449,2.8837828242138106,5.798401841320359,3.2654759501699857,3.825181042196292,3.088230877124067,1.3911879541304364,3.445132798013868,7.816711228469323,18.0,-5.836503677368166,Test set
G190S,uncertain_limited,low,4.4766327637608585,4.004230013838193,3.1580452408071036,3.635820868154904,3.4243185049510214,3.919706467787425,3.1657160371273485,1.411497117914595,2.997192014982035,8.010802352321042,5.2,1.955126393636063,Test set
K103N,negative_control,low,4.814263905636838,3.944208916402789,3.1394075284133085,3.630978486559413,3.348508278528849,3.7147670887612008,3.348447799682617,1.2637582464261097,3.0338822012549045,7.521462539294819,1.2,-11.96959079742432,Negative control
K103N+M230L,uncertain_limited,high,4.496375108089048,3.9037316202315737,3.1762525294009634,3.307250955002802,2.9208144941845453,3.7480317892255015,3.6384592303284657,1.352120289099109,2.5997382441619497,7.86412641690658,36.0,-10.345858154296875,Test set
K103N+P225H,uncertain_limited,low,4.673953815342792,3.955272467808712,3.3288380655857375,3.529204793705213,3.1662952966526876,3.978512001966658,3.645010201993224,1.4156526658941544,2.9919238228920553,7.311238857476198,7.8,-7.168654073079428,Test set
L100I+K103N,uncertain_limited,low,4.6779714594671935,3.907058239573334,3.386902752532262,3.801722805249637,3.237459420069168,3.987450534350251,3.5754773812751246,1.3024650071853916,3.1678903091988064,7.251443207536114,6.8,-8.051518580118817,Test set
V106A,positive_control,high,3.716200087840029,4.25157903692734,3.43844409099585,3.5074026567853855,3.3995404515342336,3.806009770675484,3.35552058663616,1.305793128858948,2.626718580141695,7.695148711644116,18.0,1.1797146097818985,Positive control
V106A+F227L,positive_control,high,3.6815445064522874,5.205243804223254,3.540251796104048,3.452407363342912,3.2305473410375587,3.682318998798388,3.61637271267094,1.366435181604673,2.5960220234579148,7.400556514252266,106.0,7.791365102132159,Positive control
V106A+L234I,positive_control,high,3.5457360070651003,4.528273659441591,3.4733643206603255,3.38434761448017,3.2067077834739504,4.344036462597639,3.5134949699595146,1.3385544241238525,2.6710868526372487,7.542361038987354,161.0,6.656495755513505,Positive control
V106A+P225H,positive_control,high,3.792552099756771,4.216180556914154,3.573986894689271,3.5356925618994377,3.265341173518788,3.4448412177054775,3.462455541982757,1.5406829585619315,3.0018948641470407,7.096263188133875,153.0,7.208070869445798,Positive control
V106I,negative_control,low,5.203514767615708,3.8832554882743615,3.2282296301008344,3.671785118343594,3.4080571054338336,4.049055425970404,3.3079383566572855,1.3446854342211474,3.1864478448489764,7.725043588930422,1.1,2.5122982915242495,Negative control
V106I+F227C,positive_control,high,4.775743371867112,4.760926380132426,3.0959524072375615,3.381155263542505,3.305469864765511,3.7527821779861816,3.7624917365166666,1.4199686977841803,2.82852475643689,7.653118779524117,105.0,2.922937469482419,Positive control
V106M,uncertain_limited,low,4.986314268928825,3.884024569655322,3.1732599810437043,3.601927895829903,3.230787364238436,4.4367704705808535,3.3743787983228177,1.4016827667736529,3.046080599981621,7.617662471615333,3.4,2.194564119974769,Test set
WT,wt_reference,low,4.894471960711374,3.883419633700146,3.3599026367758125,3.556004613507667,3.34127121281745,3.785851714613393,3.4967229172777468,1.292608573422701,3.0447150241593888,7.597786107972223,1.0,,WT
Y181C,negative_control,low,4.360562469395171,4.066668341155298,3.0734109792623436,3.2821807904286424,3.0978772285822274,3.766084101822999,3.456701169142852,1.41411493544106,2.7086407134124824,7.997366303796167,1.4,-0.6382675425211607,Negative control
Y188L,positive_control,high,4.75810183078264,3.8561109323291904,3.1099843184153237,3.587755351453214,3.6026377978625597,4.227392954869313,3.1050581336021423,1.541730705145243,3.2570619883838,7.473684358167219,149.0,6.187257232666014,Positive control
Y318F,positive_control,high,4.834783970760547,3.9981153139139063,3.2663012098621675,3.5939458275700473,3.3261656868565193,3.918058083938048,3.4277942599476994,1.4854377733694542,2.995640024408564,7.706785494142824,11.0,-2.1503971099853536,Positive control
