mutation,target_fold_reduction,target_binary_class,ligand_palm_distance_angstrom_repstd,residue_min_distance_LYS101_angstrom_repstd,ligand_pose_rmsd_angstrom_mean,residue_min_distance_PRO95_angstrom_repstd,residue_min_distance_TYR188_angstrom_repstd,ligand_palm_distance_angstrom_mean,residue_min_distance_PRO236_angstrom_mean,residue_min_distance_TYR181_angstrom_mean,residue_min_distance_LEU100_angstrom_mean,pocket_ca_rmsd_angstrom_mean,ligand_entrance_distance_angstrom_mean,ligand_pocket_center_distance_angstrom_mean,ligand_palm_depth_projection_angstrom_mean,residue_min_distance_PRO95_angstrom_mean,residue_min_distance_LYS101_angstrom_mean,residue_min_distance_LYS103_angstrom_mean,residue_min_distance_VAL106_angstrom_mean,residue_min_distance_VAL108_angstrom_mean,residue_min_distance_VAL179_angstrom_mean,residue_min_distance_TYR188_angstrom_mean,residue_min_distance_VAL189_angstrom_mean,residue_min_distance_GLY190_angstrom_mean,residue_min_distance_PRO225_angstrom_mean,residue_min_distance_PHE227_angstrom_mean,residue_min_distance_TRP229_angstrom_mean,residue_min_distance_LEU234_angstrom_mean,residue_min_distance_HIS235_angstrom_mean,residue_min_distance_TYR318_angstrom_mean,pocket_ca_rmsd_angstrom_repstd,ligand_pose_rmsd_angstrom_repstd,ligand_entrance_distance_angstrom_repstd,ligand_pocket_center_distance_angstrom_repstd,ligand_palm_depth_projection_angstrom_repstd,residue_min_distance_LEU100_angstrom_repstd,residue_min_distance_LYS103_angstrom_repstd,residue_min_distance_VAL106_angstrom_repstd,residue_min_distance_VAL108_angstrom_repstd,residue_min_distance_VAL179_angstrom_repstd,residue_min_distance_TYR181_angstrom_repstd,residue_min_distance_VAL189_angstrom_repstd,residue_min_distance_GLY190_angstrom_repstd,residue_min_distance_PRO225_angstrom_repstd,residue_min_distance_PHE227_angstrom_repstd,residue_min_distance_TRP229_angstrom_repstd,residue_min_distance_LEU234_angstrom_repstd,residue_min_distance_HIS235_angstrom_repstd,residue_min_distance_PRO236_angstrom_repstd,residue_min_distance_TYR318_angstrom_repstd
K103N,1.2,low,0.1061043441545534,0.1590566748470286,1.2637582464261097,0.1186297787374966,0.1153486512008424,3.0338822012549045,3.2036155730754405,3.553419274252814,3.7004205901343545,0.5977847820466703,7.521462539294819,1.1963280546772588,7.424128837413615,4.402415529027715,3.8828784452902303,3.0415940155854098,3.1394075284133085,3.9473776387738746,3.630978486559413,3.348508278528849,3.0821734162064285,3.176174853299115,3.7147670887612008,3.348447799682617,3.534012852488337,3.5908223326141773,3.625587697501655,3.4391105561643034,0.0104946002751007,0.0732117959452974,0.1136483213843938,0.2419469646760798,0.1156590382436859,0.079783606180445,0.0821297824278964,0.1975167612467508,0.204185608268343,0.1763353326607053,0.2258498982834558,0.2468367268734371,0.2149377178102024,0.2555958385043285,0.2043356831474536,0.0947460398461938,0.1257450494755692,0.1314065658929202,0.1964717580350712,0.2253630167415873
F227C,1.3,low,0.2390878676053615,0.0367420041949369,1.418037160051706,0.0882016342041385,0.0195450123097763,2.959406791999998,3.3332923855851972,3.1339903764311736,3.670857788694821,0.6207282302716646,7.376269685464533,0.9169335595723188,7.324749712566643,4.175552380387614,3.4882702630452695,2.9867014511121694,3.4319273215019037,3.938786350120176,3.6139310374274984,3.2093504989089823,3.0643608515112675,3.223005265882602,3.6970532425050817,3.8001296125835737,3.4563357118787272,3.615084325929018,3.5631764930774463,3.40716387506779,0.0038674593139611,0.1847120042268688,0.413973009539779,0.2776152498185307,0.379643458282245,0.0202553547638295,0.026202455031541,0.0203384158802791,0.1040217364140554,0.0809899147528513,0.017746290228715,0.0345655831309823,0.0215425224040474,0.0590724511517087,0.0833249254915486,0.0129478507167396,0.066861740900756,0.0395114325970717,0.055659211336966,0.0391427878946038
Y181C,1.4,low,0.6055899013698439,0.0894670953516215,1.41411493544106,0.2948972431146967,0.3761708531937,2.7086407134124824,3.4483918241552405,3.5511642060838304,3.802445119565672,0.6754477067036672,7.997366303796167,1.3580467825805818,7.9105736758257885,4.276577154795329,3.518963893254598,2.907036536448711,3.0734109792623436,3.887130354975795,3.2821807904286424,3.0978772285822274,2.9928553705816867,3.110569346058476,3.766084101822999,3.456701169142852,3.68015421833004,3.919747032560744,3.8693058114868033,3.652604964402345,0.035440824488743,0.0801801498024677,0.5964468048488196,0.3285817032977662,0.5974999775353199,0.1543506458160349,0.1358795539993689,0.3055840039628399,0.4235987870208902,0.3828770733383171,0.2392836019622143,0.2062769872933414,0.1868961195295904,0.2418473966962566,0.3137658257952194,0.27859669449557,0.4353839926108994,0.4698101113084081,0.4558260463762276,0.4482227526752861
V106I,1.4,low,0.3647209677607433,0.0585278937185894,1.3446854342211474,0.2500496159932296,0.2412721168215497,3.1864478448489764,3.184531239775924,3.413571147231368,3.520836467141504,0.6997758335358387,7.725043588930422,1.3615372476277052,7.603600635184898,4.37458703968976,3.503926803399851,3.48470883111696,3.2282296301008344,4.093133883433299,3.671785118343594,3.4080571054338336,3.447240657634563,3.4567341331963064,4.049055425970404,3.3079383566572855,3.5076181695267956,3.516651380169499,3.4477174990885966,3.260499262594962,0.0292575141273384,0.0290012461428526,0.2272469254633649,0.1398761500567241,0.2498110280810881,0.1336869036973413,0.4019520733995583,0.1148054693193315,0.2390857281727437,0.2953023581588007,0.2999633693879832,0.152770989399437,0.0653155925104118,0.1317078030895287,0.3268798951749342,0.1332611409895122,0.1601126811990327,0.1946887142808238,0.2193885532050085,0.1954079110168534
G190A,2.7,low,0.3463494331058697,0.0188521408206092,1.418115514355737,0.1823390295172492,0.1895143168438714,3.117664143845842,3.4117563662228285,3.286846392863506,3.6872401237487793,0.6526256955421722,7.4661600611231345,1.2103947043955865,7.387021679062027,4.311931893632219,3.5700098372794487,3.018031394159472,3.2379321171356747,3.8346198850923834,3.4380857428988896,3.189790442183211,3.2038583755493164,3.3229179253449312,4.048295991914767,3.5113167666100167,3.4713819993508825,3.6478545569084786,3.674980441729227,3.5273394928322177,0.0160979798510268,0.1335507115376584,0.4253982549694131,0.2335338269666617,0.4154593763676559,0.0957638435062949,0.0322719351362772,0.1852350476188969,0.1041439647508602,0.1027028801608923,0.2407989272523832,0.1719504400130975,0.0168147303685033,0.1363254905181594,0.2122736301014516,0.0610336358973233,0.2498170397586671,0.2666540014125584,0.2685824913354923,0.2740849308704621
V106M,3.4,low,0.2904518054307801,0.0620497076107475,1.4016827667736529,0.2318112947327686,0.0528151107745111,3.046080599981621,3.355598293956991,3.4325267261160626,3.68260978499865,0.6986925716296417,7.617662471615333,1.334848959192919,7.496814910408378,4.2473814077781755,3.6502794507466105,3.433517606565911,3.1732599810437043,4.17616425029945,3.601927895829903,3.230787364238436,3.325097157100718,3.275439703550949,4.4367704705808535,3.3743787983228177,3.585452895247263,3.657828651242559,3.73923200870498,3.5262762536271226,0.0522609128137042,0.102238995489702,0.045671533474385,0.2841116145970871,0.0261076231212908,0.110610049174387,0.2487896822173415,0.2095311834274309,0.6704793415288528,0.2353840099974736,0.3386989660877097,0.4307880353203901,0.3991615299211868,0.4330737378446178,0.2902502951195434,0.2289830638447951,0.1670297637213236,0.1920531011006732,0.1667284021550511,0.0459559249854017
G190S,5.2,low,0.187852085938827,0.0111432864571515,1.411497117914595,0.6198331844193494,0.0825605043107053,2.997192014982035,3.1198346026040418,3.772745539798393,3.6427039249523263,0.769022757539878,8.010802352321042,1.560770232814389,7.869841510111147,4.414774133761724,3.6970144218152705,2.9868118986890124,3.1580452408071036,4.220817985459491,3.635820868154904,3.4243185049510214,3.4653344084013695,3.0737055536057496,3.919706467787425,3.1657160371273485,3.614353356543962,3.6468521479550784,3.5226657295549235,3.474189015283241,0.1422313081971034,0.1044755653178607,0.3858533216295291,0.3099198040282424,0.3492118722380636,0.0501991096371499,0.1403529135062183,0.3477083217926081,0.828509758270219,0.1886417139508251,0.4178846367643686,0.5268897633455492,0.477880316871749,0.1505592586851901,0.385119738751675,0.3668480579634465,0.0965279965931619,0.1060454688111102,0.0974974628212588,0.228621810278322
L100I+K103N,6.8,low,0.3706095186488181,0.1996061529341296,1.3024650071853916,0.0888146605767359,0.013715772402226,3.1678903091988064,3.3769900749807493,3.2797933833239825,3.4818428858230104,0.6306322742270553,7.251443207536114,1.0198494243567393,7.190199891181841,4.4340835249042945,3.738092974440692,3.1155784130096436,3.386902752532262,3.837624376767302,3.801722805249637,3.237459420069168,3.204906216495113,3.412901823923468,3.987450534350251,3.5754773812751246,3.5076629908661867,3.472297787121986,3.6697841441794616,3.3839089788802688,0.0930977729120076,0.0383359107835141,0.1944879103123683,0.0415752525805439,0.1823698782249882,0.0320568751208595,0.1630809948864686,0.0287792089152997,0.0950230104154012,0.4166306880744558,0.145291085788983,0.0832594019314898,0.1387711314190334,0.3356721047683175,0.1076049199994159,0.0589951365547475,0.0403767205217617,0.0894408458953443,0.0911551649663751,0.070067049683049
K103N+P225H,7.8,low,0.3907032094833834,0.1089119539071937,1.4156526658941544,0.1011388899832397,0.0981729302701863,2.9919238228920553,3.4022120824454976,3.4161149847766836,3.715802549894651,0.6153513167060923,7.311238857476198,0.8738561263779093,7.274347703990855,4.153766925948912,3.7893515194661256,3.0267357517916325,3.3288380655857375,3.7396632136844623,3.529204793705213,3.1662952966526876,3.066827583933754,3.217811445592165,3.978512001966658,3.645010201993224,3.478790372954896,3.676101246161757,3.74285985464761,3.4965880401388945,0.0259318097592874,0.0811000528974057,0.398231695035742,0.2223005496526293,0.3741777420731882,0.1271366360518026,0.0414505259820926,0.1403667346617831,0.064328621614802,0.1333514255359222,0.1295061558177339,0.0516800060579174,0.083362133180476,0.2268916119361979,0.067033582950087,0.101052857350115,0.1025229251984502,0.0624106408831061,0.0824095694776474,0.1301654677323236
Y318F,11.0,high,0.0967308790804728,0.1380858690302818,1.4854377733694542,0.2409221718073605,0.232297507084449,2.995640024408564,3.244433773530496,3.341886174571407,3.638674001435976,0.6298485647987675,7.706785494142824,1.2492791199469353,7.599766357524975,4.055101308736716,3.5565229407301895,2.992604837761269,3.2663012098621675,3.789925575256348,3.5939458275700473,3.3261656868565193,3.101288821246173,3.230829155122912,3.918058083938048,3.4277942599476994,3.47751166799047,3.671137691618086,3.4724492693806552,3.3504889430226505,0.0344810485119111,0.1054444689193904,0.3174075011574378,0.3696136315138034,0.2554886203961151,0.0912887638283221,0.1203173852957847,0.014173286819267,0.0934836572924977,0.0894839554694397,0.2031881245182935,0.1599312872483763,0.0939080698410421,0.1433305889815466,0.1354398713094031,0.0919377939629748,0.1686337240413034,0.2030706499016021,0.2878024968089408,0.2102774497448596
V106A,18.0,high,0.2530354924844138,0.326513655525992,1.305793128858948,0.4567622298579328,0.2334400390902465,2.626718580141695,3.2881362268281222,3.475272439459761,3.612978263885816,0.6979458810451016,7.695148711644116,1.2679202998146428,7.589933828558434,4.447563482157672,3.795835816211411,3.0411447528319844,3.43844409099585,3.881986039193577,3.5074026567853855,3.3995404515342336,3.2279794375925586,3.3463648374795945,3.806009770675484,3.35552058663616,3.4803736180445894,3.551979512825845,3.4886455843952664,3.408601036546084,0.0985078446206262,0.0648769279199438,0.3681686846219804,0.4255570734883745,0.3159908459552905,0.1631064533963542,0.1479031928160983,0.1790254253894557,0.1187397291633085,0.1722582188523218,0.1917439917951626,0.1823225499018148,0.1266650750628976,0.0295181630598792,0.2113671056518869,0.0956112660152481,0.0499166596364042,0.1951150123449599,0.2945352924073999,0.1626195501969745
G190E,18.0,high,0.2291968309284564,0.2293169957218715,1.3911879541304364,0.9231347113478272,0.3471999596427245,3.445132798013868,3.4368149967584674,3.6113722952081018,3.6872919269436153,1.1286552565258532,7.816711228469323,1.5594588170772976,7.675680454416503,4.660498006553449,3.843459313165405,3.1636350224128456,2.8837828242138106,3.545265340331031,5.798401841320359,3.2654759501699857,3.63428513220135,3.382652437364733,3.825181042196292,3.088230877124067,3.781520160691047,3.6293701456732985,3.8433142123884503,3.714154973427084,0.0731782855892778,0.1460411126720153,0.35774112074615,0.1092429633816639,0.3717754664402602,0.0722082469738208,0.1451958451354863,0.4175020508786545,0.4150425453654235,0.7102966950744131,0.9568757820283796,0.3934087133833328,0.241684374840058,0.6572790470417831,0.4114781982704719,0.3278403230183845,0.3780645922166676,0.3857083726714719,0.5308874913260445,0.3786634470722984
K103N+M230L,36.0,high,0.2102482982677849,0.138957642448845,1.352120289099109,0.1073114037411868,0.2788428022889275,2.5997382441619497,3.669917058729911,3.230842839436488,3.768149123750291,0.5882408046172009,7.86412641690658,1.0964869270587827,7.80789761264045,4.222308195550163,3.760020994334608,2.958836231038377,3.1762525294009634,3.8109338232525833,3.307250955002802,2.9208144941845453,2.8458303656127004,3.1586561421553294,3.7480317892255015,3.6384592303284657,3.550205930611035,3.897812509053462,4.000211449678954,3.723290803196194,0.0291156440782826,0.1220323568350376,0.2605965178855141,0.1659085968478338,0.2563552665257217,0.1804985669020139,0.0414678927491488,0.2311486173370638,0.2904041802728165,0.1188217600006126,0.1159256484906519,0.288496810768244,0.1171233142782741,0.1091093392476926,0.1064747907365978,0.1074965907728951,0.1947136312109303,0.3036693274101258,0.2266847125574069,0.2725940783931239
A98G+F227C,93.0,high,0.2305950717243277,0.0471205969160833,1.5227271632568256,0.727003292941634,0.0287436722415125,2.8185216608719945,3.416547686336607,3.2893564745484336,3.623795657668441,0.6951685023190078,7.671601911096712,1.1302486901595536,7.598051855073401,4.86984880723973,3.3792772289786335,2.9568752611336073,3.3852273032471936,4.225320169806729,3.285595100122612,3.184683704760367,3.1818017422202884,3.2707133566597975,3.7405114723672823,3.650359260234582,3.4322858495755235,3.659567818407045,3.6916136602849825,3.460827331987422,0.0966732949030162,0.0563725154357734,0.5457854073569428,0.2879635999524809,0.5170124172306275,0.0241222009421529,0.0189319308404897,0.033250216613949,0.6462376805540923,0.1155694528783501,0.101767045646323,0.0133960820684402,0.073277967938615,0.0746538060801219,0.1086341516804695,0.0525857193396206,0.0132989568410134,0.0837478202430697,0.0928997986130353,0.0267047932127084
V106I+F227C,105.0,high,0.3192883988409441,0.1372059751964123,1.4199686977841803,0.4109762215404563,0.4471008060000382,2.82852475643689,3.3281183715837943,3.365122552252066,3.5437911193797524,0.5664071088206836,7.653118779524117,1.3563008810227453,7.534064265611324,4.239547955669875,3.3769055620733677,2.7618227403564064,3.0959524072375615,3.7919232807335734,3.381155263542505,3.305469864765511,3.0152961058451475,3.066569685311981,3.7527821779861816,3.7624917365166666,3.676251488441427,3.581730155799314,3.692746584021656,3.465818045970153,0.0488989566595916,0.2087425972439276,0.3864426410323181,0.4785848330009777,0.3421879937586878,0.267956679699474,0.2423092604093636,0.2947444974607383,0.1694578056379686,0.0842425710694695,0.4389679737969861,0.1003776682917554,0.2140915604087941,0.1454803053021281,0.4534968734387841,0.3374485296808187,0.2671929152182383,0.2283350828072101,0.4132874462387265,0.260751709324104
V106A+F227L,106.0,high,0.1244391995049458,0.1764289856118296,1.366435181604673,0.126115166762836,0.0246502912064786,2.5960220234579148,3.519135865990974,3.2415143169768874,3.60302563780519,0.6522773389946924,7.400556514252266,1.0233125443395958,7.330759361998676,4.24083578423278,3.960101550028204,3.130450688540664,3.540251796104048,3.7021937196113206,3.452407363342912,3.2305473410375587,3.181697452449363,3.243005955055968,3.682318998798388,3.61637271267094,3.4047627819183206,3.598954811488112,3.6221732157006112,3.4923442281000145,0.0235921216817743,0.008532775318762,0.2488649246111629,0.2107535226833543,0.2382297215190367,0.1029210932956858,0.1131585747849707,0.083295105582709,0.0978655450354903,0.1660007556847289,0.0092210950151418,0.1076527061314615,0.045310994671995,0.1686713562405582,0.0949320944915742,0.0554081234324887,0.058565925514255,0.0381411529242507,0.0140008371479373,0.0240710896066796
Y188L,149.0,high,0.1075597354523467,0.1413831424059387,1.541730705145243,0.9595180240997008,0.1917266363494263,3.2570619883838,3.300202390095135,3.603830457807661,3.4872030503041036,0.6576504583831305,7.473684358167219,1.4811535276271204,7.330017201535337,4.648322820663452,3.539134470192162,2.920636245796272,3.1099843184153237,3.7870803717020394,3.587755351453214,3.6026377978625597,3.1616491723704985,3.172373741596669,4.227392954869313,3.1050581336021423,3.7111370348715567,3.4556070158073493,3.6512539623019937,3.4659909611349704,0.0349441184084039,0.3002310419969604,0.5654913402422356,0.5345000750231665,0.478200584804859,0.2986607477063843,0.5261055219845794,0.5160031149654207,0.1250464879061396,0.0336025189577924,0.3724139587876833,0.3922341159093855,0.4371377696717565,0.8159044017191649,0.5439002498871506,0.607685865933016,0.0458219115204171,0.1412015529413434,0.3072900558446504,0.0723851475015864
V106A+P225H,153.0,high,0.2503941704236975,0.2644709103917393,1.5406829585619315,0.1962399067380011,0.036517943893895,3.0018948641470407,3.485214166384793,3.266666024908204,3.6499003418520872,0.6423553198261195,7.096263188133875,0.841950684299928,7.054444932249232,4.104775757923991,4.054609984622704,3.119257766191746,3.573986894689271,3.66728852494694,3.5356925618994377,3.265341173518788,3.09235210475004,3.249474529668879,3.4448412177054775,3.462455541982757,3.4172666862515597,3.606471516209486,3.632846727004367,3.477593150296547,0.0246801754005352,0.1306166814221532,0.4052013422181071,0.2893788768192038,0.3644897342396606,0.0178376730684387,0.1195365791290977,0.0939537640320096,0.0964331221340649,0.0751126769608598,0.0663949025188776,0.0521274478560077,0.0509643922238806,0.1740641081689456,0.0573105158005581,0.0937661210915048,0.0471020135571876,0.0630755184953157,0.036027961866225,0.0208768321980192
V106A+L234I,161.0,high,0.1871267954824831,0.3285484400887936,1.3385544241238525,0.1791843370902586,0.0222013165879212,2.6710868526372487,3.5508697630935693,3.2360589370089787,3.6984596922733934,0.7350614408570045,7.542361038987354,1.06471677094357,7.469755793458297,4.516884340092496,4.141007822591333,3.1413776723884452,3.4733643206603255,3.757153152769805,3.38434761448017,3.2067077834739504,3.1327389049127343,3.2335157917438693,4.344036462597639,3.5134949699595146,3.464269527743033,3.627411624846452,3.670354785446028,3.5812601315148154,0.1327912125217914,0.109983839476894,0.109713099601473,0.1774211172300493,0.1250675532667237,0.0226473130173926,0.0900186662595304,0.1455138951575856,0.1009719199208631,0.0995329231682619,0.0375751869213538,0.0602417871167591,0.08440362437826,1.221239937698376,0.0270594292491381,0.0549094006065567,0.1625767414062486,0.1236326050177073,0.1042009505920346,0.0869401048382722
