mutation,target_value,observed_class,predicted_class,prob_low,prob_high,correct,fold
K103N,1.2,low,low,0.5642561103704287,0.43574388962957133,True,4
F227C,1.3,low,low,0.6169133558446279,0.3830866441553721,True,2
Y181C,1.4,low,low,0.7373421419466464,0.2626578580533536,True,1
V106I,1.4,low,low,0.7136333260919022,0.2863666739080978,True,3
G190A,2.7,low,low,0.6400098764376675,0.3599901235623325,True,5
V106M,3.4,low,low,0.597899319932969,0.40210068006703104,True,4
G190S,5.2,low,low,0.5834869780011815,0.41651302199881846,True,2
L100I+K103N,6.8,low,low,0.6359243713621481,0.3640756286378519,True,1
K103N+P225H,7.8,low,low,0.5903594044500857,0.4096405955499143,True,3
Y318F,11.0,high,high,0.44308476818920184,0.5569152318107982,True,2
G190E,18.0,high,high,0.38641949573154943,0.6135805042684506,True,5
V106A,18.0,high,high,0.43975710273312063,0.5602428972668794,True,1
K103N+M230L,36.0,high,high,0.4567345644828905,0.5432654355171095,True,4
A98G+F227C,93.0,high,low,0.5562640253881949,0.44373597461180514,False,5
V106I+F227C,105.0,high,low,0.5571949982283998,0.4428050017716002,False,1
V106A+F227L,106.0,high,high,0.41011754582375914,0.5898824541762409,True,4
Y188L,149.0,high,high,0.2708278611279541,0.7291721388720459,True,3
V106A+P225H,153.0,high,high,0.323264914843701,0.676735085156299,True,2
V106A+L234I,161.0,high,high,0.30305033604823883,0.6969496639517612,True,3
