trajectory_path,status,n_frames,jump_max_nm,jump_arg,spread99_max_nm,spread_arg,suspect
results/md_runs/A98G_F227C/rep_01/A98G_F227C_rep01_analysis.dcd,ok,180.0,0.000957070617005229,160.0,6.0657219886779785,23.0,True
results/md_runs/A98G_F227C/rep_02/A98G_F227C_rep02_analysis.dcd,ok,180.0,0.0009732870385050774,3.0,5.999514102935791,152.0,True
results/md_runs/A98G_F227C/rep_03/A98G_F227C_rep03_analysis.dcd,ok,254.0,7.230299949645996,237.0,10.615076065063477,237.0,True
results/md_runs/F227C/rep_01/F227C_rep01_analysis.10ns.bak,"error: The topology is loaded by filename extension, and the detected "".bak"" format is not supported. Supported topology formats include "".pdb"", "".pdb.gz"", "".h5"", "".lh5"", "".prmtop"", "".parm7"", "".prm7"", "".psf"", "".mol2"", "".hoomdxml"", "".gro"", "".arc"", "".hdf5"", "".gsd"", "".pdbx"", "".pdbx.gz"", "".cif"", "".cif.gz"", "".mmcif"" and "".mmcif.gz"".",,,,,,
results/md_runs/F227C/rep_02/F227C_rep02_analysis.dcd,ok,200.0,0.0003505781351123005,38.0,5.951605319976807,47.0,True
results/md_runs/F227C/rep_03/F227C_rep03_analysis.dcd,ok,238.0,6.459817886352539,200.0,5.915424346923828,236.0,True
results/md_runs/G190A/rep_01/G190A_rep01_analysis.dcd,ok,180.0,0.0011734587606042624,88.0,5.938477516174316,144.0,True
results/md_runs/G190A/rep_02/G190A_rep02_analysis.dcd,ok,180.0,0.001092017162591219,80.0,5.950597286224365,88.0,True
results/md_runs/G190A/rep_03/G190A_rep03_analysis.dcd,ok,180.0,0.000984297483228147,124.0,5.898467540740967,162.0,True
results/md_runs/G190E/rep_01/G190E_rep01_analysis.dcd,ok,180.0,0.0012682743836194277,54.0,6.030262470245361,18.0,True
results/md_runs/G190E/rep_02/G190E_rep02_analysis.dcd,ok,180.0,0.0008020342793315649,161.0,5.769562244415283,136.0,True
results/md_runs/G190E/rep_03/G190E_rep03_analysis.dcd,ok,139.0,0.2348637878894806,110.0,5.789524555206299,33.0,True
results/md_runs/K103N/rep_01/K103N_rep01_analysis.dcd,ok,180.0,0.2623000741004944,37.0,6.086172103881836,82.0,True
results/md_runs/K103N/rep_02/K103N_rep02_analysis.dcd,ok,180.0,0.0007891636341810226,168.0,6.211883068084717,31.0,True
results/md_runs/K103N/rep_03/K103N_rep03_analysis.dcd,ok,180.0,0.32015109062194824,49.0,6.134663105010986,24.0,True
results/md_runs/K103N_M230L/rep_01/K103N_M230L_rep01_analysis.dcd,ok,196.0,0.000991583103314042,45.0,6.007789611816406,178.0,True
results/md_runs/K103N_M230L/rep_02/K103N_M230L_rep02_analysis.dcd,ok,180.0,0.0007789391675032675,179.0,5.860226631164551,143.0,True
results/md_runs/K103N_M230L/rep_03/K103N_M230L_rep03_analysis.dcd,ok,180.0,0.0008402057574130595,105.0,6.148261547088623,107.0,True
results/md_runs/K103N_P225H/rep_01/K103N_P225H_rep01_analysis.dcd,ok,301.0,7.266196250915527,181.0,11.82499885559082,199.0,True
results/md_runs/K103N_P225H/rep_02/K103N_P225H_rep02_analysis.dcd,ok,540.0,6.553085803985596,360.0,10.192675590515137,519.0,True
results/md_runs/K103N_P225H/rep_03/K103N_P225H_rep03_analysis.dcd,ok,360.0,0.00047674417146481574,260.0,5.921506404876709,251.0,True
results/md_runs/V106A/rep_01/V106A_rep01_analysis.dcd,ok,180.0,7.212899208068848,40.0,10.611024856567383,46.0,True
results/md_runs/V106A/rep_02/V106A_rep02_analysis.dcd,ok,360.0,0.0004612164048012346,225.0,6.060819149017334,210.0,True
results/md_runs/V106A/rep_03/V106A_rep03_analysis.dcd,ok,180.0,0.30982422828674316,29.0,6.059083938598633,20.0,True
results/md_runs/V106A_L234I/rep_01/V106A_L234I_rep01_analysis.dcd,ok,360.0,0.0004926577094011009,292.0,6.109475612640381,205.0,True
results/md_runs/V106A_L234I/rep_02/V106A_L234I_rep02_analysis.dcd,ok,360.0,0.00047578790690749884,284.0,6.086075782775879,235.0,True
results/md_runs/V106A_L234I/rep_03/V106A_L234I_rep03_analysis.dcd,ok,460.0,7.389186382293701,360.0,10.08714485168457,417.0,True
results/md_runs/V106A_P225H/rep_01/V106A_P225H_rep01_analysis.dcd,ok,360.0,0.0004273541271686554,217.0,5.852865695953369,227.0,True
results/md_runs/V106A_P225H/rep_02/V106A_P225H_rep02_analysis.dcd,ok,360.0,0.0005284681101329625,231.0,5.860723972320557,309.0,True
results/md_runs/V106A_P225H/rep_03/V106A_P225H_rep03_analysis.dcd,ok,489.0,6.78740930557251,360.0,6.160627365112305,444.0,True
results/md_runs/V106I/rep_01/V106I_rep01_analysis.dcd,ok,180.0,0.2935826778411865,113.0,5.875521659851074,174.0,True
results/md_runs/V106I/rep_02/V106I_rep02_analysis.dcd,ok,180.0,0.26269471645355225,64.0,5.9236884117126465,0.0,True
results/md_runs/V106I/rep_03/V106I_rep03_analysis.dcd,ok,180.0,0.2545655071735382,56.0,6.058262825012207,139.0,True
results/md_runs/V106I_F227C/rep_01/V106I_F227C_rep01_analysis.dcd,ok,360.0,0.0005663801566697657,249.0,5.886900901794434,217.0,True
results/md_runs/V106I_F227C/rep_02/V106I_F227C_rep02_analysis.dcd,ok,192.0,0.24703575670719147,57.0,6.212741851806641,162.0,True
results/md_runs/V106I_F227C/rep_03/V106I_F227C_rep03_analysis.dcd,ok,186.0,7.291016578674316,34.0,10.358661651611328,31.0,True
results/md_runs/V106M/rep_01/V106M_rep01_analysis.dcd,ok,180.0,5.250298500061035,64.0,8.271427154541016,33.0,True
results/md_runs/V106M/rep_02/V106M_rep02_analysis.dcd,ok,57.0,0.26249954104423523,14.0,6.038887977600098,36.0,True
results/md_runs/V106M/rep_03/V106M_rep03_analysis.dcd,ok,180.0,0.24714481830596924,87.0,5.830348014831543,164.0,True
results/md_runs/Y181C/rep_01/Y181C_rep01_analysis.dcd,ok,180.0,0.3769938349723816,40.0,5.9128007888793945,136.0,True
results/md_runs/Y181C/rep_02/Y181C_rep02_analysis.dcd,ok,180.0,0.2946549952030182,100.0,6.049008369445801,115.0,True
results/md_runs/Y181C/rep_03/Y181C_rep03_analysis.dcd,ok,180.0,0.7426390647888184,97.0,6.386136531829834,89.0,True
results/md_runs/Y188L/rep_01/Y188L_rep01_analysis.dcd,ok,180.0,0.24789278209209442,112.0,5.964085102081299,165.0,True
results/md_runs/Y188L/rep_02/Y188L_rep02_analysis.dcd,ok,180.0,0.24978496134281158,104.0,5.918830871582031,100.0,True
results/md_runs/Y188L/rep_03/Y188L_rep03_analysis.dcd,ok,180.0,0.23681150376796722,146.0,6.029536247253418,39.0,True
results/md_runs/Y318F/rep_01/Y318F_rep01_analysis.dcd,ok,180.0,0.2758898437023163,150.0,5.848466396331787,86.0,True
results/md_runs/Y318F/rep_02/Y318F_rep02_analysis.dcd,ok,180.0,5.382378101348877,34.0,9.513177871704102,127.0,True
results/md_runs/Y318F/rep_03/Y318F_rep03_analysis.dcd,ok,180.0,0.2974458336830139,103.0,6.273295879364014,163.0,True
results/md_runs/wt/rep_01/wt_rep01_analysis.dcd,ok,500.0,0.029239865019917488,174.0,5.879677772521973,365.0,True
results/md_runs/wt/rep_02/wt_rep02_analysis.dcd,ok,180.0,0.2991009056568146,99.0,6.1300153732299805,130.0,True
results/md_runs/wt/rep_03/wt_rep03_analysis.dcd,ok,180.0,0.2704084515571594,153.0,6.091734409332275,40.0,True
