mutation,replicate,traj_resid,auth_resid,resname,n_contact_frames,n_total_frames,occupancy,triplet
V106A,1,92,95,PRO,25,180,0.1388888888888889,WT|V106M|V106A
V106A,1,97,100,LEU,175,180,0.9722222222222222,WT|V106M|V106A
V106A,1,99,102,LYS,1,180,0.005555555555555556,WT|V106M|V106A
V106A,1,100,103,LYS,130,180,0.7222222222222222,WT|V106M|V106A
V106A,1,102,105,SER,2,180,0.011111111111111112,WT|V106M|V106A
V106A,1,103,106,ALA,175,180,0.9722222222222222,WT|V106M|V106A
V106A,1,105,108,VAL,95,180,0.5277777777777778,WT|V106M|V106A
V106A,1,176,179,VAL,131,180,0.7277777777777777,WT|V106M|V106A
V106A,1,178,181,TYR,127,180,0.7055555555555556,WT|V106M|V106A
V106A,1,185,188,TYR,128,180,0.7111111111111111,WT|V106M|V106A
V106A,1,187,190,GLY,125,180,0.6944444444444444,WT|V106M|V106A
V106A,1,222,225,PRO,130,180,0.7222222222222222,WT|V106M|V106A
V106A,1,224,227,PHE,177,180,0.9833333333333333,WT|V106M|V106A
V106A,1,226,229,TRP,158,180,0.8777777777777778,WT|V106M|V106A
V106A,1,231,234,LEU,153,180,0.85,WT|V106M|V106A
V106A,1,233,236,PRO,119,180,0.6611111111111111,WT|V106M|V106A
V106A,1,315,318,TYR,177,180,0.9833333333333333,WT|V106M|V106A
V106A,2,92,95,PRO,128,360,0.35555555555555557,WT|V106M|V106A
V106A,2,97,100,LEU,330,360,0.9166666666666666,WT|V106M|V106A
V106A,2,99,102,LYS,6,360,0.016666666666666666,WT|V106M|V106A
V106A,2,100,103,LYS,217,360,0.6027777777777777,WT|V106M|V106A
V106A,2,103,106,ALA,335,360,0.9305555555555556,WT|V106M|V106A
V106A,2,105,108,VAL,308,360,0.8555555555555555,WT|V106M|V106A
V106A,2,176,179,VAL,340,360,0.9444444444444444,WT|V106M|V106A
V106A,2,178,181,TYR,359,360,0.9972222222222222,WT|V106M|V106A
V106A,2,185,188,TYR,360,360,1.0,WT|V106M|V106A
V106A,2,187,190,GLY,331,360,0.9194444444444444,WT|V106M|V106A
V106A,2,222,225,PRO,290,360,0.8055555555555556,WT|V106M|V106A
V106A,2,224,227,PHE,351,360,0.975,WT|V106M|V106A
V106A,2,226,229,TRP,356,360,0.9888888888888889,WT|V106M|V106A
V106A,2,231,234,LEU,334,360,0.9277777777777778,WT|V106M|V106A
V106A,2,233,236,PRO,241,360,0.6694444444444444,WT|V106M|V106A
V106A,2,315,318,TYR,354,360,0.9833333333333333,WT|V106M|V106A
V106A,3,92,95,PRO,81,180,0.45,WT|V106M|V106A
V106A,3,94,97,PRO,1,180,0.005555555555555556,WT|V106M|V106A
V106A,3,97,100,LEU,168,180,0.9333333333333333,WT|V106M|V106A
V106A,3,100,103,LYS,122,180,0.6777777777777778,WT|V106M|V106A
V106A,3,103,106,ALA,162,180,0.9,WT|V106M|V106A
V106A,3,105,108,VAL,110,180,0.6111111111111112,WT|V106M|V106A
V106A,3,131,134,SER,4,180,0.022222222222222223,WT|V106M|V106A
V106A,3,176,179,VAL,161,180,0.8944444444444445,WT|V106M|V106A
V106A,3,177,180,ILE,3,180,0.016666666666666666,WT|V106M|V106A
V106A,3,178,181,TYR,158,180,0.8777777777777778,WT|V106M|V106A
V106A,3,185,188,TYR,170,180,0.9444444444444444,WT|V106M|V106A
V106A,3,186,189,VAL,1,180,0.005555555555555556,WT|V106M|V106A
V106A,3,187,190,GLY,126,180,0.7,WT|V106M|V106A
V106A,3,222,225,PRO,148,180,0.8222222222222222,WT|V106M|V106A
V106A,3,224,227,PHE,171,180,0.95,WT|V106M|V106A
V106A,3,226,229,TRP,174,180,0.9666666666666667,WT|V106M|V106A
V106A,3,231,234,LEU,145,180,0.8055555555555556,WT|V106M|V106A
V106A,3,233,236,PRO,118,180,0.6555555555555556,WT|V106M|V106A
V106A,3,315,318,TYR,167,180,0.9277777777777778,WT|V106M|V106A
V106M,1,92,95,PRO,242,360,0.6722222222222223,WT|V106M|V106A
V106M,1,97,100,LEU,360,360,1.0,WT|V106M|V106A
V106M,1,99,102,LYS,117,360,0.325,WT|V106M|V106A
V106M,1,100,103,LYS,32,360,0.08888888888888889,WT|V106M|V106A
V106M,1,103,106,ALA,360,360,1.0,WT|V106M|V106A
V106M,1,105,108,VAL,303,360,0.8416666666666667,WT|V106M|V106A
V106M,1,176,179,VAL,175,360,0.4861111111111111,WT|V106M|V106A
V106M,1,178,181,TYR,358,360,0.9944444444444445,WT|V106M|V106A
V106M,1,185,188,TYR,359,360,0.9972222222222222,WT|V106M|V106A
V106M,1,187,190,GLY,343,360,0.9527777777777777,WT|V106M|V106A
V106M,1,220,223,LYS,5,360,0.013888888888888888,WT|V106M|V106A
V106M,1,222,225,PRO,206,360,0.5722222222222222,WT|V106M|V106A
V106M,1,224,227,PHE,359,360,0.9972222222222222,WT|V106M|V106A
V106M,1,226,229,TRP,357,360,0.9916666666666667,WT|V106M|V106A
V106M,1,231,234,LEU,304,360,0.8444444444444444,WT|V106M|V106A
V106M,1,233,236,PRO,121,360,0.33611111111111114,WT|V106M|V106A
V106M,1,315,318,TYR,360,360,1.0,WT|V106M|V106A
V106M,2,92,95,PRO,124,360,0.34444444444444444,WT|V106M|V106A
V106M,2,97,100,LEU,356,360,0.9888888888888889,WT|V106M|V106A
V106M,2,99,102,LYS,169,360,0.46944444444444444,WT|V106M|V106A
V106M,2,100,103,LYS,74,360,0.20555555555555555,WT|V106M|V106A
V106M,2,103,106,ALA,360,360,1.0,WT|V106M|V106A
V106M,2,105,108,VAL,338,360,0.9388888888888889,WT|V106M|V106A
V106M,2,176,179,VAL,277,360,0.7694444444444445,WT|V106M|V106A
V106M,2,178,181,TYR,342,360,0.95,WT|V106M|V106A
V106M,2,185,188,TYR,358,360,0.9944444444444445,WT|V106M|V106A
V106M,2,187,190,GLY,331,360,0.9194444444444444,WT|V106M|V106A
V106M,2,220,223,LYS,1,360,0.002777777777777778,WT|V106M|V106A
V106M,2,222,225,PRO,261,360,0.725,WT|V106M|V106A
V106M,2,224,227,PHE,355,360,0.9861111111111112,WT|V106M|V106A
V106M,2,226,229,TRP,359,360,0.9972222222222222,WT|V106M|V106A
V106M,2,231,234,LEU,324,360,0.9,WT|V106M|V106A
V106M,2,233,236,PRO,208,360,0.5777777777777777,WT|V106M|V106A
V106M,2,315,318,TYR,360,360,1.0,WT|V106M|V106A
V106M,3,92,95,PRO,191,360,0.5305555555555556,WT|V106M|V106A
V106M,3,97,100,LEU,359,360,0.9972222222222222,WT|V106M|V106A
V106M,3,100,103,LYS,206,360,0.5722222222222222,WT|V106M|V106A
V106M,3,103,106,ALA,360,360,1.0,WT|V106M|V106A
V106M,3,105,108,VAL,246,360,0.6833333333333333,WT|V106M|V106A
V106M,3,176,179,VAL,299,360,0.8305555555555556,WT|V106M|V106A
V106M,3,178,181,TYR,360,360,1.0,WT|V106M|V106A
V106M,3,185,188,TYR,360,360,1.0,WT|V106M|V106A
V106M,3,187,190,GLY,183,360,0.5083333333333333,WT|V106M|V106A
V106M,3,220,223,LYS,2,360,0.005555555555555556,WT|V106M|V106A
V106M,3,222,225,PRO,278,360,0.7722222222222223,WT|V106M|V106A
V106M,3,224,227,PHE,334,360,0.9277777777777778,WT|V106M|V106A
V106M,3,226,229,TRP,358,360,0.9944444444444445,WT|V106M|V106A
V106M,3,231,234,LEU,317,360,0.8805555555555555,WT|V106M|V106A
V106M,3,233,236,PRO,237,360,0.6583333333333333,WT|V106M|V106A
V106M,3,315,318,TYR,358,360,0.9944444444444445,WT|V106M|V106A
WT,1,92,95,PRO,301,500,0.602,WT|V106M|V106A
WT,1,97,100,LEU,500,500,1.0,WT|V106M|V106A
WT,1,99,102,LYS,12,500,0.024,WT|V106M|V106A
WT,1,100,103,LYS,239,500,0.478,WT|V106M|V106A
WT,1,103,106,ALA,500,500,1.0,WT|V106M|V106A
WT,1,105,108,VAL,446,500,0.892,WT|V106M|V106A
WT,1,176,179,VAL,457,500,0.914,WT|V106M|V106A
WT,1,178,181,TYR,497,500,0.994,WT|V106M|V106A
WT,1,185,188,TYR,500,500,1.0,WT|V106M|V106A
WT,1,187,190,GLY,420,500,0.84,WT|V106M|V106A
WT,1,220,223,LYS,1,500,0.002,WT|V106M|V106A
WT,1,222,225,PRO,413,500,0.826,WT|V106M|V106A
WT,1,224,227,PHE,450,500,0.9,WT|V106M|V106A
WT,1,226,229,TRP,490,500,0.98,WT|V106M|V106A
WT,1,231,234,LEU,453,500,0.906,WT|V106M|V106A
WT,1,233,236,PRO,253,500,0.506,WT|V106M|V106A
WT,1,315,318,TYR,500,500,1.0,WT|V106M|V106A
WT,2,92,95,PRO,49,180,0.2722222222222222,WT|V106M|V106A
WT,2,94,97,PRO,10,180,0.05555555555555555,WT|V106M|V106A
WT,2,97,100,LEU,180,180,1.0,WT|V106M|V106A
WT,2,99,102,LYS,15,180,0.08333333333333333,WT|V106M|V106A
WT,2,100,103,LYS,109,180,0.6055555555555555,WT|V106M|V106A
WT,2,103,106,ALA,180,180,1.0,WT|V106M|V106A
WT,2,105,108,VAL,103,180,0.5722222222222222,WT|V106M|V106A
WT,2,176,179,VAL,138,180,0.7666666666666667,WT|V106M|V106A
WT,2,178,181,TYR,122,180,0.6777777777777778,WT|V106M|V106A
WT,2,185,188,TYR,114,180,0.6333333333333333,WT|V106M|V106A
WT,2,187,190,GLY,132,180,0.7333333333333333,WT|V106M|V106A
WT,2,222,225,PRO,108,180,0.6,WT|V106M|V106A
WT,2,224,227,PHE,177,180,0.9833333333333333,WT|V106M|V106A
WT,2,226,229,TRP,163,180,0.9055555555555556,WT|V106M|V106A
WT,2,231,234,LEU,164,180,0.9111111111111111,WT|V106M|V106A
WT,2,233,236,PRO,142,180,0.7888888888888889,WT|V106M|V106A
WT,2,315,318,TYR,180,180,1.0,WT|V106M|V106A
WT,3,92,95,PRO,110,180,0.6111111111111112,WT|V106M|V106A
WT,3,94,97,PRO,1,180,0.005555555555555556,WT|V106M|V106A
WT,3,97,100,LEU,166,180,0.9222222222222223,WT|V106M|V106A
WT,3,99,102,LYS,5,180,0.027777777777777776,WT|V106M|V106A
WT,3,100,103,LYS,125,180,0.6944444444444444,WT|V106M|V106A
WT,3,103,106,ALA,179,180,0.9944444444444445,WT|V106M|V106A
WT,3,105,108,VAL,139,180,0.7722222222222223,WT|V106M|V106A
WT,3,176,179,VAL,150,180,0.8333333333333334,WT|V106M|V106A
WT,3,178,181,TYR,179,180,0.9944444444444445,WT|V106M|V106A
WT,3,185,188,TYR,180,180,1.0,WT|V106M|V106A
WT,3,187,190,GLY,158,180,0.8777777777777778,WT|V106M|V106A
WT,3,220,223,LYS,1,180,0.005555555555555556,WT|V106M|V106A
WT,3,222,225,PRO,154,180,0.8555555555555555,WT|V106M|V106A
WT,3,224,227,PHE,166,180,0.9222222222222223,WT|V106M|V106A
WT,3,226,229,TRP,179,180,0.9944444444444445,WT|V106M|V106A
WT,3,231,234,LEU,168,180,0.9333333333333333,WT|V106M|V106A
WT,3,233,236,PRO,96,180,0.5333333333333333,WT|V106M|V106A
WT,3,315,318,TYR,179,180,0.9944444444444445,WT|V106M|V106A
G190A,1,92,95,PRO,38,180,0.2111111111111111,WT|G190A|G190E
G190A,1,94,97,PRO,5,180,0.027777777777777776,WT|G190A|G190E
G190A,1,97,100,LEU,173,180,0.9611111111111111,WT|G190A|G190E
G190A,1,99,102,LYS,4,180,0.022222222222222223,WT|G190A|G190E
G190A,1,100,103,LYS,52,180,0.28888888888888886,WT|G190A|G190E
G190A,1,103,106,VAL,180,180,1.0,WT|G190A|G190E
G190A,1,105,108,VAL,117,180,0.65,WT|G190A|G190E
G190A,1,176,179,VAL,136,180,0.7555555555555555,WT|G190A|G190E
G190A,1,178,181,TYR,141,180,0.7833333333333333,WT|G190A|G190E
G190A,1,185,188,TYR,149,180,0.8277777777777777,WT|G190A|G190E
G190A,1,186,189,VAL,2,180,0.011111111111111112,WT|G190A|G190E
G190A,1,187,190,ALA,179,180,0.9944444444444445,WT|G190A|G190E
G190A,1,220,223,LYS,5,180,0.027777777777777776,WT|G190A|G190E
G190A,1,222,225,PRO,118,180,0.6555555555555556,WT|G190A|G190E
G190A,1,224,227,PHE,168,180,0.9333333333333333,WT|G190A|G190E
G190A,1,226,229,TRP,170,180,0.9444444444444444,WT|G190A|G190E
G190A,1,231,234,LEU,161,180,0.8944444444444445,WT|G190A|G190E
G190A,1,233,236,PRO,135,180,0.75,WT|G190A|G190E
G190A,1,315,318,TYR,172,180,0.9555555555555556,WT|G190A|G190E
G190A,2,92,95,PRO,88,180,0.4888888888888889,WT|G190A|G190E
G190A,2,94,97,PRO,1,180,0.005555555555555556,WT|G190A|G190E
G190A,2,97,100,LEU,145,180,0.8055555555555556,WT|G190A|G190E
G190A,2,99,102,LYS,4,180,0.022222222222222223,WT|G190A|G190E
G190A,2,100,103,LYS,102,180,0.5666666666666667,WT|G190A|G190E
G190A,2,103,106,VAL,180,180,1.0,WT|G190A|G190E
G190A,2,105,108,VAL,134,180,0.7444444444444445,WT|G190A|G190E
G190A,2,176,179,VAL,156,180,0.8666666666666667,WT|G190A|G190E
G190A,2,178,181,TYR,178,180,0.9888888888888889,WT|G190A|G190E
G190A,2,180,183,TYR,3,180,0.016666666666666666,WT|G190A|G190E
G190A,2,185,188,TYR,178,180,0.9888888888888889,WT|G190A|G190E
G190A,2,186,189,VAL,13,180,0.07222222222222222,WT|G190A|G190E
G190A,2,187,190,ALA,180,180,1.0,WT|G190A|G190E
G190A,2,220,223,LYS,1,180,0.005555555555555556,WT|G190A|G190E
G190A,2,222,225,PRO,78,180,0.43333333333333335,WT|G190A|G190E
G190A,2,224,227,PHE,156,180,0.8666666666666667,WT|G190A|G190E
G190A,2,226,229,TRP,160,180,0.8888888888888888,WT|G190A|G190E
G190A,2,231,234,LEU,125,180,0.6944444444444444,WT|G190A|G190E
G190A,2,233,236,PRO,70,180,0.3888888888888889,WT|G190A|G190E
G190A,2,315,318,TYR,137,180,0.7611111111111111,WT|G190A|G190E
G190A,3,92,95,PRO,78,180,0.43333333333333335,WT|G190A|G190E
G190A,3,97,100,LEU,175,180,0.9722222222222222,WT|G190A|G190E
G190A,3,98,101,LYS,1,180,0.005555555555555556,WT|G190A|G190E
G190A,3,99,102,LYS,2,180,0.011111111111111112,WT|G190A|G190E
G190A,3,100,103,LYS,73,180,0.40555555555555556,WT|G190A|G190E
G190A,3,103,106,VAL,180,180,1.0,WT|G190A|G190E
G190A,3,105,108,VAL,119,180,0.6611111111111111,WT|G190A|G190E
G190A,3,176,179,VAL,163,180,0.9055555555555556,WT|G190A|G190E
G190A,3,178,181,TYR,177,180,0.9833333333333333,WT|G190A|G190E
G190A,3,185,188,TYR,180,180,1.0,WT|G190A|G190E
G190A,3,187,190,ALA,180,180,1.0,WT|G190A|G190E
G190A,3,220,223,LYS,3,180,0.016666666666666666,WT|G190A|G190E
G190A,3,222,225,PRO,108,180,0.6,WT|G190A|G190E
G190A,3,224,227,PHE,169,180,0.9388888888888889,WT|G190A|G190E
G190A,3,226,229,TRP,172,180,0.9555555555555556,WT|G190A|G190E
G190A,3,231,234,LEU,145,180,0.8055555555555556,WT|G190A|G190E
G190A,3,233,236,PRO,67,180,0.37222222222222223,WT|G190A|G190E
G190A,3,315,318,TYR,173,180,0.9611111111111111,WT|G190A|G190E
G190E,1,92,95,PRO,80,180,0.4444444444444444,WT|G190A|G190E
G190E,1,97,100,LEU,122,180,0.6777777777777778,WT|G190A|G190E
G190E,1,100,103,LYS,76,180,0.4222222222222222,WT|G190A|G190E
G190E,1,101,104,LYS,4,180,0.022222222222222223,WT|G190A|G190E
G190E,1,102,105,SER,41,180,0.22777777777777777,WT|G190A|G190E
G190E,1,103,106,VAL,180,180,1.0,WT|G190A|G190E
G190E,1,105,108,VAL,142,180,0.7888888888888889,WT|G190A|G190E
G190E,1,178,181,TYR,180,180,1.0,WT|G190A|G190E
G190E,1,183,186,ASP,8,180,0.044444444444444446,WT|G190A|G190E
G190E,1,185,188,TYR,172,180,0.9555555555555556,WT|G190A|G190E
G190E,1,187,190,ALA,148,180,0.8222222222222222,WT|G190A|G190E
G190E,1,220,223,LYS,17,180,0.09444444444444444,WT|G190A|G190E
G190E,1,222,225,PRO,87,180,0.48333333333333334,WT|G190A|G190E
G190E,1,224,227,PHE,171,180,0.95,WT|G190A|G190E
G190E,1,226,229,TRP,108,180,0.6,WT|G190A|G190E
G190E,1,231,234,LEU,93,180,0.5166666666666667,WT|G190A|G190E
G190E,1,233,236,PRO,89,180,0.49444444444444446,WT|G190A|G190E
G190E,1,315,318,TYR,106,180,0.5888888888888889,WT|G190A|G190E
G190E,2,92,95,PRO,7,180,0.03888888888888889,WT|G190A|G190E
G190E,2,97,100,LEU,146,180,0.8111111111111111,WT|G190A|G190E
G190E,2,99,102,LYS,1,180,0.005555555555555556,WT|G190A|G190E
G190E,2,100,103,LYS,125,180,0.6944444444444444,WT|G190A|G190E
G190E,2,102,105,SER,11,180,0.06111111111111111,WT|G190A|G190E
G190E,2,103,106,VAL,179,180,0.9944444444444445,WT|G190A|G190E
G190E,2,105,108,VAL,167,180,0.9277777777777778,WT|G190A|G190E
G190E,2,131,134,SER,1,180,0.005555555555555556,WT|G190A|G190E
G190E,2,176,179,VAL,21,180,0.11666666666666667,WT|G190A|G190E
G190E,2,178,181,TYR,54,180,0.3,WT|G190A|G190E
G190E,2,185,188,TYR,168,180,0.9333333333333333,WT|G190A|G190E
G190E,2,187,190,ALA,171,180,0.95,WT|G190A|G190E
G190E,2,220,223,LYS,3,180,0.016666666666666666,WT|G190A|G190E
G190E,2,221,224,GLU,1,180,0.005555555555555556,WT|G190A|G190E
G190E,2,222,225,PRO,159,180,0.8833333333333333,WT|G190A|G190E
G190E,2,224,227,PHE,174,180,0.9666666666666667,WT|G190A|G190E
G190E,2,226,229,TRP,71,180,0.39444444444444443,WT|G190A|G190E
G190E,2,231,234,LEU,153,180,0.85,WT|G190A|G190E
G190E,2,233,236,PRO,150,180,0.8333333333333334,WT|G190A|G190E
G190E,2,315,318,TYR,142,180,0.7888888888888889,WT|G190A|G190E
G190E,3,92,95,PRO,75,139,0.539568345323741,WT|G190A|G190E
G190E,3,97,100,LEU,134,139,0.9640287769784173,WT|G190A|G190E
G190E,3,100,103,LYS,99,139,0.7122302158273381,WT|G190A|G190E
G190E,3,103,106,VAL,139,139,1.0,WT|G190A|G190E
G190E,3,105,108,VAL,101,139,0.7266187050359713,WT|G190A|G190E
G190E,3,178,181,TYR,124,139,0.8920863309352518,WT|G190A|G190E
G190E,3,185,188,TYR,125,139,0.8992805755395683,WT|G190A|G190E
G190E,3,187,190,ALA,121,139,0.8705035971223022,WT|G190A|G190E
G190E,3,220,223,LYS,5,139,0.03597122302158273,WT|G190A|G190E
G190E,3,222,225,PRO,46,139,0.33093525179856115,WT|G190A|G190E
G190E,3,224,227,PHE,134,139,0.9640287769784173,WT|G190A|G190E
G190E,3,226,229,TRP,137,139,0.9856115107913669,WT|G190A|G190E
G190E,3,231,234,LEU,127,139,0.9136690647482014,WT|G190A|G190E
G190E,3,233,236,PRO,88,139,0.6330935251798561,WT|G190A|G190E
G190E,3,315,318,TYR,137,139,0.9856115107913669,WT|G190A|G190E
WT,1,92,95,PRO,301,500,0.602,WT|G190A|G190E
WT,1,97,100,LEU,500,500,1.0,WT|G190A|G190E
WT,1,99,102,LYS,12,500,0.024,WT|G190A|G190E
WT,1,100,103,LYS,239,500,0.478,WT|G190A|G190E
WT,1,103,106,VAL,500,500,1.0,WT|G190A|G190E
WT,1,105,108,VAL,446,500,0.892,WT|G190A|G190E
WT,1,176,179,VAL,457,500,0.914,WT|G190A|G190E
WT,1,178,181,TYR,497,500,0.994,WT|G190A|G190E
WT,1,185,188,TYR,500,500,1.0,WT|G190A|G190E
WT,1,187,190,ALA,420,500,0.84,WT|G190A|G190E
WT,1,220,223,LYS,1,500,0.002,WT|G190A|G190E
WT,1,222,225,PRO,413,500,0.826,WT|G190A|G190E
WT,1,224,227,PHE,450,500,0.9,WT|G190A|G190E
WT,1,226,229,TRP,490,500,0.98,WT|G190A|G190E
WT,1,231,234,LEU,453,500,0.906,WT|G190A|G190E
WT,1,233,236,PRO,253,500,0.506,WT|G190A|G190E
WT,1,315,318,TYR,500,500,1.0,WT|G190A|G190E
WT,2,92,95,PRO,49,180,0.2722222222222222,WT|G190A|G190E
WT,2,94,97,PRO,10,180,0.05555555555555555,WT|G190A|G190E
WT,2,97,100,LEU,180,180,1.0,WT|G190A|G190E
WT,2,99,102,LYS,15,180,0.08333333333333333,WT|G190A|G190E
WT,2,100,103,LYS,109,180,0.6055555555555555,WT|G190A|G190E
WT,2,103,106,VAL,180,180,1.0,WT|G190A|G190E
WT,2,105,108,VAL,103,180,0.5722222222222222,WT|G190A|G190E
WT,2,176,179,VAL,138,180,0.7666666666666667,WT|G190A|G190E
WT,2,178,181,TYR,122,180,0.6777777777777778,WT|G190A|G190E
WT,2,185,188,TYR,114,180,0.6333333333333333,WT|G190A|G190E
WT,2,187,190,ALA,132,180,0.7333333333333333,WT|G190A|G190E
WT,2,222,225,PRO,108,180,0.6,WT|G190A|G190E
WT,2,224,227,PHE,177,180,0.9833333333333333,WT|G190A|G190E
WT,2,226,229,TRP,163,180,0.9055555555555556,WT|G190A|G190E
WT,2,231,234,LEU,164,180,0.9111111111111111,WT|G190A|G190E
WT,2,233,236,PRO,142,180,0.7888888888888889,WT|G190A|G190E
WT,2,315,318,TYR,180,180,1.0,WT|G190A|G190E
WT,3,92,95,PRO,110,180,0.6111111111111112,WT|G190A|G190E
WT,3,94,97,PRO,1,180,0.005555555555555556,WT|G190A|G190E
WT,3,97,100,LEU,166,180,0.9222222222222223,WT|G190A|G190E
WT,3,99,102,LYS,5,180,0.027777777777777776,WT|G190A|G190E
WT,3,100,103,LYS,125,180,0.6944444444444444,WT|G190A|G190E
WT,3,103,106,VAL,179,180,0.9944444444444445,WT|G190A|G190E
WT,3,105,108,VAL,139,180,0.7722222222222223,WT|G190A|G190E
WT,3,176,179,VAL,150,180,0.8333333333333334,WT|G190A|G190E
WT,3,178,181,TYR,179,180,0.9944444444444445,WT|G190A|G190E
WT,3,185,188,TYR,180,180,1.0,WT|G190A|G190E
WT,3,187,190,ALA,158,180,0.8777777777777778,WT|G190A|G190E
WT,3,220,223,LYS,1,180,0.005555555555555556,WT|G190A|G190E
WT,3,222,225,PRO,154,180,0.8555555555555555,WT|G190A|G190E
WT,3,224,227,PHE,166,180,0.9222222222222223,WT|G190A|G190E
WT,3,226,229,TRP,179,180,0.9944444444444445,WT|G190A|G190E
WT,3,231,234,LEU,168,180,0.9333333333333333,WT|G190A|G190E
WT,3,233,236,PRO,96,180,0.5333333333333333,WT|G190A|G190E
WT,3,315,318,TYR,179,180,0.9944444444444445,WT|G190A|G190E
K103N,1,92,95,PRO,47,180,0.2611111111111111,WT|K103N|K103N+P225H
K103N,1,94,97,PRO,2,180,0.011111111111111112,WT|K103N|K103N+P225H
K103N,1,97,100,LEU,133,180,0.7388888888888889,WT|K103N|K103N+P225H
K103N,1,100,103,ASN,173,180,0.9611111111111111,WT|K103N|K103N+P225H
K103N,1,103,106,VAL,180,180,1.0,WT|K103N|K103N+P225H
K103N,1,105,108,VAL,130,180,0.7222222222222222,WT|K103N|K103N+P225H
K103N,1,176,179,VAL,107,180,0.5944444444444444,WT|K103N|K103N+P225H
K103N,1,178,181,TYR,115,180,0.6388888888888888,WT|K103N|K103N+P225H
K103N,1,185,188,TYR,174,180,0.9666666666666667,WT|K103N|K103N+P225H
K103N,1,186,189,VAL,6,180,0.03333333333333333,WT|K103N|K103N+P225H
K103N,1,187,190,GLY,173,180,0.9611111111111111,WT|K103N|K103N+P225H
K103N,1,220,223,LYS,13,180,0.07222222222222222,WT|K103N|K103N+P225H
K103N,1,222,225,PRO,156,180,0.8666666666666667,WT|K103N|K103N+P225H
K103N,1,224,227,PHE,172,180,0.9555555555555556,WT|K103N|K103N+P225H
K103N,1,226,229,TRP,124,180,0.6888888888888889,WT|K103N|K103N+P225H
K103N,1,231,234,LEU,143,180,0.7944444444444444,WT|K103N|K103N+P225H
K103N,1,233,236,PRO,136,180,0.7555555555555555,WT|K103N|K103N+P225H
K103N,1,315,318,TYR,141,180,0.7833333333333333,WT|K103N|K103N+P225H
K103N,2,92,95,PRO,59,180,0.3277777777777778,WT|K103N|K103N+P225H
K103N,2,94,97,PRO,2,180,0.011111111111111112,WT|K103N|K103N+P225H
K103N,2,97,100,LEU,173,180,0.9611111111111111,WT|K103N|K103N+P225H
K103N,2,98,101,LYS,1,180,0.005555555555555556,WT|K103N|K103N+P225H
K103N,2,99,102,LYS,3,180,0.016666666666666666,WT|K103N|K103N+P225H
K103N,2,100,103,ASN,159,180,0.8833333333333333,WT|K103N|K103N+P225H
K103N,2,103,106,VAL,180,180,1.0,WT|K103N|K103N+P225H
K103N,2,105,108,VAL,111,180,0.6166666666666667,WT|K103N|K103N+P225H
K103N,2,176,179,VAL,124,180,0.6888888888888889,WT|K103N|K103N+P225H
K103N,2,178,181,TYR,137,180,0.7611111111111111,WT|K103N|K103N+P225H
K103N,2,180,183,TYR,2,180,0.011111111111111112,WT|K103N|K103N+P225H
K103N,2,185,188,TYR,149,180,0.8277777777777777,WT|K103N|K103N+P225H
K103N,2,187,190,GLY,173,180,0.9611111111111111,WT|K103N|K103N+P225H
K103N,2,220,223,LYS,1,180,0.005555555555555556,WT|K103N|K103N+P225H
K103N,2,222,225,PRO,143,180,0.7944444444444444,WT|K103N|K103N+P225H
K103N,2,224,227,PHE,161,180,0.8944444444444445,WT|K103N|K103N+P225H
K103N,2,226,229,TRP,165,180,0.9166666666666666,WT|K103N|K103N+P225H
K103N,2,231,234,LEU,154,180,0.8555555555555555,WT|K103N|K103N+P225H
K103N,2,232,235,HIS,1,180,0.005555555555555556,WT|K103N|K103N+P225H
K103N,2,233,236,PRO,119,180,0.6611111111111111,WT|K103N|K103N+P225H
K103N,2,315,318,TYR,167,180,0.9277777777777778,WT|K103N|K103N+P225H
K103N,3,92,95,PRO,56,180,0.3111111111111111,WT|K103N|K103N+P225H
K103N,3,97,100,LEU,173,180,0.9611111111111111,WT|K103N|K103N+P225H
K103N,3,99,102,LYS,1,180,0.005555555555555556,WT|K103N|K103N+P225H
K103N,3,100,103,ASN,161,180,0.8944444444444445,WT|K103N|K103N+P225H
K103N,3,103,106,VAL,180,180,1.0,WT|K103N|K103N+P225H
K103N,3,105,108,VAL,116,180,0.6444444444444445,WT|K103N|K103N+P225H
K103N,3,176,179,VAL,166,180,0.9222222222222223,WT|K103N|K103N+P225H
K103N,3,178,181,TYR,179,180,0.9944444444444445,WT|K103N|K103N+P225H
K103N,3,185,188,TYR,180,180,1.0,WT|K103N|K103N+P225H
K103N,3,187,190,GLY,153,180,0.85,WT|K103N|K103N+P225H
K103N,3,220,223,LYS,13,180,0.07222222222222222,WT|K103N|K103N+P225H
K103N,3,222,225,PRO,121,180,0.6722222222222223,WT|K103N|K103N+P225H
K103N,3,224,227,PHE,176,180,0.9777777777777777,WT|K103N|K103N+P225H
K103N,3,226,229,TRP,179,180,0.9944444444444445,WT|K103N|K103N+P225H
K103N,3,231,234,LEU,166,180,0.9222222222222223,WT|K103N|K103N+P225H
K103N,3,233,236,PRO,107,180,0.5944444444444444,WT|K103N|K103N+P225H
K103N,3,315,318,TYR,179,180,0.9944444444444445,WT|K103N|K103N+P225H
K103N+P225H,1,92,95,PRO,63,129,0.4883720930232558,WT|K103N|K103N+P225H
K103N+P225H,1,97,100,LEU,121,129,0.937984496124031,WT|K103N|K103N+P225H
K103N+P225H,1,99,102,LYS,1,129,0.007751937984496124,WT|K103N|K103N+P225H
K103N+P225H,1,100,103,ASN,116,129,0.8992248062015504,WT|K103N|K103N+P225H
K103N+P225H,1,103,106,VAL,129,129,1.0,WT|K103N|K103N+P225H
K103N+P225H,1,105,108,VAL,70,129,0.5426356589147286,WT|K103N|K103N+P225H
K103N+P225H,1,176,179,VAL,118,129,0.9147286821705426,WT|K103N|K103N+P225H
K103N+P225H,1,178,181,TYR,107,129,0.8294573643410853,WT|K103N|K103N+P225H
K103N+P225H,1,185,188,TYR,129,129,1.0,WT|K103N|K103N+P225H
K103N+P225H,1,187,190,GLY,94,129,0.7286821705426356,WT|K103N|K103N+P225H
K103N+P225H,1,220,223,LYS,5,129,0.03875968992248062,WT|K103N|K103N+P225H
K103N+P225H,1,222,225,PRO,61,129,0.4728682170542636,WT|K103N|K103N+P225H
K103N+P225H,1,224,227,PHE,120,129,0.9302325581395349,WT|K103N|K103N+P225H
K103N+P225H,1,226,229,TRP,127,129,0.9844961240310077,WT|K103N|K103N+P225H
K103N+P225H,1,231,234,LEU,120,129,0.9302325581395349,WT|K103N|K103N+P225H
K103N+P225H,1,233,236,PRO,60,129,0.46511627906976744,WT|K103N|K103N+P225H
K103N+P225H,1,315,318,TYR,129,129,1.0,WT|K103N|K103N+P225H
K103N+P225H,2,92,95,PRO,217,360,0.6027777777777777,WT|K103N|K103N+P225H
K103N+P225H,2,94,97,PRO,2,360,0.005555555555555556,WT|K103N|K103N+P225H
K103N+P225H,2,97,100,LEU,353,360,0.9805555555555555,WT|K103N|K103N+P225H
K103N+P225H,2,99,102,LYS,46,360,0.12777777777777777,WT|K103N|K103N+P225H
K103N+P225H,2,100,103,ASN,304,360,0.8444444444444444,WT|K103N|K103N+P225H
K103N+P225H,2,103,106,VAL,360,360,1.0,WT|K103N|K103N+P225H
K103N+P225H,2,105,108,VAL,307,360,0.8527777777777777,WT|K103N|K103N+P225H
K103N+P225H,2,176,179,VAL,192,360,0.5333333333333333,WT|K103N|K103N+P225H
K103N+P225H,2,178,181,TYR,359,360,0.9972222222222222,WT|K103N|K103N+P225H
K103N+P225H,2,185,188,TYR,360,360,1.0,WT|K103N|K103N+P225H
K103N+P225H,2,187,190,GLY,345,360,0.9583333333333334,WT|K103N|K103N+P225H
K103N+P225H,2,220,223,LYS,22,360,0.06111111111111111,WT|K103N|K103N+P225H
K103N+P225H,2,222,225,PRO,263,360,0.7305555555555555,WT|K103N|K103N+P225H
K103N+P225H,2,224,227,PHE,320,360,0.8888888888888888,WT|K103N|K103N+P225H
K103N+P225H,2,226,229,TRP,359,360,0.9972222222222222,WT|K103N|K103N+P225H
K103N+P225H,2,231,234,LEU,338,360,0.9388888888888889,WT|K103N|K103N+P225H
K103N+P225H,2,233,236,PRO,177,360,0.49166666666666664,WT|K103N|K103N+P225H
K103N+P225H,2,315,318,TYR,358,360,0.9944444444444445,WT|K103N|K103N+P225H
K103N+P225H,3,92,95,PRO,117,360,0.325,WT|K103N|K103N+P225H
K103N+P225H,3,94,97,PRO,2,360,0.005555555555555556,WT|K103N|K103N+P225H
K103N+P225H,3,97,100,LEU,354,360,0.9833333333333333,WT|K103N|K103N+P225H
K103N+P225H,3,99,102,LYS,1,360,0.002777777777777778,WT|K103N|K103N+P225H
K103N+P225H,3,100,103,ASN,304,360,0.8444444444444444,WT|K103N|K103N+P225H
K103N+P225H,3,103,106,VAL,360,360,1.0,WT|K103N|K103N+P225H
K103N+P225H,3,105,108,VAL,302,360,0.8388888888888889,WT|K103N|K103N+P225H
K103N+P225H,3,176,179,VAL,278,360,0.7722222222222223,WT|K103N|K103N+P225H
K103N+P225H,3,178,181,TYR,356,360,0.9888888888888889,WT|K103N|K103N+P225H
K103N+P225H,3,185,188,TYR,360,360,1.0,WT|K103N|K103N+P225H
K103N+P225H,3,187,190,GLY,319,360,0.8861111111111111,WT|K103N|K103N+P225H
K103N+P225H,3,220,223,LYS,1,360,0.002777777777777778,WT|K103N|K103N+P225H
K103N+P225H,3,222,225,PRO,261,360,0.725,WT|K103N|K103N+P225H
K103N+P225H,3,224,227,PHE,308,360,0.8555555555555555,WT|K103N|K103N+P225H
K103N+P225H,3,226,229,TRP,357,360,0.9916666666666667,WT|K103N|K103N+P225H
K103N+P225H,3,231,234,LEU,334,360,0.9277777777777778,WT|K103N|K103N+P225H
K103N+P225H,3,233,236,PRO,222,360,0.6166666666666667,WT|K103N|K103N+P225H
K103N+P225H,3,315,318,TYR,360,360,1.0,WT|K103N|K103N+P225H
WT,1,92,95,PRO,301,500,0.602,WT|K103N|K103N+P225H
WT,1,97,100,LEU,500,500,1.0,WT|K103N|K103N+P225H
WT,1,99,102,LYS,12,500,0.024,WT|K103N|K103N+P225H
WT,1,100,103,ASN,239,500,0.478,WT|K103N|K103N+P225H
WT,1,103,106,VAL,500,500,1.0,WT|K103N|K103N+P225H
WT,1,105,108,VAL,446,500,0.892,WT|K103N|K103N+P225H
WT,1,176,179,VAL,457,500,0.914,WT|K103N|K103N+P225H
WT,1,178,181,TYR,497,500,0.994,WT|K103N|K103N+P225H
WT,1,185,188,TYR,500,500,1.0,WT|K103N|K103N+P225H
WT,1,187,190,GLY,420,500,0.84,WT|K103N|K103N+P225H
WT,1,220,223,LYS,1,500,0.002,WT|K103N|K103N+P225H
WT,1,222,225,PRO,413,500,0.826,WT|K103N|K103N+P225H
WT,1,224,227,PHE,450,500,0.9,WT|K103N|K103N+P225H
WT,1,226,229,TRP,490,500,0.98,WT|K103N|K103N+P225H
WT,1,231,234,LEU,453,500,0.906,WT|K103N|K103N+P225H
WT,1,233,236,PRO,253,500,0.506,WT|K103N|K103N+P225H
WT,1,315,318,TYR,500,500,1.0,WT|K103N|K103N+P225H
WT,2,92,95,PRO,49,180,0.2722222222222222,WT|K103N|K103N+P225H
WT,2,94,97,PRO,10,180,0.05555555555555555,WT|K103N|K103N+P225H
WT,2,97,100,LEU,180,180,1.0,WT|K103N|K103N+P225H
WT,2,99,102,LYS,15,180,0.08333333333333333,WT|K103N|K103N+P225H
WT,2,100,103,ASN,109,180,0.6055555555555555,WT|K103N|K103N+P225H
WT,2,103,106,VAL,180,180,1.0,WT|K103N|K103N+P225H
WT,2,105,108,VAL,103,180,0.5722222222222222,WT|K103N|K103N+P225H
WT,2,176,179,VAL,138,180,0.7666666666666667,WT|K103N|K103N+P225H
WT,2,178,181,TYR,122,180,0.6777777777777778,WT|K103N|K103N+P225H
WT,2,185,188,TYR,114,180,0.6333333333333333,WT|K103N|K103N+P225H
WT,2,187,190,GLY,132,180,0.7333333333333333,WT|K103N|K103N+P225H
WT,2,222,225,PRO,108,180,0.6,WT|K103N|K103N+P225H
WT,2,224,227,PHE,177,180,0.9833333333333333,WT|K103N|K103N+P225H
WT,2,226,229,TRP,163,180,0.9055555555555556,WT|K103N|K103N+P225H
WT,2,231,234,LEU,164,180,0.9111111111111111,WT|K103N|K103N+P225H
WT,2,233,236,PRO,142,180,0.7888888888888889,WT|K103N|K103N+P225H
WT,2,315,318,TYR,180,180,1.0,WT|K103N|K103N+P225H
WT,3,92,95,PRO,110,180,0.6111111111111112,WT|K103N|K103N+P225H
WT,3,94,97,PRO,1,180,0.005555555555555556,WT|K103N|K103N+P225H
WT,3,97,100,LEU,166,180,0.9222222222222223,WT|K103N|K103N+P225H
WT,3,99,102,LYS,5,180,0.027777777777777776,WT|K103N|K103N+P225H
WT,3,100,103,ASN,125,180,0.6944444444444444,WT|K103N|K103N+P225H
WT,3,103,106,VAL,179,180,0.9944444444444445,WT|K103N|K103N+P225H
WT,3,105,108,VAL,139,180,0.7722222222222223,WT|K103N|K103N+P225H
WT,3,176,179,VAL,150,180,0.8333333333333334,WT|K103N|K103N+P225H
WT,3,178,181,TYR,179,180,0.9944444444444445,WT|K103N|K103N+P225H
WT,3,185,188,TYR,180,180,1.0,WT|K103N|K103N+P225H
WT,3,187,190,GLY,158,180,0.8777777777777778,WT|K103N|K103N+P225H
WT,3,220,223,LYS,1,180,0.005555555555555556,WT|K103N|K103N+P225H
WT,3,222,225,PRO,154,180,0.8555555555555555,WT|K103N|K103N+P225H
WT,3,224,227,PHE,166,180,0.9222222222222223,WT|K103N|K103N+P225H
WT,3,226,229,TRP,179,180,0.9944444444444445,WT|K103N|K103N+P225H
WT,3,231,234,LEU,168,180,0.9333333333333333,WT|K103N|K103N+P225H
WT,3,233,236,PRO,96,180,0.5333333333333333,WT|K103N|K103N+P225H
WT,3,315,318,TYR,179,180,0.9944444444444445,WT|K103N|K103N+P225H
K103N,1,92,95,PRO,47,180,0.2611111111111111,WT|K103N|K103N+M230L
K103N,1,94,97,PRO,2,180,0.011111111111111112,WT|K103N|K103N+M230L
K103N,1,97,100,LEU,133,180,0.7388888888888889,WT|K103N|K103N+M230L
K103N,1,100,103,ASN,173,180,0.9611111111111111,WT|K103N|K103N+M230L
K103N,1,103,106,VAL,180,180,1.0,WT|K103N|K103N+M230L
K103N,1,105,108,VAL,130,180,0.7222222222222222,WT|K103N|K103N+M230L
K103N,1,176,179,VAL,107,180,0.5944444444444444,WT|K103N|K103N+M230L
K103N,1,178,181,TYR,115,180,0.6388888888888888,WT|K103N|K103N+M230L
K103N,1,185,188,TYR,174,180,0.9666666666666667,WT|K103N|K103N+M230L
K103N,1,186,189,VAL,6,180,0.03333333333333333,WT|K103N|K103N+M230L
K103N,1,187,190,GLY,173,180,0.9611111111111111,WT|K103N|K103N+M230L
K103N,1,220,223,LYS,13,180,0.07222222222222222,WT|K103N|K103N+M230L
K103N,1,222,225,PRO,156,180,0.8666666666666667,WT|K103N|K103N+M230L
K103N,1,224,227,PHE,172,180,0.9555555555555556,WT|K103N|K103N+M230L
K103N,1,226,229,TRP,124,180,0.6888888888888889,WT|K103N|K103N+M230L
K103N,1,231,234,LEU,143,180,0.7944444444444444,WT|K103N|K103N+M230L
K103N,1,233,236,PRO,136,180,0.7555555555555555,WT|K103N|K103N+M230L
K103N,1,315,318,TYR,141,180,0.7833333333333333,WT|K103N|K103N+M230L
K103N,2,92,95,PRO,59,180,0.3277777777777778,WT|K103N|K103N+M230L
K103N,2,94,97,PRO,2,180,0.011111111111111112,WT|K103N|K103N+M230L
K103N,2,97,100,LEU,173,180,0.9611111111111111,WT|K103N|K103N+M230L
K103N,2,98,101,LYS,1,180,0.005555555555555556,WT|K103N|K103N+M230L
K103N,2,99,102,LYS,3,180,0.016666666666666666,WT|K103N|K103N+M230L
K103N,2,100,103,ASN,159,180,0.8833333333333333,WT|K103N|K103N+M230L
K103N,2,103,106,VAL,180,180,1.0,WT|K103N|K103N+M230L
K103N,2,105,108,VAL,111,180,0.6166666666666667,WT|K103N|K103N+M230L
K103N,2,176,179,VAL,124,180,0.6888888888888889,WT|K103N|K103N+M230L
K103N,2,178,181,TYR,137,180,0.7611111111111111,WT|K103N|K103N+M230L
K103N,2,180,183,TYR,2,180,0.011111111111111112,WT|K103N|K103N+M230L
K103N,2,185,188,TYR,149,180,0.8277777777777777,WT|K103N|K103N+M230L
K103N,2,187,190,GLY,173,180,0.9611111111111111,WT|K103N|K103N+M230L
K103N,2,220,223,LYS,1,180,0.005555555555555556,WT|K103N|K103N+M230L
K103N,2,222,225,PRO,143,180,0.7944444444444444,WT|K103N|K103N+M230L
K103N,2,224,227,PHE,161,180,0.8944444444444445,WT|K103N|K103N+M230L
K103N,2,226,229,TRP,165,180,0.9166666666666666,WT|K103N|K103N+M230L
K103N,2,231,234,LEU,154,180,0.8555555555555555,WT|K103N|K103N+M230L
K103N,2,232,235,HIS,1,180,0.005555555555555556,WT|K103N|K103N+M230L
K103N,2,233,236,PRO,119,180,0.6611111111111111,WT|K103N|K103N+M230L
K103N,2,315,318,TYR,167,180,0.9277777777777778,WT|K103N|K103N+M230L
K103N,3,92,95,PRO,56,180,0.3111111111111111,WT|K103N|K103N+M230L
K103N,3,97,100,LEU,173,180,0.9611111111111111,WT|K103N|K103N+M230L
K103N,3,99,102,LYS,1,180,0.005555555555555556,WT|K103N|K103N+M230L
K103N,3,100,103,ASN,161,180,0.8944444444444445,WT|K103N|K103N+M230L
K103N,3,103,106,VAL,180,180,1.0,WT|K103N|K103N+M230L
K103N,3,105,108,VAL,116,180,0.6444444444444445,WT|K103N|K103N+M230L
K103N,3,176,179,VAL,166,180,0.9222222222222223,WT|K103N|K103N+M230L
K103N,3,178,181,TYR,179,180,0.9944444444444445,WT|K103N|K103N+M230L
K103N,3,185,188,TYR,180,180,1.0,WT|K103N|K103N+M230L
K103N,3,187,190,GLY,153,180,0.85,WT|K103N|K103N+M230L
K103N,3,220,223,LYS,13,180,0.07222222222222222,WT|K103N|K103N+M230L
K103N,3,222,225,PRO,121,180,0.6722222222222223,WT|K103N|K103N+M230L
K103N,3,224,227,PHE,176,180,0.9777777777777777,WT|K103N|K103N+M230L
K103N,3,226,229,TRP,179,180,0.9944444444444445,WT|K103N|K103N+M230L
K103N,3,231,234,LEU,166,180,0.9222222222222223,WT|K103N|K103N+M230L
K103N,3,233,236,PRO,107,180,0.5944444444444444,WT|K103N|K103N+M230L
K103N,3,315,318,TYR,179,180,0.9944444444444445,WT|K103N|K103N+M230L
K103N+M230L,1,92,95,PRO,82,196,0.41836734693877553,WT|K103N|K103N+M230L
K103N+M230L,1,97,100,LEU,171,196,0.8724489795918368,WT|K103N|K103N+M230L
K103N+M230L,1,99,102,LYS,3,196,0.015306122448979591,WT|K103N|K103N+M230L
K103N+M230L,1,100,103,ASN,186,196,0.9489795918367347,WT|K103N|K103N+M230L
K103N+M230L,1,102,105,SER,4,196,0.02040816326530612,WT|K103N|K103N+M230L
K103N+M230L,1,103,106,VAL,196,196,1.0,WT|K103N|K103N+M230L
K103N+M230L,1,105,108,VAL,104,196,0.5306122448979592,WT|K103N|K103N+M230L
K103N+M230L,1,176,179,VAL,169,196,0.8622448979591837,WT|K103N|K103N+M230L
K103N+M230L,1,178,181,TYR,196,196,1.0,WT|K103N|K103N+M230L
K103N+M230L,1,185,188,TYR,196,196,1.0,WT|K103N|K103N+M230L
K103N+M230L,1,186,189,VAL,25,196,0.12755102040816327,WT|K103N|K103N+M230L
K103N+M230L,1,187,190,GLY,159,196,0.8112244897959183,WT|K103N|K103N+M230L
K103N+M230L,1,220,223,LYS,1,196,0.00510204081632653,WT|K103N|K103N+M230L
K103N+M230L,1,222,225,PRO,132,196,0.673469387755102,WT|K103N|K103N+M230L
K103N+M230L,1,224,227,PHE,168,196,0.8571428571428571,WT|K103N|K103N+M230L
K103N+M230L,1,226,229,TRP,160,196,0.8163265306122449,WT|K103N|K103N+M230L
K103N+M230L,1,231,234,LEU,144,196,0.7346938775510204,WT|K103N|K103N+M230L
K103N+M230L,1,233,236,PRO,103,196,0.5255102040816326,WT|K103N|K103N+M230L
K103N+M230L,1,315,318,TYR,157,196,0.8010204081632653,WT|K103N|K103N+M230L
K103N+M230L,2,92,95,PRO,66,180,0.36666666666666664,WT|K103N|K103N+M230L
K103N+M230L,2,97,100,LEU,118,180,0.6555555555555556,WT|K103N|K103N+M230L
K103N+M230L,2,100,103,ASN,173,180,0.9611111111111111,WT|K103N|K103N+M230L
K103N+M230L,2,103,106,VAL,180,180,1.0,WT|K103N|K103N+M230L
K103N+M230L,2,105,108,VAL,148,180,0.8222222222222222,WT|K103N|K103N+M230L
K103N+M230L,2,176,179,VAL,138,180,0.7666666666666667,WT|K103N|K103N+M230L
K103N+M230L,2,178,181,TYR,178,180,0.9888888888888889,WT|K103N|K103N+M230L
K103N+M230L,2,183,186,ASP,5,180,0.027777777777777776,WT|K103N|K103N+M230L
K103N+M230L,2,185,188,TYR,180,180,1.0,WT|K103N|K103N+M230L
K103N+M230L,2,186,189,VAL,59,180,0.3277777777777778,WT|K103N|K103N+M230L
K103N+M230L,2,187,190,GLY,172,180,0.9555555555555556,WT|K103N|K103N+M230L
K103N+M230L,2,220,223,LYS,1,180,0.005555555555555556,WT|K103N|K103N+M230L
K103N+M230L,2,222,225,PRO,157,180,0.8722222222222222,WT|K103N|K103N+M230L
K103N+M230L,2,224,227,PHE,167,180,0.9277777777777778,WT|K103N|K103N+M230L
K103N+M230L,2,226,229,TRP,164,180,0.9111111111111111,WT|K103N|K103N+M230L
K103N+M230L,2,231,234,LEU,103,180,0.5722222222222222,WT|K103N|K103N+M230L
K103N+M230L,2,233,236,PRO,71,180,0.39444444444444443,WT|K103N|K103N+M230L
K103N+M230L,2,315,318,TYR,119,180,0.6611111111111111,WT|K103N|K103N+M230L
K103N+M230L,3,92,95,PRO,44,180,0.24444444444444444,WT|K103N|K103N+M230L
K103N+M230L,3,97,100,LEU,178,180,0.9888888888888889,WT|K103N|K103N+M230L
K103N+M230L,3,99,102,LYS,3,180,0.016666666666666666,WT|K103N|K103N+M230L
K103N+M230L,3,100,103,ASN,169,180,0.9388888888888889,WT|K103N|K103N+M230L
K103N+M230L,3,103,106,VAL,180,180,1.0,WT|K103N|K103N+M230L
K103N+M230L,3,105,108,VAL,120,180,0.6666666666666666,WT|K103N|K103N+M230L
K103N+M230L,3,176,179,VAL,168,180,0.9333333333333333,WT|K103N|K103N+M230L
K103N+M230L,3,178,181,TYR,178,180,0.9888888888888889,WT|K103N|K103N+M230L
K103N+M230L,3,185,188,TYR,180,180,1.0,WT|K103N|K103N+M230L
K103N+M230L,3,187,190,GLY,166,180,0.9222222222222223,WT|K103N|K103N+M230L
K103N+M230L,3,220,223,LYS,3,180,0.016666666666666666,WT|K103N|K103N+M230L
K103N+M230L,3,222,225,PRO,155,180,0.8611111111111112,WT|K103N|K103N+M230L
K103N+M230L,3,224,227,PHE,168,180,0.9333333333333333,WT|K103N|K103N+M230L
K103N+M230L,3,226,229,TRP,180,180,1.0,WT|K103N|K103N+M230L
K103N+M230L,3,231,234,LEU,155,180,0.8611111111111112,WT|K103N|K103N+M230L
K103N+M230L,3,233,236,PRO,98,180,0.5444444444444444,WT|K103N|K103N+M230L
K103N+M230L,3,315,318,TYR,180,180,1.0,WT|K103N|K103N+M230L
WT,1,92,95,PRO,301,500,0.602,WT|K103N|K103N+M230L
WT,1,97,100,LEU,500,500,1.0,WT|K103N|K103N+M230L
WT,1,99,102,LYS,12,500,0.024,WT|K103N|K103N+M230L
WT,1,100,103,ASN,239,500,0.478,WT|K103N|K103N+M230L
WT,1,103,106,VAL,500,500,1.0,WT|K103N|K103N+M230L
WT,1,105,108,VAL,446,500,0.892,WT|K103N|K103N+M230L
WT,1,176,179,VAL,457,500,0.914,WT|K103N|K103N+M230L
WT,1,178,181,TYR,497,500,0.994,WT|K103N|K103N+M230L
WT,1,185,188,TYR,500,500,1.0,WT|K103N|K103N+M230L
WT,1,187,190,GLY,420,500,0.84,WT|K103N|K103N+M230L
WT,1,220,223,LYS,1,500,0.002,WT|K103N|K103N+M230L
WT,1,222,225,PRO,413,500,0.826,WT|K103N|K103N+M230L
WT,1,224,227,PHE,450,500,0.9,WT|K103N|K103N+M230L
WT,1,226,229,TRP,490,500,0.98,WT|K103N|K103N+M230L
WT,1,231,234,LEU,453,500,0.906,WT|K103N|K103N+M230L
WT,1,233,236,PRO,253,500,0.506,WT|K103N|K103N+M230L
WT,1,315,318,TYR,500,500,1.0,WT|K103N|K103N+M230L
WT,2,92,95,PRO,49,180,0.2722222222222222,WT|K103N|K103N+M230L
WT,2,94,97,PRO,10,180,0.05555555555555555,WT|K103N|K103N+M230L
WT,2,97,100,LEU,180,180,1.0,WT|K103N|K103N+M230L
WT,2,99,102,LYS,15,180,0.08333333333333333,WT|K103N|K103N+M230L
WT,2,100,103,ASN,109,180,0.6055555555555555,WT|K103N|K103N+M230L
WT,2,103,106,VAL,180,180,1.0,WT|K103N|K103N+M230L
WT,2,105,108,VAL,103,180,0.5722222222222222,WT|K103N|K103N+M230L
WT,2,176,179,VAL,138,180,0.7666666666666667,WT|K103N|K103N+M230L
WT,2,178,181,TYR,122,180,0.6777777777777778,WT|K103N|K103N+M230L
WT,2,185,188,TYR,114,180,0.6333333333333333,WT|K103N|K103N+M230L
WT,2,187,190,GLY,132,180,0.7333333333333333,WT|K103N|K103N+M230L
WT,2,222,225,PRO,108,180,0.6,WT|K103N|K103N+M230L
WT,2,224,227,PHE,177,180,0.9833333333333333,WT|K103N|K103N+M230L
WT,2,226,229,TRP,163,180,0.9055555555555556,WT|K103N|K103N+M230L
WT,2,231,234,LEU,164,180,0.9111111111111111,WT|K103N|K103N+M230L
WT,2,233,236,PRO,142,180,0.7888888888888889,WT|K103N|K103N+M230L
WT,2,315,318,TYR,180,180,1.0,WT|K103N|K103N+M230L
WT,3,92,95,PRO,110,180,0.6111111111111112,WT|K103N|K103N+M230L
WT,3,94,97,PRO,1,180,0.005555555555555556,WT|K103N|K103N+M230L
WT,3,97,100,LEU,166,180,0.9222222222222223,WT|K103N|K103N+M230L
WT,3,99,102,LYS,5,180,0.027777777777777776,WT|K103N|K103N+M230L
WT,3,100,103,ASN,125,180,0.6944444444444444,WT|K103N|K103N+M230L
WT,3,103,106,VAL,179,180,0.9944444444444445,WT|K103N|K103N+M230L
WT,3,105,108,VAL,139,180,0.7722222222222223,WT|K103N|K103N+M230L
WT,3,176,179,VAL,150,180,0.8333333333333334,WT|K103N|K103N+M230L
WT,3,178,181,TYR,179,180,0.9944444444444445,WT|K103N|K103N+M230L
WT,3,185,188,TYR,180,180,1.0,WT|K103N|K103N+M230L
WT,3,187,190,GLY,158,180,0.8777777777777778,WT|K103N|K103N+M230L
WT,3,220,223,LYS,1,180,0.005555555555555556,WT|K103N|K103N+M230L
WT,3,222,225,PRO,154,180,0.8555555555555555,WT|K103N|K103N+M230L
WT,3,224,227,PHE,166,180,0.9222222222222223,WT|K103N|K103N+M230L
WT,3,226,229,TRP,179,180,0.9944444444444445,WT|K103N|K103N+M230L
WT,3,231,234,LEU,168,180,0.9333333333333333,WT|K103N|K103N+M230L
WT,3,233,236,PRO,96,180,0.5333333333333333,WT|K103N|K103N+M230L
WT,3,315,318,TYR,179,180,0.9944444444444445,WT|K103N|K103N+M230L
V106A,1,92,95,PRO,25,180,0.1388888888888889,WT|V106A|V106A+P225H
V106A,1,97,100,LEU,175,180,0.9722222222222222,WT|V106A|V106A+P225H
V106A,1,99,102,LYS,1,180,0.005555555555555556,WT|V106A|V106A+P225H
V106A,1,100,103,LYS,130,180,0.7222222222222222,WT|V106A|V106A+P225H
V106A,1,102,105,SER,2,180,0.011111111111111112,WT|V106A|V106A+P225H
V106A,1,103,106,ALA,175,180,0.9722222222222222,WT|V106A|V106A+P225H
V106A,1,105,108,VAL,95,180,0.5277777777777778,WT|V106A|V106A+P225H
V106A,1,176,179,VAL,131,180,0.7277777777777777,WT|V106A|V106A+P225H
V106A,1,178,181,TYR,127,180,0.7055555555555556,WT|V106A|V106A+P225H
V106A,1,185,188,TYR,128,180,0.7111111111111111,WT|V106A|V106A+P225H
V106A,1,187,190,GLY,125,180,0.6944444444444444,WT|V106A|V106A+P225H
V106A,1,222,225,PRO,130,180,0.7222222222222222,WT|V106A|V106A+P225H
V106A,1,224,227,PHE,177,180,0.9833333333333333,WT|V106A|V106A+P225H
V106A,1,226,229,TRP,158,180,0.8777777777777778,WT|V106A|V106A+P225H
V106A,1,231,234,LEU,153,180,0.85,WT|V106A|V106A+P225H
V106A,1,233,236,PRO,119,180,0.6611111111111111,WT|V106A|V106A+P225H
V106A,1,315,318,TYR,177,180,0.9833333333333333,WT|V106A|V106A+P225H
V106A,2,92,95,PRO,128,360,0.35555555555555557,WT|V106A|V106A+P225H
V106A,2,97,100,LEU,330,360,0.9166666666666666,WT|V106A|V106A+P225H
V106A,2,99,102,LYS,6,360,0.016666666666666666,WT|V106A|V106A+P225H
V106A,2,100,103,LYS,217,360,0.6027777777777777,WT|V106A|V106A+P225H
V106A,2,103,106,ALA,335,360,0.9305555555555556,WT|V106A|V106A+P225H
V106A,2,105,108,VAL,308,360,0.8555555555555555,WT|V106A|V106A+P225H
V106A,2,176,179,VAL,340,360,0.9444444444444444,WT|V106A|V106A+P225H
V106A,2,178,181,TYR,359,360,0.9972222222222222,WT|V106A|V106A+P225H
V106A,2,185,188,TYR,360,360,1.0,WT|V106A|V106A+P225H
V106A,2,187,190,GLY,331,360,0.9194444444444444,WT|V106A|V106A+P225H
V106A,2,222,225,PRO,290,360,0.8055555555555556,WT|V106A|V106A+P225H
V106A,2,224,227,PHE,351,360,0.975,WT|V106A|V106A+P225H
V106A,2,226,229,TRP,356,360,0.9888888888888889,WT|V106A|V106A+P225H
V106A,2,231,234,LEU,334,360,0.9277777777777778,WT|V106A|V106A+P225H
V106A,2,233,236,PRO,241,360,0.6694444444444444,WT|V106A|V106A+P225H
V106A,2,315,318,TYR,354,360,0.9833333333333333,WT|V106A|V106A+P225H
V106A,3,92,95,PRO,81,180,0.45,WT|V106A|V106A+P225H
V106A,3,94,97,PRO,1,180,0.005555555555555556,WT|V106A|V106A+P225H
V106A,3,97,100,LEU,168,180,0.9333333333333333,WT|V106A|V106A+P225H
V106A,3,100,103,LYS,122,180,0.6777777777777778,WT|V106A|V106A+P225H
V106A,3,103,106,ALA,162,180,0.9,WT|V106A|V106A+P225H
V106A,3,105,108,VAL,110,180,0.6111111111111112,WT|V106A|V106A+P225H
V106A,3,131,134,SER,4,180,0.022222222222222223,WT|V106A|V106A+P225H
V106A,3,176,179,VAL,161,180,0.8944444444444445,WT|V106A|V106A+P225H
V106A,3,177,180,ILE,3,180,0.016666666666666666,WT|V106A|V106A+P225H
V106A,3,178,181,TYR,158,180,0.8777777777777778,WT|V106A|V106A+P225H
V106A,3,185,188,TYR,170,180,0.9444444444444444,WT|V106A|V106A+P225H
V106A,3,186,189,VAL,1,180,0.005555555555555556,WT|V106A|V106A+P225H
V106A,3,187,190,GLY,126,180,0.7,WT|V106A|V106A+P225H
V106A,3,222,225,PRO,148,180,0.8222222222222222,WT|V106A|V106A+P225H
V106A,3,224,227,PHE,171,180,0.95,WT|V106A|V106A+P225H
V106A,3,226,229,TRP,174,180,0.9666666666666667,WT|V106A|V106A+P225H
V106A,3,231,234,LEU,145,180,0.8055555555555556,WT|V106A|V106A+P225H
V106A,3,233,236,PRO,118,180,0.6555555555555556,WT|V106A|V106A+P225H
V106A,3,315,318,TYR,167,180,0.9277777777777778,WT|V106A|V106A+P225H
V106A+P225H,1,92,95,PRO,218,360,0.6055555555555555,WT|V106A|V106A+P225H
V106A+P225H,1,94,97,PRO,5,360,0.013888888888888888,WT|V106A|V106A+P225H
V106A+P225H,1,97,100,LEU,352,360,0.9777777777777777,WT|V106A|V106A+P225H
V106A+P225H,1,100,103,LYS,293,360,0.8138888888888889,WT|V106A|V106A+P225H
V106A+P225H,1,103,106,ALA,344,360,0.9555555555555556,WT|V106A|V106A+P225H
V106A+P225H,1,105,108,VAL,318,360,0.8833333333333333,WT|V106A|V106A+P225H
V106A+P225H,1,176,179,VAL,297,360,0.825,WT|V106A|V106A+P225H
V106A+P225H,1,178,181,TYR,360,360,1.0,WT|V106A|V106A+P225H
V106A+P225H,1,185,188,TYR,358,360,0.9944444444444445,WT|V106A|V106A+P225H
V106A+P225H,1,187,190,GLY,348,360,0.9666666666666667,WT|V106A|V106A+P225H
V106A+P225H,1,220,223,LYS,32,360,0.08888888888888889,WT|V106A|V106A+P225H
V106A+P225H,1,222,225,PRO,349,360,0.9694444444444444,WT|V106A|V106A+P225H
V106A+P225H,1,224,227,PHE,359,360,0.9972222222222222,WT|V106A|V106A+P225H
V106A+P225H,1,226,229,TRP,360,360,1.0,WT|V106A|V106A+P225H
V106A+P225H,1,231,234,LEU,333,360,0.925,WT|V106A|V106A+P225H
V106A+P225H,1,233,236,PRO,270,360,0.75,WT|V106A|V106A+P225H
V106A+P225H,1,315,318,TYR,355,360,0.9861111111111112,WT|V106A|V106A+P225H
V106A+P225H,2,92,95,PRO,106,360,0.29444444444444445,WT|V106A|V106A+P225H
V106A+P225H,2,94,97,PRO,2,360,0.005555555555555556,WT|V106A|V106A+P225H
V106A+P225H,2,97,100,LEU,353,360,0.9805555555555555,WT|V106A|V106A+P225H
V106A+P225H,2,100,103,LYS,144,360,0.4,WT|V106A|V106A+P225H
V106A+P225H,2,102,105,SER,1,360,0.002777777777777778,WT|V106A|V106A+P225H
V106A+P225H,2,103,106,ALA,353,360,0.9805555555555555,WT|V106A|V106A+P225H
V106A+P225H,2,105,108,VAL,312,360,0.8666666666666667,WT|V106A|V106A+P225H
V106A+P225H,2,176,179,VAL,342,360,0.95,WT|V106A|V106A+P225H
V106A+P225H,2,178,181,TYR,353,360,0.9805555555555555,WT|V106A|V106A+P225H
V106A+P225H,2,185,188,TYR,360,360,1.0,WT|V106A|V106A+P225H
V106A+P225H,2,187,190,GLY,311,360,0.8638888888888889,WT|V106A|V106A+P225H
V106A+P225H,2,192,195,ILE,10,360,0.027777777777777776,WT|V106A|V106A+P225H
V106A+P225H,2,220,223,LYS,1,360,0.002777777777777778,WT|V106A|V106A+P225H
V106A+P225H,2,222,225,PRO,310,360,0.8611111111111112,WT|V106A|V106A+P225H
V106A+P225H,2,224,227,PHE,353,360,0.9805555555555555,WT|V106A|V106A+P225H
V106A+P225H,2,226,229,TRP,356,360,0.9888888888888889,WT|V106A|V106A+P225H
V106A+P225H,2,231,234,LEU,339,360,0.9416666666666667,WT|V106A|V106A+P225H
V106A+P225H,2,233,236,PRO,265,360,0.7361111111111112,WT|V106A|V106A+P225H
V106A+P225H,2,315,318,TYR,353,360,0.9805555555555555,WT|V106A|V106A+P225H
V106A+P225H,3,92,95,PRO,209,360,0.5805555555555556,WT|V106A|V106A+P225H
V106A+P225H,3,97,100,LEU,356,360,0.9888888888888889,WT|V106A|V106A+P225H
V106A+P225H,3,99,102,LYS,1,360,0.002777777777777778,WT|V106A|V106A+P225H
V106A+P225H,3,100,103,LYS,280,360,0.7777777777777778,WT|V106A|V106A+P225H
V106A+P225H,3,103,106,ALA,282,360,0.7833333333333333,WT|V106A|V106A+P225H
V106A+P225H,3,105,108,VAL,342,360,0.95,WT|V106A|V106A+P225H
V106A+P225H,3,176,179,VAL,279,360,0.775,WT|V106A|V106A+P225H
V106A+P225H,3,178,181,TYR,358,360,0.9944444444444445,WT|V106A|V106A+P225H
V106A+P225H,3,185,188,TYR,360,360,1.0,WT|V106A|V106A+P225H
V106A+P225H,3,187,190,GLY,335,360,0.9305555555555556,WT|V106A|V106A+P225H
V106A+P225H,3,222,225,PRO,351,360,0.975,WT|V106A|V106A+P225H
V106A+P225H,3,224,227,PHE,354,360,0.9833333333333333,WT|V106A|V106A+P225H
V106A+P225H,3,226,229,TRP,359,360,0.9972222222222222,WT|V106A|V106A+P225H
V106A+P225H,3,231,234,LEU,324,360,0.9,WT|V106A|V106A+P225H
V106A+P225H,3,233,236,PRO,191,360,0.5305555555555556,WT|V106A|V106A+P225H
V106A+P225H,3,315,318,TYR,355,360,0.9861111111111112,WT|V106A|V106A+P225H
WT,1,92,95,PRO,301,500,0.602,WT|V106A|V106A+P225H
WT,1,97,100,LEU,500,500,1.0,WT|V106A|V106A+P225H
WT,1,99,102,LYS,12,500,0.024,WT|V106A|V106A+P225H
WT,1,100,103,LYS,239,500,0.478,WT|V106A|V106A+P225H
WT,1,103,106,ALA,500,500,1.0,WT|V106A|V106A+P225H
WT,1,105,108,VAL,446,500,0.892,WT|V106A|V106A+P225H
WT,1,176,179,VAL,457,500,0.914,WT|V106A|V106A+P225H
WT,1,178,181,TYR,497,500,0.994,WT|V106A|V106A+P225H
WT,1,185,188,TYR,500,500,1.0,WT|V106A|V106A+P225H
WT,1,187,190,GLY,420,500,0.84,WT|V106A|V106A+P225H
WT,1,220,223,LYS,1,500,0.002,WT|V106A|V106A+P225H
WT,1,222,225,PRO,413,500,0.826,WT|V106A|V106A+P225H
WT,1,224,227,PHE,450,500,0.9,WT|V106A|V106A+P225H
WT,1,226,229,TRP,490,500,0.98,WT|V106A|V106A+P225H
WT,1,231,234,LEU,453,500,0.906,WT|V106A|V106A+P225H
WT,1,233,236,PRO,253,500,0.506,WT|V106A|V106A+P225H
WT,1,315,318,TYR,500,500,1.0,WT|V106A|V106A+P225H
WT,2,92,95,PRO,49,180,0.2722222222222222,WT|V106A|V106A+P225H
WT,2,94,97,PRO,10,180,0.05555555555555555,WT|V106A|V106A+P225H
WT,2,97,100,LEU,180,180,1.0,WT|V106A|V106A+P225H
WT,2,99,102,LYS,15,180,0.08333333333333333,WT|V106A|V106A+P225H
WT,2,100,103,LYS,109,180,0.6055555555555555,WT|V106A|V106A+P225H
WT,2,103,106,ALA,180,180,1.0,WT|V106A|V106A+P225H
WT,2,105,108,VAL,103,180,0.5722222222222222,WT|V106A|V106A+P225H
WT,2,176,179,VAL,138,180,0.7666666666666667,WT|V106A|V106A+P225H
WT,2,178,181,TYR,122,180,0.6777777777777778,WT|V106A|V106A+P225H
WT,2,185,188,TYR,114,180,0.6333333333333333,WT|V106A|V106A+P225H
WT,2,187,190,GLY,132,180,0.7333333333333333,WT|V106A|V106A+P225H
WT,2,222,225,PRO,108,180,0.6,WT|V106A|V106A+P225H
WT,2,224,227,PHE,177,180,0.9833333333333333,WT|V106A|V106A+P225H
WT,2,226,229,TRP,163,180,0.9055555555555556,WT|V106A|V106A+P225H
WT,2,231,234,LEU,164,180,0.9111111111111111,WT|V106A|V106A+P225H
WT,2,233,236,PRO,142,180,0.7888888888888889,WT|V106A|V106A+P225H
WT,2,315,318,TYR,180,180,1.0,WT|V106A|V106A+P225H
WT,3,92,95,PRO,110,180,0.6111111111111112,WT|V106A|V106A+P225H
WT,3,94,97,PRO,1,180,0.005555555555555556,WT|V106A|V106A+P225H
WT,3,97,100,LEU,166,180,0.9222222222222223,WT|V106A|V106A+P225H
WT,3,99,102,LYS,5,180,0.027777777777777776,WT|V106A|V106A+P225H
WT,3,100,103,LYS,125,180,0.6944444444444444,WT|V106A|V106A+P225H
WT,3,103,106,ALA,179,180,0.9944444444444445,WT|V106A|V106A+P225H
WT,3,105,108,VAL,139,180,0.7722222222222223,WT|V106A|V106A+P225H
WT,3,176,179,VAL,150,180,0.8333333333333334,WT|V106A|V106A+P225H
WT,3,178,181,TYR,179,180,0.9944444444444445,WT|V106A|V106A+P225H
WT,3,185,188,TYR,180,180,1.0,WT|V106A|V106A+P225H
WT,3,187,190,GLY,158,180,0.8777777777777778,WT|V106A|V106A+P225H
WT,3,220,223,LYS,1,180,0.005555555555555556,WT|V106A|V106A+P225H
WT,3,222,225,PRO,154,180,0.8555555555555555,WT|V106A|V106A+P225H
WT,3,224,227,PHE,166,180,0.9222222222222223,WT|V106A|V106A+P225H
WT,3,226,229,TRP,179,180,0.9944444444444445,WT|V106A|V106A+P225H
WT,3,231,234,LEU,168,180,0.9333333333333333,WT|V106A|V106A+P225H
WT,3,233,236,PRO,96,180,0.5333333333333333,WT|V106A|V106A+P225H
WT,3,315,318,TYR,179,180,0.9944444444444445,WT|V106A|V106A+P225H
V106I,1,92,95,PRO,46,180,0.25555555555555554,WT|V106I|V106I+F227C
V106I,1,94,97,PRO,6,180,0.03333333333333333,WT|V106I|V106I+F227C
V106I,1,97,100,LEU,180,180,1.0,WT|V106I|V106I+F227C
V106I,1,100,103,LYS,47,180,0.2611111111111111,WT|V106I|V106I+F227C
V106I,1,103,106,ILE,180,180,1.0,WT|V106I|V106I+F227C
V106I,1,105,108,VAL,98,180,0.5444444444444444,WT|V106I|V106I+F227C
V106I,1,176,179,VAL,84,180,0.4666666666666667,WT|V106I|V106I+F227C
V106I,1,178,181,TYR,105,180,0.5833333333333334,WT|V106I|V106I+F227C
V106I,1,185,188,TYR,108,180,0.6,WT|V106I|V106I+F227C
V106I,1,187,190,GLY,132,180,0.7333333333333333,WT|V106I|V106I+F227C
V106I,1,220,223,LYS,7,180,0.03888888888888889,WT|V106I|V106I+F227C
V106I,1,222,225,PRO,124,180,0.6888888888888889,WT|V106I|V106I+F227C
V106I,1,224,227,PHE,176,180,0.9777777777777777,WT|V106I|V106I+F227C
V106I,1,226,229,TRP,156,180,0.8666666666666667,WT|V106I|V106I+F227C
V106I,1,231,234,LEU,174,180,0.9666666666666667,WT|V106I|V106I+F227C
V106I,1,232,235,HIS,2,180,0.011111111111111112,WT|V106I|V106I+F227C
V106I,1,233,236,PRO,147,180,0.8166666666666667,WT|V106I|V106I+F227C
V106I,1,315,318,TYR,180,180,1.0,WT|V106I|V106I+F227C
V106I,2,92,95,PRO,68,180,0.37777777777777777,WT|V106I|V106I+F227C
V106I,2,94,97,PRO,1,180,0.005555555555555556,WT|V106I|V106I+F227C
V106I,2,97,100,LEU,172,180,0.9555555555555556,WT|V106I|V106I+F227C
V106I,2,99,102,LYS,3,180,0.016666666666666666,WT|V106I|V106I+F227C
V106I,2,100,103,LYS,62,180,0.34444444444444444,WT|V106I|V106I+F227C
V106I,2,103,106,ILE,179,180,0.9944444444444445,WT|V106I|V106I+F227C
V106I,2,105,108,VAL,68,180,0.37777777777777777,WT|V106I|V106I+F227C
V106I,2,176,179,VAL,158,180,0.8777777777777778,WT|V106I|V106I+F227C
V106I,2,178,181,TYR,165,180,0.9166666666666666,WT|V106I|V106I+F227C
V106I,2,185,188,TYR,159,180,0.8833333333333333,WT|V106I|V106I+F227C
V106I,2,186,189,VAL,6,180,0.03333333333333333,WT|V106I|V106I+F227C
V106I,2,187,190,GLY,119,180,0.6611111111111111,WT|V106I|V106I+F227C
V106I,2,220,223,LYS,7,180,0.03888888888888889,WT|V106I|V106I+F227C
V106I,2,222,225,PRO,106,180,0.5888888888888889,WT|V106I|V106I+F227C
V106I,2,224,227,PHE,174,180,0.9666666666666667,WT|V106I|V106I+F227C
V106I,2,226,229,TRP,168,180,0.9333333333333333,WT|V106I|V106I+F227C
V106I,2,231,234,LEU,147,180,0.8166666666666667,WT|V106I|V106I+F227C
V106I,2,233,236,PRO,114,180,0.6333333333333333,WT|V106I|V106I+F227C
V106I,2,315,318,TYR,172,180,0.9555555555555556,WT|V106I|V106I+F227C
V106I,3,91,94,ILE,4,180,0.022222222222222223,WT|V106I|V106I+F227C
V106I,3,92,95,PRO,72,180,0.4,WT|V106I|V106I+F227C
V106I,3,94,97,PRO,3,180,0.016666666666666666,WT|V106I|V106I+F227C
V106I,3,97,100,LEU,173,180,0.9611111111111111,WT|V106I|V106I+F227C
V106I,3,99,102,LYS,21,180,0.11666666666666667,WT|V106I|V106I+F227C
V106I,3,100,103,LYS,91,180,0.5055555555555555,WT|V106I|V106I+F227C
V106I,3,103,106,ILE,180,180,1.0,WT|V106I|V106I+F227C
V106I,3,105,108,VAL,132,180,0.7333333333333333,WT|V106I|V106I+F227C
V106I,3,176,179,VAL,159,180,0.8833333333333333,WT|V106I|V106I+F227C
V106I,3,178,181,TYR,180,180,1.0,WT|V106I|V106I+F227C
V106I,3,180,183,TYR,2,180,0.011111111111111112,WT|V106I|V106I+F227C
V106I,3,185,188,TYR,180,180,1.0,WT|V106I|V106I+F227C
V106I,3,187,190,GLY,133,180,0.7388888888888889,WT|V106I|V106I+F227C
V106I,3,220,223,LYS,2,180,0.011111111111111112,WT|V106I|V106I+F227C
V106I,3,222,225,PRO,124,180,0.6888888888888889,WT|V106I|V106I+F227C
V106I,3,224,227,PHE,172,180,0.9555555555555556,WT|V106I|V106I+F227C
V106I,3,226,229,TRP,180,180,1.0,WT|V106I|V106I+F227C
V106I,3,231,234,LEU,153,180,0.85,WT|V106I|V106I+F227C
V106I,3,233,236,PRO,103,180,0.5722222222222222,WT|V106I|V106I+F227C
V106I,3,315,318,TYR,179,180,0.9944444444444445,WT|V106I|V106I+F227C
V106I+F227C,1,92,95,PRO,209,360,0.5805555555555556,WT|V106I|V106I+F227C
V106I+F227C,1,94,97,PRO,1,360,0.002777777777777778,WT|V106I|V106I+F227C
V106I+F227C,1,97,100,LEU,305,360,0.8472222222222222,WT|V106I|V106I+F227C
V106I+F227C,1,99,102,LYS,48,360,0.13333333333333333,WT|V106I|V106I+F227C
V106I+F227C,1,100,103,LYS,236,360,0.6555555555555556,WT|V106I|V106I+F227C
V106I+F227C,1,103,106,ILE,360,360,1.0,WT|V106I|V106I+F227C
V106I+F227C,1,105,108,VAL,270,360,0.75,WT|V106I|V106I+F227C
V106I+F227C,1,176,179,VAL,324,360,0.9,WT|V106I|V106I+F227C
V106I+F227C,1,177,180,ILE,7,360,0.019444444444444445,WT|V106I|V106I+F227C
V106I+F227C,1,178,181,TYR,360,360,1.0,WT|V106I|V106I+F227C
V106I+F227C,1,185,188,TYR,360,360,1.0,WT|V106I|V106I+F227C
V106I+F227C,1,186,189,VAL,58,360,0.16111111111111112,WT|V106I|V106I+F227C
V106I+F227C,1,187,190,GLY,330,360,0.9166666666666666,WT|V106I|V106I+F227C
V106I+F227C,1,220,223,LYS,2,360,0.005555555555555556,WT|V106I|V106I+F227C
V106I+F227C,1,222,225,PRO,295,360,0.8194444444444444,WT|V106I|V106I+F227C
V106I+F227C,1,224,227,PHE,188,360,0.5222222222222223,WT|V106I|V106I+F227C
V106I+F227C,1,226,229,TRP,317,360,0.8805555555555555,WT|V106I|V106I+F227C
V106I+F227C,1,231,234,LEU,273,360,0.7583333333333333,WT|V106I|V106I+F227C
V106I+F227C,1,233,236,PRO,156,360,0.43333333333333335,WT|V106I|V106I+F227C
V106I+F227C,1,315,318,TYR,288,360,0.8,WT|V106I|V106I+F227C
V106I+F227C,2,92,95,PRO,162,360,0.45,WT|V106I|V106I+F227C
V106I+F227C,2,97,100,LEU,359,360,0.9972222222222222,WT|V106I|V106I+F227C
V106I+F227C,2,99,102,LYS,53,360,0.14722222222222223,WT|V106I|V106I+F227C
V106I+F227C,2,100,103,LYS,159,360,0.44166666666666665,WT|V106I|V106I+F227C
V106I+F227C,2,103,106,ILE,360,360,1.0,WT|V106I|V106I+F227C
V106I+F227C,2,105,108,VAL,237,360,0.6583333333333333,WT|V106I|V106I+F227C
V106I+F227C,2,176,179,VAL,338,360,0.9388888888888889,WT|V106I|V106I+F227C
V106I+F227C,2,178,181,TYR,359,360,0.9972222222222222,WT|V106I|V106I+F227C
V106I+F227C,2,185,188,TYR,360,360,1.0,WT|V106I|V106I+F227C
V106I+F227C,2,187,190,GLY,316,360,0.8777777777777778,WT|V106I|V106I+F227C
V106I+F227C,2,220,223,LYS,1,360,0.002777777777777778,WT|V106I|V106I+F227C
V106I+F227C,2,222,225,PRO,297,360,0.825,WT|V106I|V106I+F227C
V106I+F227C,2,224,227,PHE,234,360,0.65,WT|V106I|V106I+F227C
V106I+F227C,2,226,229,TRP,360,360,1.0,WT|V106I|V106I+F227C
V106I+F227C,2,231,234,LEU,340,360,0.9444444444444444,WT|V106I|V106I+F227C
V106I+F227C,2,233,236,PRO,184,360,0.5111111111111111,WT|V106I|V106I+F227C
V106I+F227C,2,315,318,TYR,359,360,0.9972222222222222,WT|V106I|V106I+F227C
V106I+F227C,3,92,95,PRO,239,360,0.6638888888888889,WT|V106I|V106I+F227C
V106I+F227C,3,97,100,LEU,353,360,0.9805555555555555,WT|V106I|V106I+F227C
V106I+F227C,3,100,103,LYS,259,360,0.7194444444444444,WT|V106I|V106I+F227C
V106I+F227C,3,103,106,ILE,360,360,1.0,WT|V106I|V106I+F227C
V106I+F227C,3,105,108,VAL,261,360,0.725,WT|V106I|V106I+F227C
V106I+F227C,3,131,134,SER,3,360,0.008333333333333333,WT|V106I|V106I+F227C
V106I+F227C,3,176,179,VAL,347,360,0.9638888888888889,WT|V106I|V106I+F227C
V106I+F227C,3,178,181,TYR,359,360,0.9972222222222222,WT|V106I|V106I+F227C
V106I+F227C,3,180,183,TYR,1,360,0.002777777777777778,WT|V106I|V106I+F227C
V106I+F227C,3,185,188,TYR,360,360,1.0,WT|V106I|V106I+F227C
V106I+F227C,3,187,190,GLY,344,360,0.9555555555555556,WT|V106I|V106I+F227C
V106I+F227C,3,222,225,PRO,293,360,0.8138888888888889,WT|V106I|V106I+F227C
V106I+F227C,3,224,227,PHE,226,360,0.6277777777777778,WT|V106I|V106I+F227C
V106I+F227C,3,226,229,TRP,360,360,1.0,WT|V106I|V106I+F227C
V106I+F227C,3,231,234,LEU,343,360,0.9527777777777777,WT|V106I|V106I+F227C
V106I+F227C,3,233,236,PRO,175,360,0.4861111111111111,WT|V106I|V106I+F227C
V106I+F227C,3,315,318,TYR,360,360,1.0,WT|V106I|V106I+F227C
WT,1,92,95,PRO,301,500,0.602,WT|V106I|V106I+F227C
WT,1,97,100,LEU,500,500,1.0,WT|V106I|V106I+F227C
WT,1,99,102,LYS,12,500,0.024,WT|V106I|V106I+F227C
WT,1,100,103,LYS,239,500,0.478,WT|V106I|V106I+F227C
WT,1,103,106,ILE,500,500,1.0,WT|V106I|V106I+F227C
WT,1,105,108,VAL,446,500,0.892,WT|V106I|V106I+F227C
WT,1,176,179,VAL,457,500,0.914,WT|V106I|V106I+F227C
WT,1,178,181,TYR,497,500,0.994,WT|V106I|V106I+F227C
WT,1,185,188,TYR,500,500,1.0,WT|V106I|V106I+F227C
WT,1,187,190,GLY,420,500,0.84,WT|V106I|V106I+F227C
WT,1,220,223,LYS,1,500,0.002,WT|V106I|V106I+F227C
WT,1,222,225,PRO,413,500,0.826,WT|V106I|V106I+F227C
WT,1,224,227,PHE,450,500,0.9,WT|V106I|V106I+F227C
WT,1,226,229,TRP,490,500,0.98,WT|V106I|V106I+F227C
WT,1,231,234,LEU,453,500,0.906,WT|V106I|V106I+F227C
WT,1,233,236,PRO,253,500,0.506,WT|V106I|V106I+F227C
WT,1,315,318,TYR,500,500,1.0,WT|V106I|V106I+F227C
WT,2,92,95,PRO,49,180,0.2722222222222222,WT|V106I|V106I+F227C
WT,2,94,97,PRO,10,180,0.05555555555555555,WT|V106I|V106I+F227C
WT,2,97,100,LEU,180,180,1.0,WT|V106I|V106I+F227C
WT,2,99,102,LYS,15,180,0.08333333333333333,WT|V106I|V106I+F227C
WT,2,100,103,LYS,109,180,0.6055555555555555,WT|V106I|V106I+F227C
WT,2,103,106,ILE,180,180,1.0,WT|V106I|V106I+F227C
WT,2,105,108,VAL,103,180,0.5722222222222222,WT|V106I|V106I+F227C
WT,2,176,179,VAL,138,180,0.7666666666666667,WT|V106I|V106I+F227C
WT,2,178,181,TYR,122,180,0.6777777777777778,WT|V106I|V106I+F227C
WT,2,185,188,TYR,114,180,0.6333333333333333,WT|V106I|V106I+F227C
WT,2,187,190,GLY,132,180,0.7333333333333333,WT|V106I|V106I+F227C
WT,2,222,225,PRO,108,180,0.6,WT|V106I|V106I+F227C
WT,2,224,227,PHE,177,180,0.9833333333333333,WT|V106I|V106I+F227C
WT,2,226,229,TRP,163,180,0.9055555555555556,WT|V106I|V106I+F227C
WT,2,231,234,LEU,164,180,0.9111111111111111,WT|V106I|V106I+F227C
WT,2,233,236,PRO,142,180,0.7888888888888889,WT|V106I|V106I+F227C
WT,2,315,318,TYR,180,180,1.0,WT|V106I|V106I+F227C
WT,3,92,95,PRO,110,180,0.6111111111111112,WT|V106I|V106I+F227C
WT,3,94,97,PRO,1,180,0.005555555555555556,WT|V106I|V106I+F227C
WT,3,97,100,LEU,166,180,0.9222222222222223,WT|V106I|V106I+F227C
WT,3,99,102,LYS,5,180,0.027777777777777776,WT|V106I|V106I+F227C
WT,3,100,103,LYS,125,180,0.6944444444444444,WT|V106I|V106I+F227C
WT,3,103,106,ILE,179,180,0.9944444444444445,WT|V106I|V106I+F227C
WT,3,105,108,VAL,139,180,0.7722222222222223,WT|V106I|V106I+F227C
WT,3,176,179,VAL,150,180,0.8333333333333334,WT|V106I|V106I+F227C
WT,3,178,181,TYR,179,180,0.9944444444444445,WT|V106I|V106I+F227C
WT,3,185,188,TYR,180,180,1.0,WT|V106I|V106I+F227C
WT,3,187,190,GLY,158,180,0.8777777777777778,WT|V106I|V106I+F227C
WT,3,220,223,LYS,1,180,0.005555555555555556,WT|V106I|V106I+F227C
WT,3,222,225,PRO,154,180,0.8555555555555555,WT|V106I|V106I+F227C
WT,3,224,227,PHE,166,180,0.9222222222222223,WT|V106I|V106I+F227C
WT,3,226,229,TRP,179,180,0.9944444444444445,WT|V106I|V106I+F227C
WT,3,231,234,LEU,168,180,0.9333333333333333,WT|V106I|V106I+F227C
WT,3,233,236,PRO,96,180,0.5333333333333333,WT|V106I|V106I+F227C
WT,3,315,318,TYR,179,180,0.9944444444444445,WT|V106I|V106I+F227C
V106A,1,92,95,PRO,25,180,0.1388888888888889,WT|V106A|V106A+L234I
V106A,1,97,100,LEU,175,180,0.9722222222222222,WT|V106A|V106A+L234I
V106A,1,99,102,LYS,1,180,0.005555555555555556,WT|V106A|V106A+L234I
V106A,1,100,103,LYS,130,180,0.7222222222222222,WT|V106A|V106A+L234I
V106A,1,102,105,SER,2,180,0.011111111111111112,WT|V106A|V106A+L234I
V106A,1,103,106,ALA,175,180,0.9722222222222222,WT|V106A|V106A+L234I
V106A,1,105,108,VAL,95,180,0.5277777777777778,WT|V106A|V106A+L234I
V106A,1,176,179,VAL,131,180,0.7277777777777777,WT|V106A|V106A+L234I
V106A,1,178,181,TYR,127,180,0.7055555555555556,WT|V106A|V106A+L234I
V106A,1,185,188,TYR,128,180,0.7111111111111111,WT|V106A|V106A+L234I
V106A,1,187,190,GLY,125,180,0.6944444444444444,WT|V106A|V106A+L234I
V106A,1,222,225,PRO,130,180,0.7222222222222222,WT|V106A|V106A+L234I
V106A,1,224,227,PHE,177,180,0.9833333333333333,WT|V106A|V106A+L234I
V106A,1,226,229,TRP,158,180,0.8777777777777778,WT|V106A|V106A+L234I
V106A,1,231,234,LEU,153,180,0.85,WT|V106A|V106A+L234I
V106A,1,233,236,PRO,119,180,0.6611111111111111,WT|V106A|V106A+L234I
V106A,1,315,318,TYR,177,180,0.9833333333333333,WT|V106A|V106A+L234I
V106A,2,92,95,PRO,128,360,0.35555555555555557,WT|V106A|V106A+L234I
V106A,2,97,100,LEU,330,360,0.9166666666666666,WT|V106A|V106A+L234I
V106A,2,99,102,LYS,6,360,0.016666666666666666,WT|V106A|V106A+L234I
V106A,2,100,103,LYS,217,360,0.6027777777777777,WT|V106A|V106A+L234I
V106A,2,103,106,ALA,335,360,0.9305555555555556,WT|V106A|V106A+L234I
V106A,2,105,108,VAL,308,360,0.8555555555555555,WT|V106A|V106A+L234I
V106A,2,176,179,VAL,340,360,0.9444444444444444,WT|V106A|V106A+L234I
V106A,2,178,181,TYR,359,360,0.9972222222222222,WT|V106A|V106A+L234I
V106A,2,185,188,TYR,360,360,1.0,WT|V106A|V106A+L234I
V106A,2,187,190,GLY,331,360,0.9194444444444444,WT|V106A|V106A+L234I
V106A,2,222,225,PRO,290,360,0.8055555555555556,WT|V106A|V106A+L234I
V106A,2,224,227,PHE,351,360,0.975,WT|V106A|V106A+L234I
V106A,2,226,229,TRP,356,360,0.9888888888888889,WT|V106A|V106A+L234I
V106A,2,231,234,LEU,334,360,0.9277777777777778,WT|V106A|V106A+L234I
V106A,2,233,236,PRO,241,360,0.6694444444444444,WT|V106A|V106A+L234I
V106A,2,315,318,TYR,354,360,0.9833333333333333,WT|V106A|V106A+L234I
V106A,3,92,95,PRO,81,180,0.45,WT|V106A|V106A+L234I
V106A,3,94,97,PRO,1,180,0.005555555555555556,WT|V106A|V106A+L234I
V106A,3,97,100,LEU,168,180,0.9333333333333333,WT|V106A|V106A+L234I
V106A,3,100,103,LYS,122,180,0.6777777777777778,WT|V106A|V106A+L234I
V106A,3,103,106,ALA,162,180,0.9,WT|V106A|V106A+L234I
V106A,3,105,108,VAL,110,180,0.6111111111111112,WT|V106A|V106A+L234I
V106A,3,131,134,SER,4,180,0.022222222222222223,WT|V106A|V106A+L234I
V106A,3,176,179,VAL,161,180,0.8944444444444445,WT|V106A|V106A+L234I
V106A,3,177,180,ILE,3,180,0.016666666666666666,WT|V106A|V106A+L234I
V106A,3,178,181,TYR,158,180,0.8777777777777778,WT|V106A|V106A+L234I
V106A,3,185,188,TYR,170,180,0.9444444444444444,WT|V106A|V106A+L234I
V106A,3,186,189,VAL,1,180,0.005555555555555556,WT|V106A|V106A+L234I
V106A,3,187,190,GLY,126,180,0.7,WT|V106A|V106A+L234I
V106A,3,222,225,PRO,148,180,0.8222222222222222,WT|V106A|V106A+L234I
V106A,3,224,227,PHE,171,180,0.95,WT|V106A|V106A+L234I
V106A,3,226,229,TRP,174,180,0.9666666666666667,WT|V106A|V106A+L234I
V106A,3,231,234,LEU,145,180,0.8055555555555556,WT|V106A|V106A+L234I
V106A,3,233,236,PRO,118,180,0.6555555555555556,WT|V106A|V106A+L234I
V106A,3,315,318,TYR,167,180,0.9277777777777778,WT|V106A|V106A+L234I
V106A+L234I,1,92,95,PRO,94,360,0.2611111111111111,WT|V106A|V106A+L234I
V106A+L234I,1,97,100,LEU,344,360,0.9555555555555556,WT|V106A|V106A+L234I
V106A+L234I,1,100,103,LYS,235,360,0.6527777777777778,WT|V106A|V106A+L234I
V106A+L234I,1,103,106,ALA,331,360,0.9194444444444444,WT|V106A|V106A+L234I
V106A+L234I,1,105,108,VAL,247,360,0.6861111111111111,WT|V106A|V106A+L234I
V106A+L234I,1,176,179,VAL,332,360,0.9222222222222223,WT|V106A|V106A+L234I
V106A+L234I,1,178,181,TYR,355,360,0.9861111111111112,WT|V106A|V106A+L234I
V106A+L234I,1,185,188,TYR,360,360,1.0,WT|V106A|V106A+L234I
V106A+L234I,1,187,190,GLY,293,360,0.8138888888888889,WT|V106A|V106A+L234I
V106A+L234I,1,220,223,LYS,3,360,0.008333333333333333,WT|V106A|V106A+L234I
V106A+L234I,1,222,225,PRO,324,360,0.9,WT|V106A|V106A+L234I
V106A+L234I,1,224,227,PHE,348,360,0.9666666666666667,WT|V106A|V106A+L234I
V106A+L234I,1,226,229,TRP,354,360,0.9833333333333333,WT|V106A|V106A+L234I
V106A+L234I,1,231,234,LEU,264,360,0.7333333333333333,WT|V106A|V106A+L234I
V106A+L234I,1,233,236,PRO,288,360,0.8,WT|V106A|V106A+L234I
V106A+L234I,1,315,318,TYR,350,360,0.9722222222222222,WT|V106A|V106A+L234I
V106A+L234I,2,92,95,PRO,99,360,0.275,WT|V106A|V106A+L234I
V106A+L234I,2,94,97,PRO,2,360,0.005555555555555556,WT|V106A|V106A+L234I
V106A+L234I,2,97,100,LEU,354,360,0.9833333333333333,WT|V106A|V106A+L234I
V106A+L234I,2,100,103,LYS,287,360,0.7972222222222223,WT|V106A|V106A+L234I
V106A+L234I,2,103,106,ALA,343,360,0.9527777777777777,WT|V106A|V106A+L234I
V106A+L234I,2,105,108,VAL,317,360,0.8805555555555555,WT|V106A|V106A+L234I
V106A+L234I,2,131,134,SER,2,360,0.005555555555555556,WT|V106A|V106A+L234I
V106A+L234I,2,176,179,VAL,336,360,0.9333333333333333,WT|V106A|V106A+L234I
V106A+L234I,2,178,181,TYR,357,360,0.9916666666666667,WT|V106A|V106A+L234I
V106A+L234I,2,185,188,TYR,360,360,1.0,WT|V106A|V106A+L234I
V106A+L234I,2,187,190,GLY,314,360,0.8722222222222222,WT|V106A|V106A+L234I
V106A+L234I,2,220,223,LYS,2,360,0.005555555555555556,WT|V106A|V106A+L234I
V106A+L234I,2,222,225,PRO,339,360,0.9416666666666667,WT|V106A|V106A+L234I
V106A+L234I,2,224,227,PHE,355,360,0.9861111111111112,WT|V106A|V106A+L234I
V106A+L234I,2,226,229,TRP,359,360,0.9972222222222222,WT|V106A|V106A+L234I
V106A+L234I,2,231,234,LEU,355,360,0.9861111111111112,WT|V106A|V106A+L234I
V106A+L234I,2,233,236,PRO,255,360,0.7083333333333334,WT|V106A|V106A+L234I
V106A+L234I,2,315,318,TYR,342,360,0.95,WT|V106A|V106A+L234I
V106A+L234I,3,92,95,PRO,47,360,0.13055555555555556,WT|V106A|V106A+L234I
V106A+L234I,3,94,97,PRO,9,360,0.025,WT|V106A|V106A+L234I
V106A+L234I,3,97,100,LEU,316,360,0.8777777777777778,WT|V106A|V106A+L234I
V106A+L234I,3,100,103,LYS,264,360,0.7333333333333333,WT|V106A|V106A+L234I
V106A+L234I,3,102,105,SER,28,360,0.07777777777777778,WT|V106A|V106A+L234I
V106A+L234I,3,103,106,ALA,359,360,0.9972222222222222,WT|V106A|V106A+L234I
V106A+L234I,3,105,108,VAL,326,360,0.9055555555555556,WT|V106A|V106A+L234I
V106A+L234I,3,176,179,VAL,345,360,0.9583333333333334,WT|V106A|V106A+L234I
V106A+L234I,3,178,181,TYR,357,360,0.9916666666666667,WT|V106A|V106A+L234I
V106A+L234I,3,185,188,TYR,358,360,0.9944444444444445,WT|V106A|V106A+L234I
V106A+L234I,3,186,189,VAL,10,360,0.027777777777777776,WT|V106A|V106A+L234I
V106A+L234I,3,187,190,GLY,336,360,0.9333333333333333,WT|V106A|V106A+L234I
V106A+L234I,3,222,225,PRO,110,360,0.3055555555555556,WT|V106A|V106A+L234I
V106A+L234I,3,223,226,PRO,105,360,0.2916666666666667,WT|V106A|V106A+L234I
V106A+L234I,3,224,227,PHE,340,360,0.9444444444444444,WT|V106A|V106A+L234I
V106A+L234I,3,226,229,TRP,336,360,0.9333333333333333,WT|V106A|V106A+L234I
V106A+L234I,3,229,232,TYR,2,360,0.005555555555555556,WT|V106A|V106A+L234I
V106A+L234I,3,231,234,LEU,275,360,0.7638888888888888,WT|V106A|V106A+L234I
V106A+L234I,3,233,236,PRO,265,360,0.7361111111111112,WT|V106A|V106A+L234I
V106A+L234I,3,315,318,TYR,297,360,0.825,WT|V106A|V106A+L234I
WT,1,92,95,PRO,301,500,0.602,WT|V106A|V106A+L234I
WT,1,97,100,LEU,500,500,1.0,WT|V106A|V106A+L234I
WT,1,99,102,LYS,12,500,0.024,WT|V106A|V106A+L234I
WT,1,100,103,LYS,239,500,0.478,WT|V106A|V106A+L234I
WT,1,103,106,ALA,500,500,1.0,WT|V106A|V106A+L234I
WT,1,105,108,VAL,446,500,0.892,WT|V106A|V106A+L234I
WT,1,176,179,VAL,457,500,0.914,WT|V106A|V106A+L234I
WT,1,178,181,TYR,497,500,0.994,WT|V106A|V106A+L234I
WT,1,185,188,TYR,500,500,1.0,WT|V106A|V106A+L234I
WT,1,187,190,GLY,420,500,0.84,WT|V106A|V106A+L234I
WT,1,220,223,LYS,1,500,0.002,WT|V106A|V106A+L234I
WT,1,222,225,PRO,413,500,0.826,WT|V106A|V106A+L234I
WT,1,224,227,PHE,450,500,0.9,WT|V106A|V106A+L234I
WT,1,226,229,TRP,490,500,0.98,WT|V106A|V106A+L234I
WT,1,231,234,LEU,453,500,0.906,WT|V106A|V106A+L234I
WT,1,233,236,PRO,253,500,0.506,WT|V106A|V106A+L234I
WT,1,315,318,TYR,500,500,1.0,WT|V106A|V106A+L234I
WT,2,92,95,PRO,49,180,0.2722222222222222,WT|V106A|V106A+L234I
WT,2,94,97,PRO,10,180,0.05555555555555555,WT|V106A|V106A+L234I
WT,2,97,100,LEU,180,180,1.0,WT|V106A|V106A+L234I
WT,2,99,102,LYS,15,180,0.08333333333333333,WT|V106A|V106A+L234I
WT,2,100,103,LYS,109,180,0.6055555555555555,WT|V106A|V106A+L234I
WT,2,103,106,ALA,180,180,1.0,WT|V106A|V106A+L234I
WT,2,105,108,VAL,103,180,0.5722222222222222,WT|V106A|V106A+L234I
WT,2,176,179,VAL,138,180,0.7666666666666667,WT|V106A|V106A+L234I
WT,2,178,181,TYR,122,180,0.6777777777777778,WT|V106A|V106A+L234I
WT,2,185,188,TYR,114,180,0.6333333333333333,WT|V106A|V106A+L234I
WT,2,187,190,GLY,132,180,0.7333333333333333,WT|V106A|V106A+L234I
WT,2,222,225,PRO,108,180,0.6,WT|V106A|V106A+L234I
WT,2,224,227,PHE,177,180,0.9833333333333333,WT|V106A|V106A+L234I
WT,2,226,229,TRP,163,180,0.9055555555555556,WT|V106A|V106A+L234I
WT,2,231,234,LEU,164,180,0.9111111111111111,WT|V106A|V106A+L234I
WT,2,233,236,PRO,142,180,0.7888888888888889,WT|V106A|V106A+L234I
WT,2,315,318,TYR,180,180,1.0,WT|V106A|V106A+L234I
WT,3,92,95,PRO,110,180,0.6111111111111112,WT|V106A|V106A+L234I
WT,3,94,97,PRO,1,180,0.005555555555555556,WT|V106A|V106A+L234I
WT,3,97,100,LEU,166,180,0.9222222222222223,WT|V106A|V106A+L234I
WT,3,99,102,LYS,5,180,0.027777777777777776,WT|V106A|V106A+L234I
WT,3,100,103,LYS,125,180,0.6944444444444444,WT|V106A|V106A+L234I
WT,3,103,106,ALA,179,180,0.9944444444444445,WT|V106A|V106A+L234I
WT,3,105,108,VAL,139,180,0.7722222222222223,WT|V106A|V106A+L234I
WT,3,176,179,VAL,150,180,0.8333333333333334,WT|V106A|V106A+L234I
WT,3,178,181,TYR,179,180,0.9944444444444445,WT|V106A|V106A+L234I
WT,3,185,188,TYR,180,180,1.0,WT|V106A|V106A+L234I
WT,3,187,190,GLY,158,180,0.8777777777777778,WT|V106A|V106A+L234I
WT,3,220,223,LYS,1,180,0.005555555555555556,WT|V106A|V106A+L234I
WT,3,222,225,PRO,154,180,0.8555555555555555,WT|V106A|V106A+L234I
WT,3,224,227,PHE,166,180,0.9222222222222223,WT|V106A|V106A+L234I
WT,3,226,229,TRP,179,180,0.9944444444444445,WT|V106A|V106A+L234I
WT,3,231,234,LEU,168,180,0.9333333333333333,WT|V106A|V106A+L234I
WT,3,233,236,PRO,96,180,0.5333333333333333,WT|V106A|V106A+L234I
WT,3,315,318,TYR,179,180,0.9944444444444445,WT|V106A|V106A+L234I
A98G+F227C,1,92,95,PRO,107,180,0.5944444444444444,WT|F227C|A98G+F227C
A98G+F227C,1,97,100,LEU,178,180,0.9888888888888889,WT|F227C|A98G+F227C
A98G+F227C,1,99,102,LYS,5,180,0.027777777777777776,WT|F227C|A98G+F227C
A98G+F227C,1,100,103,LYS,117,180,0.65,WT|F227C|A98G+F227C
A98G+F227C,1,102,105,SER,1,180,0.005555555555555556,WT|F227C|A98G+F227C
A98G+F227C,1,103,106,VAL,179,180,0.9944444444444445,WT|F227C|A98G+F227C
A98G+F227C,1,105,108,VAL,13,180,0.07222222222222222,WT|F227C|A98G+F227C
A98G+F227C,1,176,179,VAL,179,180,0.9944444444444445,WT|F227C|A98G+F227C
A98G+F227C,1,178,181,TYR,175,180,0.9722222222222222,WT|F227C|A98G+F227C
A98G+F227C,1,185,188,TYR,180,180,1.0,WT|F227C|A98G+F227C
A98G+F227C,1,186,189,VAL,1,180,0.005555555555555556,WT|F227C|A98G+F227C
A98G+F227C,1,187,190,GLY,141,180,0.7833333333333333,WT|F227C|A98G+F227C
A98G+F227C,1,222,225,PRO,143,180,0.7944444444444444,WT|F227C|A98G+F227C
A98G+F227C,1,224,227,CYS,159,180,0.8833333333333333,WT|F227C|A98G+F227C
A98G+F227C,1,226,229,TRP,178,180,0.9888888888888889,WT|F227C|A98G+F227C
A98G+F227C,1,231,234,LEU,159,180,0.8833333333333333,WT|F227C|A98G+F227C
A98G+F227C,1,233,236,PRO,72,180,0.4,WT|F227C|A98G+F227C
A98G+F227C,1,315,318,TYR,178,180,0.9888888888888889,WT|F227C|A98G+F227C
A98G+F227C,2,92,95,PRO,31,180,0.17222222222222222,WT|F227C|A98G+F227C
A98G+F227C,2,97,100,LEU,180,180,1.0,WT|F227C|A98G+F227C
A98G+F227C,2,99,102,LYS,10,180,0.05555555555555555,WT|F227C|A98G+F227C
A98G+F227C,2,100,103,LYS,95,180,0.5277777777777778,WT|F227C|A98G+F227C
A98G+F227C,2,103,106,VAL,180,180,1.0,WT|F227C|A98G+F227C
A98G+F227C,2,105,108,VAL,120,180,0.6666666666666666,WT|F227C|A98G+F227C
A98G+F227C,2,176,179,VAL,170,180,0.9444444444444444,WT|F227C|A98G+F227C
A98G+F227C,2,178,181,TYR,179,180,0.9944444444444445,WT|F227C|A98G+F227C
A98G+F227C,2,185,188,TYR,180,180,1.0,WT|F227C|A98G+F227C
A98G+F227C,2,187,190,GLY,145,180,0.8055555555555556,WT|F227C|A98G+F227C
A98G+F227C,2,220,223,LYS,3,180,0.016666666666666666,WT|F227C|A98G+F227C
A98G+F227C,2,222,225,PRO,156,180,0.8666666666666667,WT|F227C|A98G+F227C
A98G+F227C,2,224,227,CYS,153,180,0.85,WT|F227C|A98G+F227C
A98G+F227C,2,226,229,TRP,176,180,0.9777777777777777,WT|F227C|A98G+F227C
A98G+F227C,2,231,234,LEU,161,180,0.8944444444444445,WT|F227C|A98G+F227C
A98G+F227C,2,233,236,PRO,92,180,0.5111111111111111,WT|F227C|A98G+F227C
A98G+F227C,2,315,318,TYR,176,180,0.9777777777777777,WT|F227C|A98G+F227C
A98G+F227C,3,92,95,PRO,30,200,0.15,WT|F227C|A98G+F227C
A98G+F227C,3,97,100,LEU,199,200,0.995,WT|F227C|A98G+F227C
A98G+F227C,3,99,102,LYS,9,200,0.045,WT|F227C|A98G+F227C
A98G+F227C,3,100,103,LYS,124,200,0.62,WT|F227C|A98G+F227C
A98G+F227C,3,103,106,VAL,200,200,1.0,WT|F227C|A98G+F227C
A98G+F227C,3,105,108,VAL,147,200,0.735,WT|F227C|A98G+F227C
A98G+F227C,3,176,179,VAL,192,200,0.96,WT|F227C|A98G+F227C
A98G+F227C,3,178,181,TYR,199,200,0.995,WT|F227C|A98G+F227C
A98G+F227C,3,185,188,TYR,200,200,1.0,WT|F227C|A98G+F227C
A98G+F227C,3,187,190,GLY,182,200,0.91,WT|F227C|A98G+F227C
A98G+F227C,3,222,225,PRO,178,200,0.89,WT|F227C|A98G+F227C
A98G+F227C,3,224,227,CYS,169,200,0.845,WT|F227C|A98G+F227C
A98G+F227C,3,226,229,TRP,200,200,1.0,WT|F227C|A98G+F227C
A98G+F227C,3,231,234,LEU,187,200,0.935,WT|F227C|A98G+F227C
A98G+F227C,3,233,236,PRO,80,200,0.4,WT|F227C|A98G+F227C
A98G+F227C,3,315,318,TYR,200,200,1.0,WT|F227C|A98G+F227C
F227C,1,92,95,PRO,63,200,0.315,WT|F227C|A98G+F227C
F227C,1,97,100,LEU,191,200,0.955,WT|F227C|A98G+F227C
F227C,1,99,102,LYS,30,200,0.15,WT|F227C|A98G+F227C
F227C,1,100,103,LYS,108,200,0.54,WT|F227C|A98G+F227C
F227C,1,103,106,VAL,200,200,1.0,WT|F227C|A98G+F227C
F227C,1,105,108,VAL,148,200,0.74,WT|F227C|A98G+F227C
F227C,1,176,179,VAL,185,200,0.925,WT|F227C|A98G+F227C
F227C,1,178,181,TYR,200,200,1.0,WT|F227C|A98G+F227C
F227C,1,185,188,TYR,200,200,1.0,WT|F227C|A98G+F227C
F227C,1,187,190,GLY,185,200,0.925,WT|F227C|A98G+F227C
F227C,1,222,225,PRO,173,200,0.865,WT|F227C|A98G+F227C
F227C,1,224,227,CYS,134,200,0.67,WT|F227C|A98G+F227C
F227C,1,226,229,TRP,200,200,1.0,WT|F227C|A98G+F227C
F227C,1,231,234,LEU,178,200,0.89,WT|F227C|A98G+F227C
F227C,1,233,236,PRO,88,200,0.44,WT|F227C|A98G+F227C
F227C,1,315,318,TYR,199,200,0.995,WT|F227C|A98G+F227C
F227C,2,92,95,PRO,93,200,0.465,WT|F227C|A98G+F227C
F227C,2,97,100,LEU,198,200,0.99,WT|F227C|A98G+F227C
F227C,2,99,102,LYS,1,200,0.005,WT|F227C|A98G+F227C
F227C,2,100,103,LYS,107,200,0.535,WT|F227C|A98G+F227C
F227C,2,103,106,VAL,200,200,1.0,WT|F227C|A98G+F227C
F227C,2,105,108,VAL,148,200,0.74,WT|F227C|A98G+F227C
F227C,2,176,179,VAL,170,200,0.85,WT|F227C|A98G+F227C
F227C,2,178,181,TYR,200,200,1.0,WT|F227C|A98G+F227C
F227C,2,185,188,TYR,200,200,1.0,WT|F227C|A98G+F227C
F227C,2,187,190,GLY,187,200,0.935,WT|F227C|A98G+F227C
F227C,2,220,223,LYS,7,200,0.035,WT|F227C|A98G+F227C
F227C,2,222,225,PRO,186,200,0.93,WT|F227C|A98G+F227C
F227C,2,224,227,CYS,159,200,0.795,WT|F227C|A98G+F227C
F227C,2,226,229,TRP,199,200,0.995,WT|F227C|A98G+F227C
F227C,2,231,234,LEU,193,200,0.965,WT|F227C|A98G+F227C
F227C,2,233,236,PRO,117,200,0.585,WT|F227C|A98G+F227C
F227C,2,315,318,TYR,199,200,0.995,WT|F227C|A98G+F227C
F227C,3,92,95,PRO,89,200,0.445,WT|F227C|A98G+F227C
F227C,3,97,100,LEU,192,200,0.96,WT|F227C|A98G+F227C
F227C,3,99,102,LYS,29,200,0.145,WT|F227C|A98G+F227C
F227C,3,100,103,LYS,142,200,0.71,WT|F227C|A98G+F227C
F227C,3,103,106,VAL,200,200,1.0,WT|F227C|A98G+F227C
F227C,3,105,108,VAL,127,200,0.635,WT|F227C|A98G+F227C
F227C,3,176,179,VAL,116,200,0.58,WT|F227C|A98G+F227C
F227C,3,178,181,TYR,200,200,1.0,WT|F227C|A98G+F227C
F227C,3,185,188,TYR,200,200,1.0,WT|F227C|A98G+F227C
F227C,3,187,190,GLY,187,200,0.935,WT|F227C|A98G+F227C
F227C,3,222,225,PRO,170,200,0.85,WT|F227C|A98G+F227C
F227C,3,224,227,CYS,149,200,0.745,WT|F227C|A98G+F227C
F227C,3,226,229,TRP,197,200,0.985,WT|F227C|A98G+F227C
F227C,3,231,234,LEU,190,200,0.95,WT|F227C|A98G+F227C
F227C,3,233,236,PRO,88,200,0.44,WT|F227C|A98G+F227C
F227C,3,315,318,TYR,200,200,1.0,WT|F227C|A98G+F227C
WT,1,92,95,PRO,301,500,0.602,WT|F227C|A98G+F227C
WT,1,97,100,LEU,500,500,1.0,WT|F227C|A98G+F227C
WT,1,99,102,LYS,12,500,0.024,WT|F227C|A98G+F227C
WT,1,100,103,LYS,239,500,0.478,WT|F227C|A98G+F227C
WT,1,103,106,VAL,500,500,1.0,WT|F227C|A98G+F227C
WT,1,105,108,VAL,446,500,0.892,WT|F227C|A98G+F227C
WT,1,176,179,VAL,457,500,0.914,WT|F227C|A98G+F227C
WT,1,178,181,TYR,497,500,0.994,WT|F227C|A98G+F227C
WT,1,185,188,TYR,500,500,1.0,WT|F227C|A98G+F227C
WT,1,187,190,GLY,420,500,0.84,WT|F227C|A98G+F227C
WT,1,220,223,LYS,1,500,0.002,WT|F227C|A98G+F227C
WT,1,222,225,PRO,413,500,0.826,WT|F227C|A98G+F227C
WT,1,224,227,CYS,450,500,0.9,WT|F227C|A98G+F227C
WT,1,226,229,TRP,490,500,0.98,WT|F227C|A98G+F227C
WT,1,231,234,LEU,453,500,0.906,WT|F227C|A98G+F227C
WT,1,233,236,PRO,253,500,0.506,WT|F227C|A98G+F227C
WT,1,315,318,TYR,500,500,1.0,WT|F227C|A98G+F227C
WT,2,92,95,PRO,49,180,0.2722222222222222,WT|F227C|A98G+F227C
WT,2,94,97,PRO,10,180,0.05555555555555555,WT|F227C|A98G+F227C
WT,2,97,100,LEU,180,180,1.0,WT|F227C|A98G+F227C
WT,2,99,102,LYS,15,180,0.08333333333333333,WT|F227C|A98G+F227C
WT,2,100,103,LYS,109,180,0.6055555555555555,WT|F227C|A98G+F227C
WT,2,103,106,VAL,180,180,1.0,WT|F227C|A98G+F227C
WT,2,105,108,VAL,103,180,0.5722222222222222,WT|F227C|A98G+F227C
WT,2,176,179,VAL,138,180,0.7666666666666667,WT|F227C|A98G+F227C
WT,2,178,181,TYR,122,180,0.6777777777777778,WT|F227C|A98G+F227C
WT,2,185,188,TYR,114,180,0.6333333333333333,WT|F227C|A98G+F227C
WT,2,187,190,GLY,132,180,0.7333333333333333,WT|F227C|A98G+F227C
WT,2,222,225,PRO,108,180,0.6,WT|F227C|A98G+F227C
WT,2,224,227,CYS,177,180,0.9833333333333333,WT|F227C|A98G+F227C
WT,2,226,229,TRP,163,180,0.9055555555555556,WT|F227C|A98G+F227C
WT,2,231,234,LEU,164,180,0.9111111111111111,WT|F227C|A98G+F227C
WT,2,233,236,PRO,142,180,0.7888888888888889,WT|F227C|A98G+F227C
WT,2,315,318,TYR,180,180,1.0,WT|F227C|A98G+F227C
WT,3,92,95,PRO,110,180,0.6111111111111112,WT|F227C|A98G+F227C
WT,3,94,97,PRO,1,180,0.005555555555555556,WT|F227C|A98G+F227C
WT,3,97,100,LEU,166,180,0.9222222222222223,WT|F227C|A98G+F227C
WT,3,99,102,LYS,5,180,0.027777777777777776,WT|F227C|A98G+F227C
WT,3,100,103,LYS,125,180,0.6944444444444444,WT|F227C|A98G+F227C
WT,3,103,106,VAL,179,180,0.9944444444444445,WT|F227C|A98G+F227C
WT,3,105,108,VAL,139,180,0.7722222222222223,WT|F227C|A98G+F227C
WT,3,176,179,VAL,150,180,0.8333333333333334,WT|F227C|A98G+F227C
WT,3,178,181,TYR,179,180,0.9944444444444445,WT|F227C|A98G+F227C
WT,3,185,188,TYR,180,180,1.0,WT|F227C|A98G+F227C
WT,3,187,190,GLY,158,180,0.8777777777777778,WT|F227C|A98G+F227C
WT,3,220,223,LYS,1,180,0.005555555555555556,WT|F227C|A98G+F227C
WT,3,222,225,PRO,154,180,0.8555555555555555,WT|F227C|A98G+F227C
WT,3,224,227,CYS,166,180,0.9222222222222223,WT|F227C|A98G+F227C
WT,3,226,229,TRP,179,180,0.9944444444444445,WT|F227C|A98G+F227C
WT,3,231,234,LEU,168,180,0.9333333333333333,WT|F227C|A98G+F227C
WT,3,233,236,PRO,96,180,0.5333333333333333,WT|F227C|A98G+F227C
WT,3,315,318,TYR,179,180,0.9944444444444445,WT|F227C|A98G+F227C
