triplet,auth_resid,mutation,replicate,n_points,timing_source
WT|V106M|V106A,95,WT,1,500,state_csv
WT|V106M|V106A,95,WT,2,500,state_csv
WT|V106M|V106A,95,WT,3,500,state_csv
WT|V106M|V106A,95,V106M,1,50,state_csv
WT|V106M|V106A,95,V106M,2,50,state_csv
WT|V106M|V106A,95,V106M,3,50,state_csv
WT|V106M|V106A,95,V106A,1,500,state_csv
WT|V106M|V106A,95,V106A,2,500,state_csv
WT|V106M|V106A,95,V106A,3,500,state_csv
WT|G190A|G190E,179,WT,1,500,state_csv
WT|G190A|G190E,179,WT,2,500,state_csv
WT|G190A|G190E,179,WT,3,500,state_csv
WT|G190A|G190E,179,G190A,1,252,state_csv
WT|G190A|G190E,179,G190A,2,268,state_csv
WT|G190A|G190E,179,G190A,3,282,state_csv
WT|G190A|G190E,179,G190E,1,236,state_csv
WT|G190A|G190E,179,G190E,2,277,state_csv
WT|G190A|G190E,179,G190E,3,360,state_csv
WT|K103N|K103N+P225H,225,WT,1,500,state_csv
WT|K103N|K103N+P225H,225,WT,2,500,state_csv
WT|K103N|K103N+P225H,225,WT,3,500,state_csv
WT|K103N|K103N+P225H,225,K103N,1,500,state_csv
WT|K103N|K103N+P225H,225,K103N,2,500,state_csv
WT|K103N|K103N+P225H,225,K103N,3,500,state_csv
WT|K103N|K103N+P225H,225,K103N+P225H,1,335,state_csv
WT|K103N|K103N+P225H,225,K103N+P225H,2,50,state_csv
WT|K103N|K103N+P225H,225,K103N+P225H,3,500,state_csv
WT|K103N|K103N+M230L,236,WT,1,500,state_csv
WT|K103N|K103N+M230L,236,WT,2,500,state_csv
WT|K103N|K103N+M230L,236,WT,3,500,state_csv
WT|K103N|K103N+M230L,236,K103N,1,500,state_csv
WT|K103N|K103N+M230L,236,K103N,2,500,state_csv
WT|K103N|K103N+M230L,236,K103N,3,500,state_csv
WT|K103N|K103N+M230L,236,K103N+M230L,1,228,state_csv
WT|K103N|K103N+M230L,236,K103N+M230L,2,269,state_csv
WT|K103N|K103N+M230L,236,K103N+M230L,3,500,state_csv
WT|V106A|V106A+P225H,106,WT,1,500,state_csv
WT|V106A|V106A+P225H,106,WT,2,500,state_csv
WT|V106A|V106A+P225H,106,WT,3,500,state_csv
WT|V106A|V106A+P225H,106,V106A,1,500,state_csv
WT|V106A|V106A+P225H,106,V106A,2,500,state_csv
WT|V106A|V106A+P225H,106,V106A,3,500,state_csv
WT|V106A|V106A+P225H,106,V106A+P225H,1,50,state_csv
WT|V106A|V106A+P225H,106,V106A+P225H,2,50,state_csv
WT|V106A|V106A+P225H,106,V106A+P225H,3,51,state_csv
WT|V106I|V106I+F227C,227,WT,1,500,state_csv
WT|V106I|V106I+F227C,227,WT,2,500,state_csv
WT|V106I|V106I+F227C,227,WT,3,500,state_csv
WT|V106I|V106I+F227C,227,V106I,1,500,state_csv
WT|V106I|V106I+F227C,227,V106I,2,500,state_csv
WT|V106I|V106I+F227C,227,V106I,3,500,state_csv
WT|V106I|V106I+F227C,227,V106I+F227C,1,50,state_csv
WT|V106I|V106I+F227C,227,V106I+F227C,2,50,state_csv
WT|V106I|V106I+F227C,227,V106I+F227C,3,50,state_csv
WT|V106A|V106A+L234I,95,WT,1,500,state_csv
WT|V106A|V106A+L234I,95,WT,2,500,state_csv
WT|V106A|V106A+L234I,95,WT,3,500,state_csv
WT|V106A|V106A+L234I,95,V106A,1,500,state_csv
WT|V106A|V106A+L234I,95,V106A,2,500,state_csv
WT|V106A|V106A+L234I,95,V106A,3,500,state_csv
WT|V106A|V106A+L234I,95,V106A+L234I,1,50,state_csv
WT|V106A|V106A+L234I,95,V106A+L234I,2,67,state_csv
WT|V106A|V106A+L234I,95,V106A+L234I,3,50,state_csv
WT|F227C|A98G+F227C,108,WT,1,500,state_csv
WT|F227C|A98G+F227C,108,WT,2,500,state_csv
WT|F227C|A98G+F227C,108,WT,3,500,state_csv
WT|F227C|A98G+F227C,108,F227C,1,263,state_csv
WT|F227C|A98G+F227C,108,F227C,2,390,state_csv
WT|F227C|A98G+F227C,108,F227C,3,50,state_csv
WT|F227C|A98G+F227C,108,A98G+F227C,1,260,state_csv
WT|F227C|A98G+F227C,108,A98G+F227C,2,249,state_csv
WT|F227C|A98G+F227C,108,A98G+F227C,3,50,state_csv
