structure,mutation,safe_label,replicate,min_distance_start_angstrom,min_distance_trajectory_angstrom,trajectory_frames_sampled,bound_threshold_angstrom,is_bound_start,is_bound_trajectory,qc_flag,topology_pdb_used,trajectory_dcd_used
DOR,A98G+F227C,A98G_F227C,1,2.904576094986425,2.7669420762430144,9,6.0,True,True,OK,results/md_runs/A98G_F227C/rep_01/A98G_F227C_rep01_analysis_topology.pdb,results/md_runs/A98G_F227C/rep_01/A98G_F227C_rep01_analysis.dcd
DOR,A98G+F227C,A98G_F227C,2,3.00687497424634,1.6683955522173453,9,6.0,True,True,OK,results/md_runs/A98G_F227C/rep_02/A98G_F227C_rep02_analysis_topology.pdb,results/md_runs/A98G_F227C/rep_02/A98G_F227C_rep02_analysis.dcd
DOR,A98G+F227C,A98G_F227C,3,2.9748721217367993,2.7227243214321155,10,6.0,True,True,OK,results/md_runs/A98G_F227C/rep_03/A98G_F227C_rep03_analysis_topology.pdb,results/md_runs/A98G_F227C/rep_03/A98G_F227C_rep03_analysis.dcd
DOR,F227C,F227C,1,2.9045890764686595,,0,6.0,True,,OK,results/md_runs/F227C/rep_01/F227C_rep01_analysis_topology.pdb,results/md_runs/F227C/rep_01/F227C_rep01_analysis.dcd
DOR,F227C,F227C,2,2.920844608557899,2.6237980110222816,10,6.0,True,True,OK,results/md_runs/F227C/rep_02/F227C_rep02_analysis_topology.pdb,results/md_runs/F227C/rep_02/F227C_rep02_analysis.dcd
DOR,F227C,F227C,3,2.8765037868255674,2.6912744515819753,10,6.0,True,True,OK,results/md_runs/F227C/rep_03/F227C_rep03_analysis_topology.pdb,results/md_runs/F227C/rep_03/F227C_rep03_analysis.dcd
DOR,G190A,G190A,1,2.955057227131549,1.7363798578762646,9,6.0,True,True,OK,results/md_runs/G190A/rep_01/G190A_rep01_analysis_topology.pdb,results/md_runs/G190A/rep_01/G190A_rep01_analysis.dcd
DOR,G190A,G190A,2,2.9203066091643635,1.3459774295024538,9,6.0,True,True,OK,results/md_runs/G190A/rep_02/G190A_rep02_analysis_topology.pdb,results/md_runs/G190A/rep_02/G190A_rep02_analysis.dcd
DOR,G190A,G190A,3,2.954643212700747,1.646405995232742,9,6.0,True,True,OK,results/md_runs/G190A/rep_03/G190A_rep03_analysis_topology.pdb,results/md_runs/G190A/rep_03/G190A_rep03_analysis.dcd
DOR,G190E,G190E,1,3.1653558742338848,1.4355467275950704,9,6.0,True,True,OK,results/md_runs/G190E/rep_01/G190E_rep01_analysis_topology.pdb,results/md_runs/G190E/rep_01/G190E_rep01_analysis.dcd
DOR,G190E,G190E,2,2.9759574266254836,1.7844859620964215,9,6.0,True,True,OK,results/md_runs/G190E/rep_02/G190E_rep02_analysis_topology.pdb,results/md_runs/G190E/rep_02/G190E_rep02_analysis.dcd
DOR,G190E,G190E,3,3.018820452162418,1.420316940801393,7,6.0,True,True,OK,results/md_runs/G190E/rep_03/G190E_rep03_analysis_topology.pdb,results/md_runs/G190E/rep_03/G190E_rep03_analysis.dcd
DOR,G190S,G190S,1,2.9198294382826475,1.4388783449658535,10,6.0,True,True,OK,results/md_runs/G190S/rep_01/G190S_rep01_analysis_topology.pdb,results/md_runs/G190S/rep_01/G190S_rep01_analysis.dcd
DOR,G190S,G190S,2,2.896444542797655,1.7606150510044334,9,6.0,True,True,OK,results/md_runs/G190S/rep_02/G190S_rep02_analysis_topology.pdb,results/md_runs/G190S/rep_02/G190S_rep02_analysis.dcd
DOR,G190S,G190S,3,2.9175306765529907,1.6560344932761253,10,6.0,True,True,OK,results/md_runs/G190S/rep_03/G190S_rep03_analysis_topology.pdb,results/md_runs/G190S/rep_03/G190S_rep03_analysis.dcd
DOR,K103N,K103N,1,2.9189705208155723,1.123737203684953,9,6.0,True,True,OK,results/md_runs/K103N/rep_01/K103N_rep01_analysis_topology.pdb,results/md_runs/K103N/rep_01/K103N_rep01_analysis.dcd
DOR,K103N,K103N,2,2.9355756459017077,1.5418624299434738,9,6.0,True,True,OK,results/md_runs/K103N/rep_02/K103N_rep02_analysis_topology.pdb,results/md_runs/K103N/rep_02/K103N_rep02_analysis.dcd
DOR,K103N,K103N,3,2.8699227592815153,2.8511670601247476,9,6.0,True,True,OK,results/md_runs/K103N/rep_03/K103N_rep03_analysis_topology.pdb,results/md_runs/K103N/rep_03/K103N_rep03_analysis.dcd
DOR,K103N+M230L,K103N_M230L,1,2.9533504220243465,1.575308574796363,10,6.0,True,True,OK,results/md_runs/K103N_M230L/rep_01/K103N_M230L_rep01_analysis_topology.pdb,results/md_runs/K103N_M230L/rep_01/K103N_M230L_rep01_analysis.dcd
DOR,K103N+M230L,K103N_M230L,2,2.977570313032996,1.2344472132413646,9,6.0,True,True,OK,results/md_runs/K103N_M230L/rep_02/K103N_M230L_rep02_analysis_topology.pdb,results/md_runs/K103N_M230L/rep_02/K103N_M230L_rep02_analysis.dcd
DOR,K103N+M230L,K103N_M230L,3,2.9238107062657304,2.7994857474394017,9,6.0,True,True,OK,results/md_runs/K103N_M230L/rep_03/K103N_M230L_rep03_analysis_topology.pdb,results/md_runs/K103N_M230L/rep_03/K103N_M230L_rep03_analysis.dcd
DOR,K103N+P225H,K103N_P225H,1,2.939353264211766,2.83072256192593,7,6.0,True,True,OK,results/md_runs/K103N_P225H/rep_01/K103N_P225H_rep01_analysis_topology.pdb,results/md_runs/K103N_P225H/rep_01/K103N_P225H_rep01_analysis.dcd
DOR,K103N+P225H,K103N_P225H,2,2.9536285390115182,2.6098291772985194,18,6.0,True,True,OK,results/md_runs/K103N_P225H/rep_02/K103N_P225H_rep02_analysis_topology.pdb,results/md_runs/K103N_P225H/rep_02/K103N_P225H_rep02_analysis.dcd
DOR,K103N+P225H,K103N_P225H,3,2.8696001471489208,2.6882804973655623,18,6.0,True,True,OK,results/md_runs/K103N_P225H/rep_03/K103N_P225H_rep03_analysis_topology.pdb,results/md_runs/K103N_P225H/rep_03/K103N_P225H_rep03_analysis.dcd
DOR,L100I+K103N,L100I_K103N,1,2.9412239041983113,2.764874318554144,18,6.0,True,True,OK,results/md_runs/L100I_K103N/rep_01/L100I_K103N_rep01_analysis_topology.pdb,results/md_runs/L100I_K103N/rep_01/L100I_K103N_rep01_analysis.dcd
DOR,L100I+K103N,L100I_K103N,2,2.9396869812734803,1.634641252653992,18,6.0,True,True,OK,results/md_runs/L100I_K103N/rep_02/L100I_K103N_rep02_analysis_topology.pdb,results/md_runs/L100I_K103N/rep_02/L100I_K103N_rep02_analysis.dcd
DOR,L100I+K103N,L100I_K103N,3,2.9561108597782995,2.7108179102945527,18,6.0,True,True,OK,results/md_runs/L100I_K103N/rep_03/L100I_K103N_rep03_analysis_topology.pdb,results/md_runs/L100I_K103N/rep_03/L100I_K103N_rep03_analysis.dcd
DOR,V106A,V106A,1,2.870324405595896,1.776179462836554,7,6.0,True,True,OK,results/md_runs/V106A/rep_01/V106A_rep01_analysis_topology.pdb,results/md_runs/V106A/rep_01/V106A_rep01_analysis.dcd
DOR,V106A,V106A,2,2.9716049723552014,2.704646585728091,18,6.0,True,True,OK,results/md_runs/V106A/rep_02/V106A_rep02_analysis_topology.pdb,results/md_runs/V106A/rep_02/V106A_rep02_analysis.dcd
DOR,V106A,V106A,3,2.9033974320637124,2.8334492973010352,9,6.0,True,True,OK,results/md_runs/V106A/rep_03/V106A_rep03_analysis_topology.pdb,results/md_runs/V106A/rep_03/V106A_rep03_analysis.dcd
DOR,V106A+F227L,V106A_F227L,1,2.8737424813285637,2.768318375791304,18,6.0,True,True,OK,results/md_runs/V106A_F227L/rep_01/V106A_F227L_rep01_analysis_topology.pdb,results/md_runs/V106A_F227L/rep_01/V106A_F227L_rep01_analysis.dcd
DOR,V106A+F227L,V106A_F227L,2,2.8731761914462894,2.6963128519025825,18,6.0,True,True,OK,results/md_runs/V106A_F227L/rep_02/V106A_F227L_rep02_analysis_topology.pdb,results/md_runs/V106A_F227L/rep_02/V106A_F227L_rep02_analysis.dcd
DOR,V106A+F227L,V106A_F227L,3,3.029250278494106,2.7417923988460036,18,6.0,True,True,OK,results/md_runs/V106A_F227L/rep_03/V106A_F227L_rep03_analysis_topology.pdb,results/md_runs/V106A_F227L/rep_03/V106A_F227L_rep03_analysis.dcd
DOR,V106A+L234I,V106A_L234I,1,2.9163182232453524,2.676271385442087,18,6.0,True,True,OK,results/md_runs/V106A_L234I/rep_01/V106A_L234I_rep01_analysis_topology.pdb,results/md_runs/V106A_L234I/rep_01/V106A_L234I_rep01_analysis.dcd
DOR,V106A+L234I,V106A_L234I,2,2.8714279825200526,2.7365532297314963,18,6.0,True,True,OK,results/md_runs/V106A_L234I/rep_02/V106A_L234I_rep02_analysis_topology.pdb,results/md_runs/V106A_L234I/rep_02/V106A_L234I_rep02_analysis.dcd
DOR,V106A+L234I,V106A_L234I,3,2.8971176764569,1.9579936295680005,18,6.0,True,True,OK,results/md_runs/V106A_L234I/rep_03/V106A_L234I_rep03_analysis_topology.pdb,results/md_runs/V106A_L234I/rep_03/V106A_L234I_rep03_analysis.dcd
DOR,V106A+P225H,V106A_P225H,1,2.9045425636665128,,0,6.0,True,,OK,results/md_runs/V106A_P225H/rep_01/V106A_P225H_rep01_analysis_topology.pdb,results/md_runs/V106A_P225H/rep_01/V106A_P225H_rep01_analysis.dcd
DOR,V106A+P225H,V106A_P225H,2,2.887404663612645,2.660189537694839,18,6.0,True,True,OK,results/md_runs/V106A_P225H/rep_02/V106A_P225H_rep02_analysis_topology.pdb,results/md_runs/V106A_P225H/rep_02/V106A_P225H_rep02_analysis.dcd
DOR,V106A+P225H,V106A_P225H,3,2.883782560245279,2.6834817843524217,18,6.0,True,True,OK,results/md_runs/V106A_P225H/rep_03/V106A_P225H_rep03_analysis_topology.pdb,results/md_runs/V106A_P225H/rep_03/V106A_P225H_rep03_analysis.dcd
DOR,V106I,V106I,1,2.9474431750073893,1.58798880666912,9,6.0,True,True,OK,results/md_runs/V106I/rep_01/V106I_rep01_analysis_topology.pdb,results/md_runs/V106I/rep_01/V106I_rep01_analysis.dcd
DOR,V106I,V106I,2,2.947047225925955,2.6492242890203155,9,6.0,True,True,OK,results/md_runs/V106I/rep_02/V106I_rep02_analysis_topology.pdb,results/md_runs/V106I/rep_02/V106I_rep02_analysis.dcd
DOR,V106I,V106I,3,2.915665884194623,2.746670457659772,9,6.0,True,True,OK,results/md_runs/V106I/rep_03/V106I_rep03_analysis_topology.pdb,results/md_runs/V106I/rep_03/V106I_rep03_analysis.dcd
DOR,V106I+F227C,V106I_F227C,1,2.943697738032216,1.3857411624488474,18,6.0,True,True,OK,results/md_runs/V106I_F227C/rep_01/V106I_F227C_rep01_analysis_topology.pdb,results/md_runs/V106I_F227C/rep_01/V106I_F227C_rep01_analysis.dcd
DOR,V106I+F227C,V106I_F227C,2,2.9617088856178997,,0,6.0,True,,OK,results/md_runs/V106I_F227C/rep_02/V106I_F227C_rep02_analysis_topology.pdb,results/md_runs/V106I_F227C/rep_02/V106I_F227C_rep02_analysis.dcd
DOR,V106I+F227C,V106I_F227C,3,2.929625603174408,,0,6.0,True,,OK,results/md_runs/V106I_F227C/rep_03/V106I_F227C_rep03_analysis_topology.pdb,results/md_runs/V106I_F227C/rep_03/V106I_F227C_rep03_analysis.dcd
DOR,V106M,V106M,1,2.98551979969539,,0,6.0,True,,OK,results/md_runs/V106M/rep_01/V106M_rep01_analysis_topology.pdb,results/md_runs/V106M/rep_01/V106M_rep01_analysis.dcd
DOR,V106M,V106M,2,2.975752664052942,,0,6.0,True,,OK,results/md_runs/V106M/rep_02/V106M_rep02_analysis_topology.pdb,results/md_runs/V106M/rep_02/V106M_rep02_analysis.dcd
DOR,V106M,V106M,3,3.005324943812039,,0,6.0,True,,OK,results/md_runs/V106M/rep_03/V106M_rep03_analysis_topology.pdb,results/md_runs/V106M/rep_03/V106M_rep03_analysis.dcd
DOR,WT,wt,1,3.097257171314848,2.7453969380377696,25,6.0,True,True,OK,results/md_runs/wt/rep_01/wt_rep01_analysis_topology.pdb,results/md_runs/wt/rep_01/wt_rep01_analysis.dcd
DOR,WT,wt,2,2.897700598631482,1.599453269509436,9,6.0,True,True,OK,results/md_runs/wt/rep_02/wt_rep02_analysis_topology.pdb,results/md_runs/wt/rep_02/wt_rep02_analysis.dcd
DOR,WT,wt,3,2.8940480716037777,2.769621051383295,9,6.0,True,True,OK,results/md_runs/wt/rep_03/wt_rep03_analysis_topology.pdb,results/md_runs/wt/rep_03/wt_rep03_analysis.dcd
DOR,Y181C,Y181C,1,3.01754727651116,2.73587700106301,9,6.0,True,True,OK,results/md_runs/Y181C/rep_01/Y181C_rep01_analysis_topology.pdb,results/md_runs/Y181C/rep_01/Y181C_rep01_analysis.dcd
DOR,Y181C,Y181C,2,2.9385768331803788,1.659908947792674,9,6.0,True,True,OK,results/md_runs/Y181C/rep_02/Y181C_rep02_analysis_topology.pdb,results/md_runs/Y181C/rep_02/Y181C_rep02_analysis.dcd
DOR,Y181C,Y181C,3,2.901245245607268,1.6356692070880503,9,6.0,True,True,OK,results/md_runs/Y181C/rep_03/Y181C_rep03_analysis_topology.pdb,results/md_runs/Y181C/rep_03/Y181C_rep03_analysis.dcd
DOR,Y188L,Y188L,1,2.85936248951601,1.1746010064763284,9,6.0,True,True,OK,results/md_runs/Y188L/rep_01/Y188L_rep01_analysis_topology.pdb,results/md_runs/Y188L/rep_01/Y188L_rep01_analysis.dcd
DOR,Y188L,Y188L,2,2.9792743682313194,2.8195818593131743,9,6.0,True,True,OK,results/md_runs/Y188L/rep_02/Y188L_rep02_analysis_topology.pdb,results/md_runs/Y188L/rep_02/Y188L_rep02_analysis.dcd
DOR,Y188L,Y188L,3,2.954420993616107,2.8194654565694828,9,6.0,True,True,OK,results/md_runs/Y188L/rep_03/Y188L_rep03_analysis_topology.pdb,results/md_runs/Y188L/rep_03/Y188L_rep03_analysis.dcd
DOR,Y318F,Y318F,1,2.9945196005269175,1.215035335047694,9,6.0,True,True,OK,results/md_runs/Y318F/rep_01/Y318F_rep01_analysis_topology.pdb,results/md_runs/Y318F/rep_01/Y318F_rep01_analysis.dcd
DOR,Y318F,Y318F,2,3.0001473031820063,2.6512025378473005,5,6.0,True,True,OK,results/md_runs/Y318F/rep_02/Y318F_rep02_analysis_topology.pdb,results/md_runs/Y318F/rep_02/Y318F_rep02_analysis.dcd
DOR,Y318F,Y318F,3,2.960028454388647,2.793156914922052,6,6.0,True,True,OK,results/md_runs/Y318F/rep_03/Y318F_rep03_analysis_topology.pdb,results/md_runs/Y318F/rep_03/Y318F_rep03_analysis.dcd
