mutation,system,metric,replicate,safe_label,output_json,analysis_dcd,analysis_topology_pdb,drm_plot_path,n_points,max_step_abs_angstrom,p95_step_abs_angstrom,late_max_step_abs_angstrom,p95_curvature_abs_angstrom,endpoint_shift_abs_angstrom,trace_range_angstrom,trace_std_angstrom,max_step_time_ns,z_max_step,z_late_jump,z_curvature,z_endpoint_shift,interesting_score,interesting_reasons,n_reasons,is_interesting
Y181C,WT,c1_to_dor,2,wt,/Users/rohitpro/Career/00_Github/nnrti-mechanisms/results/md_runs/wt/rep_02/wt_rep02.json,results/md_runs/wt/rep_02/wt_rep02_analysis.dcd,results/md_runs/wt/rep_02/wt_rep02_analysis_topology.pdb,results/plots/drm_distances/Y181C_drm_distance_timeseries.png,180,1.9766344407565506,1.3175807957271584,1.840986026944746,2.1846232552737375,0.5490542481911707,2.64204160753975,0.5923221813967472,33.5195530726257,8.0,6.188918093548707,8.0,0.9812769106589478,37.28354586033688,panel_outlier_step;panel_outlier_bumpy,2,True
Y188L,WT,c1_to_dor,2,wt,/Users/rohitpro/Career/00_Github/nnrti-mechanisms/results/md_runs/wt/rep_02/wt_rep02.json,results/md_runs/wt/rep_02/wt_rep02_analysis.dcd,results/md_runs/wt/rep_02/wt_rep02_analysis_topology.pdb,results/plots/drm_distances/Y188L_drm_distance_timeseries.png,180,1.965222536261087,1.4439623062688298,1.965222536261087,2.378811216907502,0.5641657463512697,2.1395965919614452,0.657006415126342,87.70949720670392,4.737201072535841,8.0,5.107521127787907,7.338552388031633,36.25273199922759,panel_outlier_step;panel_outlier_bumpy,2,True
Y318F,WT,c1_to_dor,2,wt,/Users/rohitpro/Career/00_Github/nnrti-mechanisms/results/md_runs/wt/rep_02/wt_rep02.json,results/md_runs/wt/rep_02/wt_rep02_analysis.dcd,results/md_runs/wt/rep_02/wt_rep02_analysis_topology.pdb,results/plots/drm_distances/Y318F_drm_distance_timeseries.png,180,1.7599820267260615,1.277171398447041,1.6736330771975172,1.8944251180876424,0.1671968515165725,2.225001025180493,0.616737400260684,8.379888268156424,1.3605589646162974,8.0,8.0,2.0156806903322315,27.936798619564826,panel_outlier_bumpy,1,True
V106A+L234I,WT,c2_to_dor,2,wt,/Users/rohitpro/Career/00_Github/nnrti-mechanisms/results/md_runs/wt/rep_02/wt_rep02.json,results/md_runs/wt/rep_02/wt_rep02_analysis.dcd,results/md_runs/wt/rep_02/wt_rep02_analysis_topology.pdb,results/plots/drm_distances/V106A_L234I_drm_distance_timeseries.png,180,2.0407516829220427,1.5315320512967379,1.8967604165765928,2.8269354341285853,0.44332411623339096,2.977377545606385,0.6944055967732685,25.69832402234637,2.9687484633758556,6.444674510584268,6.1744832157597545,3.349089510480504,27.624893834654728,bumpy_curvature>=2.4A;panel_outlier_step;panel_outlier_bumpy,3,True
Y318F,Mutant,c1_to_dor,1,Y318F,/Users/rohitpro/Career/00_Github/nnrti-mechanisms/results/md_runs/Y318F/rep_01/Y318F_rep01.json,results/md_runs/Y318F/rep_01/Y318F_rep01_analysis.dcd,results/md_runs/Y318F/rep_01/Y318F_rep01_analysis_topology.pdb,results/plots/drm_distances/Y318F_drm_distance_timeseries.png,180,2.0065051120840973,1.1106344007371114,2.0065051120840973,1.5270066174555947,0.03881022850573812,2.2342759760268605,0.4469145775185704,81.56424581005587,8.0,4.07300287747307,2.217416361597222,0.0,25.3994458740333,panel_outlier_step,1,True
A98G+F227C,Mutant,c2_to_dor,2,A98G_F227C,/Users/rohitpro/Career/00_Github/nnrti-mechanisms/results/md_runs/A98G_F227C/rep_02/A98G_F227C_rep02.json,results/md_runs/A98G_F227C/rep_02/A98G_F227C_rep02_analysis.dcd,results/md_runs/A98G_F227C/rep_02/A98G_F227C_rep02_analysis_topology.pdb,results/plots/drm_distances/A98G_F227C_drm_distance_timeseries.png,180,1.8003569221689553,1.062479125963687,1.8003569221689553,1.6212445163603786,0.6187344938767971,2.1705868015407295,0.41103696262965295,43.96813407821229,0.6744907594765952,8.0,3.771436120442382,4.053144466677282,23.10499294220557,panel_outlier_bumpy,1,True
V106A+L234I,Mutant,c1_to_dor,3,V106A_L234I,/Users/rohitpro/Career/00_Github/nnrti-mechanisms/results/md_runs/V106A_L234I/rep_03/V106A_L234I_rep03.json,results/md_runs/V106A_L234I/rep_03/V106A_L234I_rep03_analysis.dcd,results/md_runs/V106A_L234I/rep_03/V106A_L234I_rep03_analysis_topology.pdb,results/plots/drm_distances/V106A_L234I_drm_distance_timeseries.png,360,1.6685209913494568,0.528480230772537,1.6685209913494568,0.889666721584735,1.0874545414167538,2.156289399925243,0.393076650127926,8.746518105849582,2.5131373221123603,5.068159802215274,0.0,8.0,21.13533032776916,endpoint_shift>=1.0A;panel_outlier_step,2,True
K103N+M230L,Mutant,c1_to_c2,2,K103N_M230L,/Users/rohitpro/Career/00_Github/nnrti-mechanisms/results/md_runs/K103N_M230L/rep_02/K103N_M230L_rep02.json,results/md_runs/K103N_M230L/rep_02/K103N_M230L_rep02_analysis.dcd,results/md_runs/K103N_M230L/rep_02/K103N_M230L_rep02_analysis_topology.pdb,results/plots/drm_distances/K103N_M230L_drm_distance_timeseries.png,180,2.5270608755930724,1.2521322588319437,1.7348459425059417,2.0771152639124053,0.12503429938600163,3.392812977171751,0.47676674654152124,10.539888268156425,3.9453090216602416,8.0,0.0,0.0,20.690618043320484,panel_outlier_step,1,True
V106A,WT,c1_to_dor,2,wt,/Users/rohitpro/Career/00_Github/nnrti-mechanisms/results/md_runs/wt/rep_02/wt_rep02.json,results/md_runs/wt/rep_02/wt_rep02_analysis.dcd,results/md_runs/wt/rep_02/wt_rep02_analysis_topology.pdb,results/plots/drm_distances/V106A_drm_distance_timeseries.png,180,1.3167670495785155,0.7811787408018793,1.3167670495785155,1.382724202043576,0.10859864715004841,1.7776756984685496,0.34460184795922516,78.77094972067039,0.0,2.6252135214058194,7.8242546919502445,3.973396222282922,18.345268956067553,panel_outlier_bumpy,1,True
V106A+F227L,WT,c1_to_dor,2,wt,/Users/rohitpro/Career/00_Github/nnrti-mechanisms/results/md_runs/wt/rep_02/wt_rep02.json,results/md_runs/wt/rep_02/wt_rep02_analysis.dcd,results/md_runs/wt/rep_02/wt_rep02_analysis_topology.pdb,results/plots/drm_distances/V106A_F227L_drm_distance_timeseries.png,180,1.3167670495785155,0.7811787408018793,1.3167670495785155,1.382724202043576,0.10859864715004841,1.7776756984685496,0.34460184795922516,78.77094972067039,0.0,2.6252135214058194,7.8242546919502445,3.973396222282922,18.345268956067553,panel_outlier_bumpy,1,True
V106A+L234I,WT,c1_to_dor,2,wt,/Users/rohitpro/Career/00_Github/nnrti-mechanisms/results/md_runs/wt/rep_02/wt_rep02.json,results/md_runs/wt/rep_02/wt_rep02_analysis.dcd,results/md_runs/wt/rep_02/wt_rep02_analysis_topology.pdb,results/plots/drm_distances/V106A_L234I_drm_distance_timeseries.png,180,1.3167670495785155,0.7811787408018793,1.3167670495785155,1.382724202043576,0.10859864715004841,1.7776756984685496,0.34460184795922516,78.77094972067039,0.0,2.6252135214058194,7.8242546919502445,3.973396222282922,18.345268956067553,panel_outlier_bumpy,1,True
V106A+P225H,WT,c1_to_dor,2,wt,/Users/rohitpro/Career/00_Github/nnrti-mechanisms/results/md_runs/wt/rep_02/wt_rep02.json,results/md_runs/wt/rep_02/wt_rep02_analysis.dcd,results/md_runs/wt/rep_02/wt_rep02_analysis_topology.pdb,results/plots/drm_distances/V106A_P225H_drm_distance_timeseries.png,180,1.3167670495785155,0.7811787408018793,1.3167670495785155,1.382724202043576,0.10859864715004841,1.7776756984685496,0.34460184795922516,78.77094972067039,0.0,2.6252135214058194,7.8242546919502445,3.973396222282922,18.345268956067553,panel_outlier_bumpy,1,True
V106I,WT,c1_to_dor,2,wt,/Users/rohitpro/Career/00_Github/nnrti-mechanisms/results/md_runs/wt/rep_02/wt_rep02.json,results/md_runs/wt/rep_02/wt_rep02_analysis.dcd,results/md_runs/wt/rep_02/wt_rep02_analysis_topology.pdb,results/plots/drm_distances/V106I_drm_distance_timeseries.png,180,1.3167670495785155,0.7811787408018793,1.3167670495785155,1.382724202043576,0.10859864715004841,1.7776756984685496,0.34460184795922516,78.77094972067039,0.0,2.6252135214058194,7.8242546919502445,3.973396222282922,18.345268956067553,panel_outlier_bumpy,1,True
V106I+F227C,WT,c1_to_dor,2,wt,/Users/rohitpro/Career/00_Github/nnrti-mechanisms/results/md_runs/wt/rep_02/wt_rep02.json,results/md_runs/wt/rep_02/wt_rep02_analysis.dcd,results/md_runs/wt/rep_02/wt_rep02_analysis_topology.pdb,results/plots/drm_distances/V106I_F227C_drm_distance_timeseries.png,180,1.3167670495785155,0.7811787408018793,1.3167670495785155,1.382724202043576,0.10859864715004841,1.7776756984685496,0.34460184795922516,78.77094972067039,0.0,2.6252135214058194,7.8242546919502445,3.973396222282922,18.345268956067553,panel_outlier_bumpy,1,True
V106M,WT,c1_to_dor,2,wt,/Users/rohitpro/Career/00_Github/nnrti-mechanisms/results/md_runs/wt/rep_02/wt_rep02.json,results/md_runs/wt/rep_02/wt_rep02_analysis.dcd,results/md_runs/wt/rep_02/wt_rep02_analysis_topology.pdb,results/plots/drm_distances/V106M_drm_distance_timeseries.png,180,1.3167670495785155,0.7811787408018793,1.3167670495785155,1.382724202043576,0.10859864715004841,1.7776756984685496,0.34460184795922516,78.77094972067039,0.0,2.6252135214058194,7.8242546919502445,3.973396222282922,18.345268956067553,panel_outlier_bumpy,1,True
V106A+F227L,Mutant,c1_to_dor,2,V106A_F227L,/Users/rohitpro/Career/00_Github/nnrti-mechanisms/results/md_runs/V106A_F227L/rep_02/V106A_F227L_rep02.json,results/md_runs/V106A_F227L/rep_02/V106A_F227L_rep02_analysis.dcd,results/md_runs/V106A_F227L/rep_02/V106A_F227L_rep02_analysis_topology.pdb,results/plots/drm_distances/V106A_F227L_drm_distance_timeseries.png,360,0.8534172707623999,0.6105389427091076,0.8225025683353229,1.0149565798103994,0.19522525881883013,1.2013144530215443,0.23343892364907207,13.844033426183845,0.0,0.0,7.782922224834377,8.0,18.11779889228469,panel_outlier_bumpy,1,True
V106A+P225H,WT,c1_to_c2,3,wt,/Users/rohitpro/Career/00_Github/nnrti-mechanisms/results/md_runs/wt/rep_03/wt_rep03.json,results/md_runs/wt/rep_03/wt_rep03_analysis.dcd,results/md_runs/wt/rep_03/wt_rep03_analysis_topology.pdb,results/plots/drm_distances/V106A_P225H_drm_distance_timeseries.png,180,1.6720065241944653,0.9049825783812541,1.6720065241944653,1.6715098297722994,0.05929243122929506,1.9173517654524304,0.34862236352011766,96.08938547486034,7.09380468146355,2.027378818529971,0.0,0.0,17.431415472575054,panel_outlier_step,1,True
G190A,Mutant,c1_to_dor,1,G190A,/Users/rohitpro/Career/00_Github/nnrti-mechanisms/results/md_runs/G190A/rep_01/G190A_rep01.json,results/md_runs/G190A/rep_01/G190A_rep01_analysis.dcd,results/md_runs/G190A/rep_01/G190A_rep01_analysis_topology.pdb,results/plots/drm_distances/G190A_drm_distance_timeseries.png,180,1.2545237444789774,0.7277288113878595,1.2545237444789774,1.2911630720730334,0.003975259884008597,1.7940422926280242,0.3083018170896591,49.308938547486036,0.6744907594765951,8.0,2.364402134929606,0.0,17.222704294361677,,0,True
K103N+M230L,WT,c1_to_c2,2,wt,/Users/rohitpro/Career/00_Github/nnrti-mechanisms/results/md_runs/wt/rep_02/wt_rep02.json,results/md_runs/wt/rep_02/wt_rep02_analysis.dcd,results/md_runs/wt/rep_02/wt_rep02_analysis_topology.pdb,results/plots/drm_distances/K103N_M230L_drm_distance_timeseries.png,180,1.9362297272011304,1.144568957271571,1.9362297272011304,1.8659158477090292,0.027539132371984465,2.5596930137373093,0.471320061546414,72.06703910614524,1.6575712738938235,8.0,0.0,0.0,16.11514254778765,,0,True
K103N,WT,c1_to_dor,2,wt,/Users/rohitpro/Career/00_Github/nnrti-mechanisms/results/md_runs/wt/rep_02/wt_rep02.json,results/md_runs/wt/rep_02/wt_rep02_analysis.dcd,results/md_runs/wt/rep_02/wt_rep02_analysis_topology.pdb,results/plots/drm_distances/K103N_drm_distance_timeseries.png,180,1.819802486861529,1.0252343894917857,1.4162703239101102,1.9262975815688044,0.20039128927296002,2.184367646218068,0.37597280042648445,16.201117318435752,1.6918029500216902,5.178257007230082,3.1235971736651202,0.0,15.729493437376167,panel_outlier_bumpy,1,True
K103N+M230L,WT,c1_to_dor,2,wt,/Users/rohitpro/Career/00_Github/nnrti-mechanisms/results/md_runs/wt/rep_02/wt_rep02.json,results/md_runs/wt/rep_02/wt_rep02_analysis.dcd,results/md_runs/wt/rep_02/wt_rep02_analysis_topology.pdb,results/plots/drm_distances/K103N_M230L_drm_distance_timeseries.png,180,1.819802486861529,1.0252343894917857,1.4162703239101102,1.9262975815688044,0.20039128927296002,2.184367646218068,0.37597280042648445,16.201117318435752,1.6918029500216902,5.178257007230082,3.1235971736651202,0.0,15.729493437376167,panel_outlier_bumpy,1,True
K103N+P225H,WT,c1_to_dor,2,wt,/Users/rohitpro/Career/00_Github/nnrti-mechanisms/results/md_runs/wt/rep_02/wt_rep02.json,results/md_runs/wt/rep_02/wt_rep02_analysis.dcd,results/md_runs/wt/rep_02/wt_rep02_analysis_topology.pdb,results/plots/drm_distances/K103N_P225H_drm_distance_timeseries.png,180,1.819802486861529,1.0252343894917857,1.4162703239101102,1.9262975815688044,0.20039128927296002,2.184367646218068,0.37597280042648445,16.201117318435752,1.6918029500216902,5.178257007230082,3.1235971736651202,0.0,15.729493437376167,panel_outlier_bumpy,1,True
L100I+K103N,WT,c2_to_dor,2,wt,/Users/rohitpro/Career/00_Github/nnrti-mechanisms/results/md_runs/wt/rep_02/wt_rep02.json,results/md_runs/wt/rep_02/wt_rep02_analysis.dcd,results/md_runs/wt/rep_02/wt_rep02_analysis_topology.pdb,results/plots/drm_distances/L100I_K103N_drm_distance_timeseries.png,180,1.819802486861529,1.0252343894917857,1.4162703239101102,1.9262975815688044,0.20039128927296002,2.184367646218068,0.37597280042648445,16.201117318435752,1.6918029500216902,5.178257007230082,3.1235971736651202,0.0,15.729493437376167,panel_outlier_bumpy,1,True
A98G+F227C,WT,c1_to_c2,3,wt,/Users/rohitpro/Career/00_Github/nnrti-mechanisms/results/md_runs/wt/rep_03/wt_rep03.json,results/md_runs/wt/rep_03/wt_rep03_analysis.dcd,results/md_runs/wt/rep_03/wt_rep03_analysis_topology.pdb,results/plots/drm_distances/A98G_F227C_drm_distance_timeseries.png,180,1.9004422214011782,1.1973555085674144,1.9004422214011782,2.2019353066231817,0.20219401194930064,2.869324939452291,0.4641052533174387,75.97765363128491,3.5387342425498365,3.5387342425498365,2.015903611874308,0.0,15.360117968616011,panel_outlier_step,1,True
A98G+F227C,WT,c2_to_dor,2,wt,/Users/rohitpro/Career/00_Github/nnrti-mechanisms/results/md_runs/wt/rep_02/wt_rep02.json,results/md_runs/wt/rep_02/wt_rep02_analysis.dcd,results/md_runs/wt/rep_02/wt_rep02_analysis_topology.pdb,results/plots/drm_distances/A98G_F227C_drm_distance_timeseries.png,180,2.2297644758479755,1.427959835419614,2.1254021030654084,2.1531405758208164,0.5920705117897458,2.4639018906983425,0.6605563253903635,21.787709497206702,0.6744907594765952,5.238635033335181,1.9006680097004423,2.9936355594375272,15.195301544337582,,0,True
F227C,WT,c1_to_dor,2,wt,/Users/rohitpro/Career/00_Github/nnrti-mechanisms/results/md_runs/wt/rep_02/wt_rep02.json,results/md_runs/wt/rep_02/wt_rep02_analysis.dcd,results/md_runs/wt/rep_02/wt_rep02_analysis_topology.pdb,results/plots/drm_distances/F227C_drm_distance_timeseries.png,180,2.2297644758479755,1.427959835419614,2.1254021030654084,2.1531405758208164,0.5920705117897458,2.4639018906983425,0.6605563253903635,21.787709497206702,0.6744907594765952,5.238635033335181,1.9006680097004423,2.9936355594375272,15.195301544337582,,0,True
V106A+F227L,WT,c2_to_dor,2,wt,/Users/rohitpro/Career/00_Github/nnrti-mechanisms/results/md_runs/wt/rep_02/wt_rep02.json,results/md_runs/wt/rep_02/wt_rep02_analysis.dcd,results/md_runs/wt/rep_02/wt_rep02_analysis_topology.pdb,results/plots/drm_distances/V106A_F227L_drm_distance_timeseries.png,180,2.2297644758479755,1.427959835419614,2.1254021030654084,2.1531405758208164,0.5920705117897458,2.4639018906983425,0.6605563253903635,21.787709497206702,0.6744907594765952,5.238635033335181,1.9006680097004423,2.9936355594375272,15.195301544337582,,0,True
V106I+F227C,WT,c2_to_dor,2,wt,/Users/rohitpro/Career/00_Github/nnrti-mechanisms/results/md_runs/wt/rep_02/wt_rep02.json,results/md_runs/wt/rep_02/wt_rep02_analysis.dcd,results/md_runs/wt/rep_02/wt_rep02_analysis_topology.pdb,results/plots/drm_distances/V106I_F227C_drm_distance_timeseries.png,180,2.2297644758479755,1.427959835419614,2.1254021030654084,2.1531405758208164,0.5920705117897458,2.4639018906983425,0.6605563253903635,21.787709497206702,0.6744907594765952,5.238635033335181,1.9006680097004423,2.9936355594375272,15.195301544337582,,0,True
L100I+K103N,Mutant,c2_to_dor,1,L100I_K103N,/Users/rohitpro/Career/00_Github/nnrti-mechanisms/results/md_runs/L100I_K103N/rep_01/L100I_K103N_rep01.json,results/md_runs/L100I_K103N/rep_01/L100I_K103N_rep01_analysis.dcd,results/md_runs/L100I_K103N/rep_01/L100I_K103N_rep01_analysis_topology.pdb,results/plots/drm_distances/L100I_K103N_drm_distance_timeseries.png,360,2.2701303004896234,1.073751948077413,1.2874252155017505,1.829318577027322,0.1806305824382437,2.7425055481609864,0.41322995178928473,6.170763231197771,5.580880153238141,0.6744907594765952,1.694644893848661,0.6744907594765952,15.118474643118688,panel_outlier_step,1,True
K103N,Mutant,c1_to_dor,2,K103N,/Users/rohitpro/Career/00_Github/nnrti-mechanisms/results/md_runs/K103N/rep_02/K103N_rep02.json,results/md_runs/K103N/rep_02/K103N_rep02_analysis.dcd,results/md_runs/K103N/rep_02/K103N_rep02_analysis_topology.pdb,results/plots/drm_distances/K103N_drm_distance_timeseries.png,180,2.29763281424128,0.9958204736079801,2.29763281424128,1.5550897823393344,0.592922168906846,3.0025854283296187,0.48750016147350816,86.59217877094973,0.7522063303940498,1.7628216993624932,1.3116815945810045,8.0,14.030113452723395,,0,True
V106I,Mutant,c1_to_dor,1,V106I,/Users/rohitpro/Career/00_Github/nnrti-mechanisms/results/md_runs/V106I/rep_01/V106I_rep01.json,results/md_runs/V106I/rep_01/V106I_rep01_analysis.dcd,results/md_runs/V106I/rep_01/V106I_rep01_analysis_topology.pdb,results/plots/drm_distances/V106I_drm_distance_timeseries.png,180,1.9883665409426867,0.8433735243591981,1.9883665409426867,1.5419191555784872,0.268408216598071,2.4156079073979595,0.5404888023841604,99.4413407821229,0.6744907594765952,4.9545687521264385,0.6744907594765952,3.530005783782235,13.683135293457301,,0,True
V106A,Mutant,c1_to_dor,1,V106A,/Users/rohitpro/Career/00_Github/nnrti-mechanisms/results/md_runs/V106A/rep_01/V106A_rep01.json,results/md_runs/V106A/rep_01/V106A_rep01_analysis.dcd,results/md_runs/V106A/rep_01/V106A_rep01_analysis_topology.pdb,results/plots/drm_distances/V106A_drm_distance_timeseries.png,139,1.3553984660060352,0.7823422754316742,1.0879047976682878,1.3334174635392178,0.15651077599540697,1.9485536761053819,0.464588760196108,26.654666666666664,0.0,7.273030482622597,0.7809785033954523,0.8138763425069099,13.465997169117156,,0,True
G190E,Mutant,c1_to_dor,1,G190E,/Users/rohitpro/Career/00_Github/nnrti-mechanisms/results/md_runs/G190E/rep_01/G190E_rep01.json,results/md_runs/G190E/rep_01/G190E_rep01_analysis.dcd,results/md_runs/G190E/rep_01/G190E_rep01_analysis_topology.pdb,results/plots/drm_distances/G190E_drm_distance_timeseries.png,180,2.8025196548277176,1.4984857860357472,2.2308129429149384,2.274458093256999,0.06636270708097625,3.246019109999108,0.656555463134524,14.219798882681566,0.6744907594765952,0.6744907594765952,8.0,0.0,12.828166734115744,hard_jump>=2.6A;panel_outlier_bumpy,2,True
V106A+L234I,Mutant,c1_to_c2,1,V106A_L234I,/Users/rohitpro/Career/00_Github/nnrti-mechanisms/results/md_runs/V106A_L234I/rep_01/V106A_L234I_rep01.json,results/md_runs/V106A_L234I/rep_01/V106A_L234I_rep01_analysis.dcd,results/md_runs/V106A_L234I/rep_01/V106A_L234I_rep01_analysis_topology.pdb,results/plots/drm_distances/V106A_L234I_drm_distance_timeseries.png,360,1.9167888186750268,1.144614288483667,1.5170922855892206,1.974220623528083,0.6189103822775639,3.024670135595211,0.5056955845390245,5.543175487465181,0.6744907594765952,0.0,8.0,0.6744907594765952,12.423472278429786,panel_outlier_bumpy,1,True
Y188L,Mutant,c1_to_dor,1,Y188L,/Users/rohitpro/Career/00_Github/nnrti-mechanisms/results/md_runs/Y188L/rep_01/Y188L_rep01.json,results/md_runs/Y188L/rep_01/Y188L_rep01_analysis.dcd,results/md_runs/Y188L/rep_01/Y188L_rep01_analysis_topology.pdb,results/plots/drm_distances/Y188L_drm_distance_timeseries.png,180,2.1122559759346413,1.4055102040483278,1.782978287628426,1.9939206078611922,0.5574385614893553,2.5053225141571547,0.710382653200859,46.36871508379888,0.0,2.9612128284039834,0.8142342344443074,6.486886289143336,12.28333131936731,,0,True
V106A+F227L,Mutant,c1_to_dor,3,V106A_F227L,/Users/rohitpro/Career/00_Github/nnrti-mechanisms/results/md_runs/V106A_F227L/rep_03/V106A_F227L_rep03.json,results/md_runs/V106A_F227L/rep_03/V106A_F227L_rep03_analysis.dcd,results/md_runs/V106A_F227L/rep_03/V106A_F227L_rep03_analysis_topology.pdb,results/plots/drm_distances/V106A_F227L_drm_distance_timeseries.png,360,0.8991500958016512,0.5006003653018036,0.8991500958016512,0.8647478331346092,0.025768159477004282,1.3557558906747889,0.19756421160350784,23.003454038997212,1.3562963832101063,5.652049606619642,0.0,0.0,11.75587213701164,,0,True
V106A+F227L,WT,c1_to_c2,2,wt,/Users/rohitpro/Career/00_Github/nnrti-mechanisms/results/md_runs/wt/rep_02/wt_rep02.json,results/md_runs/wt/rep_02/wt_rep02_analysis.dcd,results/md_runs/wt/rep_02/wt_rep02_analysis_topology.pdb,results/plots/drm_distances/V106A_F227L_drm_distance_timeseries.png,180,1.058896251240978,0.7559339733636804,0.9362291996008034,1.320846700908733,0.1145113829713238,1.3699025858427323,0.26749255051682924,11.731843575418994,0.0,0.0,8.0,0.6744907594765952,11.074490759476596,panel_outlier_bumpy,1,True
V106I+F227C,WT,c1_to_c2,2,wt,/Users/rohitpro/Career/00_Github/nnrti-mechanisms/results/md_runs/wt/rep_02/wt_rep02.json,results/md_runs/wt/rep_02/wt_rep02_analysis.dcd,results/md_runs/wt/rep_02/wt_rep02_analysis_topology.pdb,results/plots/drm_distances/V106I_F227C_drm_distance_timeseries.png,180,1.058896251240978,0.7559339733636804,0.9362291996008034,1.320846700908733,0.1145113829713238,1.3699025858427323,0.26749255051682924,11.731843575418994,0.0,0.0,8.0,0.6744907594765952,11.074490759476596,panel_outlier_bumpy,1,True
K103N+P225H,Mutant,c2_to_dor,1,K103N_P225H,/Users/rohitpro/Career/00_Github/nnrti-mechanisms/results/md_runs/K103N_P225H/rep_01/K103N_P225H_rep01.json,results/md_runs/K103N_P225H/rep_01/K103N_P225H_rep01_analysis.dcd,results/md_runs/K103N_P225H/rep_01/K103N_P225H_rep01_analysis_topology.pdb,results/plots/drm_distances/K103N_P225H_drm_distance_timeseries.png,129,3.755349788316961,2.149932761290938,1.1872938082291569,4.02468894784229,1.5201392507381617,4.33866047696424,1.250422164850224,31.378124999999997,3.5714004764948086,0.0,1.859413713431387,1.358773027158552,10.918811807608972,hard_jump>=2.6A;bumpy_curvature>=2.4A;endpoint_shift>=1.0A;panel_outlier_step,4,True
Y181C,Mutant,c1_to_dor,1,Y181C,/Users/rohitpro/Career/00_Github/nnrti-mechanisms/results/md_runs/Y181C/rep_01/Y181C_rep01.json,results/md_runs/Y181C/rep_01/Y181C_rep01_analysis.dcd,results/md_runs/Y181C/rep_01/Y181C_rep01_analysis_topology.pdb,results/plots/drm_distances/Y181C_drm_distance_timeseries.png,180,1.9671207510979958,1.1088404250404733,1.2041469481167164,1.8878539782977217,0.14373445432201803,2.829800168025529,0.5862977333484228,25.69832402234637,0.0,0.0,8.0,0.0,10.4,panel_outlier_bumpy,1,True
V106A+L234I,Mutant,c1_to_dor,1,V106A_L234I,/Users/rohitpro/Career/00_Github/nnrti-mechanisms/results/md_runs/V106A_L234I/rep_01/V106A_L234I_rep01.json,results/md_runs/V106A_L234I/rep_01/V106A_L234I_rep01_analysis.dcd,results/md_runs/V106A_L234I/rep_01/V106A_L234I_rep01_analysis_topology.pdb,results/plots/drm_distances/V106A_L234I_drm_distance_timeseries.png,360,1.0532277162502393,0.6277418285344026,0.7842290176469331,1.0119487392153472,0.06218292214190679,1.5166840713610266,0.22193646334426095,1.392757660167131,0.0,0.0,8.0,0.0,10.4,panel_outlier_bumpy,1,True
K103N+M230L,Mutant,c2_to_dor,1,K103N_M230L,/Users/rohitpro/Career/00_Github/nnrti-mechanisms/results/md_runs/K103N_M230L/rep_01/K103N_M230L_rep01.json,results/md_runs/K103N_M230L/rep_01/K103N_M230L_rep01_analysis.dcd,results/md_runs/K103N_M230L/rep_01/K103N_M230L_rep01_analysis_topology.pdb,results/plots/drm_distances/K103N_M230L_drm_distance_timeseries.png,196,1.989547507060296,0.9684845699738139,1.989547507060296,1.7679130497751334,0.36388757321031573,2.431012775028737,0.44069698520951184,42.857661538461535,3.4699704658029322,0.8153808098875879,0.7261778088907818,0.6744907594765952,9.863072138460618,panel_outlier_step,1,True
A98G+F227C,WT,c1_to_dor,2,wt,/Users/rohitpro/Career/00_Github/nnrti-mechanisms/results/md_runs/wt/rep_02/wt_rep02.json,results/md_runs/wt/rep_02/wt_rep02_analysis.dcd,results/md_runs/wt/rep_02/wt_rep02_analysis_topology.pdb,results/plots/drm_distances/A98G_F227C_drm_distance_timeseries.png,180,1.7806390069603086,1.119544735784742,1.7806390069603086,1.9557301421822546,0.2982474749060078,2.652544477728094,0.5134809195866875,85.47486033519553,2.490491769497915,1.9632821913912548,0.6744907594765952,0.6744907594765952,9.673563792018008,,0,True
K103N+M230L,Mutant,c1_to_dor,1,K103N_M230L,/Users/rohitpro/Career/00_Github/nnrti-mechanisms/results/md_runs/K103N_M230L/rep_01/K103N_M230L_rep01.json,results/md_runs/K103N_M230L/rep_01/K103N_M230L_rep01_analysis.dcd,results/md_runs/K103N_M230L/rep_01/K103N_M230L_rep01_analysis_topology.pdb,results/plots/drm_distances/K103N_M230L_drm_distance_timeseries.png,196,1.6264331126931872,1.0916101745456772,1.6264331126931872,1.7229106342961549,0.22824504443283056,1.9977202781079337,0.47727829243085323,44.731220512820514,1.4405314242905047,1.0028463852514247,3.273106245762351,0.0,8.740655184474345,panel_outlier_bumpy,1,True
K103N+P225H,Mutant,c1_to_c2,1,K103N_P225H,/Users/rohitpro/Career/00_Github/nnrti-mechanisms/results/md_runs/K103N_P225H/rep_01/K103N_P225H_rep01.json,results/md_runs/K103N_P225H/rep_01/K103N_P225H_rep01_analysis.dcd,results/md_runs/K103N_P225H/rep_01/K103N_P225H_rep01_analysis_topology.pdb,results/plots/drm_distances/K103N_P225H_drm_distance_timeseries.png,129,3.5554391360395705,2.05691109634312,1.2708336435718062,3.366613591988174,2.9547916337008875,5.8060802705044035,1.7182151457208354,31.378124999999997,1.2654170622781067,0.0,1.035595300675446,4.332366182996421,8.209474198430714,hard_jump>=2.6A;bumpy_curvature>=2.4A;endpoint_shift>=1.0A,3,True
V106A+F227L,WT,c1_to_c2,3,wt,/Users/rohitpro/Career/00_Github/nnrti-mechanisms/results/md_runs/wt/rep_03/wt_rep03.json,results/md_runs/wt/rep_03/wt_rep03_analysis.dcd,results/md_runs/wt/rep_03/wt_rep03_analysis_topology.pdb,results/plots/drm_distances/V106A_F227L_drm_distance_timeseries.png,180,1.530542739985643,0.6059754223131112,1.530542739985643,1.1123445030497086,0.08140980023913835,1.8120323277944816,0.26653735265959233,79.3296089385475,0.0,3.7415184226112106,0.0,0.0,5.986429476177937,,0,True
V106I+F227C,WT,c1_to_c2,3,wt,/Users/rohitpro/Career/00_Github/nnrti-mechanisms/results/md_runs/wt/rep_03/wt_rep03.json,results/md_runs/wt/rep_03/wt_rep03_analysis.dcd,results/md_runs/wt/rep_03/wt_rep03_analysis_topology.pdb,results/plots/drm_distances/V106I_F227C_drm_distance_timeseries.png,180,1.530542739985643,0.6059754223131112,1.530542739985643,1.1123445030497086,0.08140980023913835,1.8120323277944816,0.26653735265959233,79.3296089385475,0.0,3.7415184226112106,0.0,0.0,5.986429476177937,,0,True
V106A+L234I,WT,c1_to_c2,3,wt,/Users/rohitpro/Career/00_Github/nnrti-mechanisms/results/md_runs/wt/rep_03/wt_rep03.json,results/md_runs/wt/rep_03/wt_rep03_analysis.dcd,results/md_runs/wt/rep_03/wt_rep03_analysis_topology.pdb,results/plots/drm_distances/V106A_L234I_drm_distance_timeseries.png,180,1.7325100608035475,0.9997006454133641,1.4364180511461209,1.8013030452073977,0.021318890648032607,1.8595990437637724,0.34869060918852374,3.910614525139665,0.7202931572690533,0.6744907594765952,2.372783628281048,0.0,5.604390246466021,,0,True
K103N+M230L,WT,c2_to_dor,1,wt,/Users/rohitpro/Career/00_Github/nnrti-mechanisms/results/md_runs/wt/rep_01/wt_rep01.json,results/md_runs/wt/rep_01/wt_rep01_analysis.dcd,results/md_runs/wt/rep_01/wt_rep01_analysis_topology.pdb,results/plots/drm_distances/K103N_M230L_drm_distance_timeseries.png,500,1.5157949072304158,0.7905682934217326,1.3200619615210982,1.3682542623672076,0.15403625258760378,2.5977542356799406,0.295980102384918,68.33667334669339,2.1365679026437996,0.7477471095922481,0.0,0.0,5.4695311806351965,,0,True
L100I+K103N,Mutant,c1_to_c2,3,L100I_K103N,/Users/rohitpro/Career/00_Github/nnrti-mechanisms/results/md_runs/L100I_K103N/rep_03/L100I_K103N_rep03.json,results/md_runs/L100I_K103N/rep_03/L100I_K103N_rep03_analysis.dcd,results/md_runs/L100I_K103N/rep_03/L100I_K103N_rep03_analysis_topology.pdb,results/plots/drm_distances/L100I_K103N_drm_distance_timeseries.png,360,1.8124788605742568,1.0798368743966218,1.8124788605742568,1.918415126677241,0.11224947920702011,3.60560334907053,0.53876640315476,54.24284122562675,0.0,2.816500928732864,0.6744907594765952,0.0,5.383239473292156,,0,True
V106A+F227L,Mutant,c1_to_c2,2,V106A_F227L,/Users/rohitpro/Career/00_Github/nnrti-mechanisms/results/md_runs/V106A_F227L/rep_02/V106A_F227L_rep02.json,results/md_runs/V106A_F227L/rep_02/V106A_F227L_rep02_analysis.dcd,results/md_runs/V106A_F227L/rep_02/V106A_F227L_rep02_analysis_topology.pdb,results/plots/drm_distances/V106A_F227L_drm_distance_timeseries.png,360,2.7950518992929627,1.6525045577224016,2.7449078784814054,2.9463354652301024,0.7957129183823879,4.037859070630432,0.6838990363877755,14.872055710306405,0.6744907594765952,0.6744907594765952,2.1763632628685414,0.0,5.257438975844846,hard_jump>=2.6A;late_jump>=2.4A;bumpy_curvature>=2.4A,3,True
V106A+P225H,Mutant,c1_to_c2,2,V106A_P225H,/Users/rohitpro/Career/00_Github/nnrti-mechanisms/results/md_runs/V106A_P225H/rep_02/V106A_P225H_rep02.json,results/md_runs/V106A_P225H/rep_02/V106A_P225H_rep02_analysis.dcd,results/md_runs/V106A_P225H/rep_02/V106A_P225H_rep02_analysis_topology.pdb,results/plots/drm_distances/V106A_P225H_drm_distance_timeseries.png,360,2.8600987525684385,1.463681445004701,2.8600987525684385,2.46093556434713,1.5581217726026608,5.522756088956344,1.0284424421416338,9.832869080779945,0.6744907594765949,0.6744907594765952,0.6744907594765953,0.6744907594765952,3.979495480911911,hard_jump>=2.6A;late_jump>=2.4A;bumpy_curvature>=2.4A;endpoint_shift>=1.0A,4,True
A98G+F227C,Mutant,c1_to_c2,2,A98G_F227C,/Users/rohitpro/Career/00_Github/nnrti-mechanisms/results/md_runs/A98G_F227C/rep_02/A98G_F227C_rep02.json,results/md_runs/A98G_F227C/rep_02/A98G_F227C_rep02_analysis.dcd,results/md_runs/A98G_F227C/rep_02/A98G_F227C_rep02_analysis_topology.pdb,results/plots/drm_distances/A98G_F227C_drm_distance_timeseries.png,180,2.039266893533254,1.5881421522165178,2.039266893533254,2.689710027201906,0.16097018469187319,2.901641356282525,0.6254542070256172,36.454592178770945,0.0,0.6744907594765952,1.1777787833928859,0.0,2.610297633573304,bumpy_curvature>=2.4A,1,True
K103N+P225H,Mutant,c1_to_c2,3,K103N_P225H,/Users/rohitpro/Career/00_Github/nnrti-mechanisms/results/md_runs/K103N_P225H/rep_03/K103N_P225H_rep03.json,results/md_runs/K103N_P225H/rep_03/K103N_P225H_rep03_analysis.dcd,results/md_runs/K103N_P225H/rep_03/K103N_P225H_rep03_analysis_topology.pdb,results/plots/drm_distances/K103N_P225H_drm_distance_timeseries.png,360,3.056982835924046,1.660675522944301,3.056982835924046,2.761891064861808,0.37110103540775974,4.898441952274391,1.0207061064343572,74.93036211699165,0.0,1.2927190834095565,0.0,0.0,2.0683505334552907,hard_jump>=2.6A;late_jump>=2.4A;bumpy_curvature>=2.4A,3,True
K103N+P225H,Mutant,c2_to_dor,2,K103N_P225H,/Users/rohitpro/Career/00_Github/nnrti-mechanisms/results/md_runs/K103N_P225H/rep_02/K103N_P225H_rep02.json,results/md_runs/K103N_P225H/rep_02/K103N_P225H_rep02_analysis.dcd,results/md_runs/K103N_P225H/rep_02/K103N_P225H_rep02_analysis_topology.pdb,results/plots/drm_distances/K103N_P225H_drm_distance_timeseries.png,360,2.9120026996041926,1.8111334450280023,2.7193034640556895,2.731722278845633,0.028583549946290532,3.623594022572657,0.650875497998553,6.056657381615598,0.0,0.6744907594765952,0.0,0.0,1.0791852151625523,hard_jump>=2.6A;late_jump>=2.4A;bumpy_curvature>=2.4A,3,True
V106A+F227L,Mutant,c1_to_c2,1,V106A_F227L,/Users/rohitpro/Career/00_Github/nnrti-mechanisms/results/md_runs/V106A_F227L/rep_01/V106A_F227L_rep01.json,results/md_runs/V106A_F227L/rep_01/V106A_F227L_rep01_analysis.dcd,results/md_runs/V106A_F227L/rep_01/V106A_F227L_rep01_analysis_topology.pdb,results/plots/drm_distances/V106A_F227L_drm_distance_timeseries.png,360,2.059681763651289,1.1818790257787992,1.6324583059351916,2.1250577578178578,1.7071783136538157,4.6050821736715,0.9122699604391041,2.629905292479109,0.0,0.0,0.0,0.8764559861325896,0.8764559861325896,endpoint_shift>=1.0A,1,True
K103N+P225H,Mutant,c2_to_dor,3,K103N_P225H,/Users/rohitpro/Career/00_Github/nnrti-mechanisms/results/md_runs/K103N_P225H/rep_03/K103N_P225H_rep03.json,results/md_runs/K103N_P225H/rep_03/K103N_P225H_rep03_analysis.dcd,results/md_runs/K103N_P225H/rep_03/K103N_P225H_rep03_analysis_topology.pdb,results/plots/drm_distances/K103N_P225H_drm_distance_timeseries.png,360,2.752729097522318,1.753572616261241,2.4361717810728085,3.0758923451893883,0.5233745082280259,3.6438303863875325,0.6906220613837184,65.45961002785515,0.0,0.0,0.0,0.0,0.0,hard_jump>=2.6A;late_jump>=2.4A;bumpy_curvature>=2.4A,3,True
K103N+P225H,Mutant,c1_to_c2,2,K103N_P225H,/Users/rohitpro/Career/00_Github/nnrti-mechanisms/results/md_runs/K103N_P225H/rep_02/K103N_P225H_rep02.json,results/md_runs/K103N_P225H/rep_02/K103N_P225H_rep02_analysis.dcd,results/md_runs/K103N_P225H/rep_02/K103N_P225H_rep02_analysis_topology.pdb,results/plots/drm_distances/K103N_P225H_drm_distance_timeseries.png,360,2.7912963848297707,1.530210966917516,1.8832447341551362,2.368030879972945,0.7191587997733055,5.697780317773125,1.2172354634247646,5.554261838440111,0.0,0.0,0.0,0.0,0.0,hard_jump>=2.6A,1,True
V106I+F227C,Mutant,c2_to_dor,1,V106I_F227C,/Users/rohitpro/Career/00_Github/nnrti-mechanisms/results/md_runs/V106I_F227C/rep_01/V106I_F227C_rep01.json,results/md_runs/V106I_F227C/rep_01/V106I_F227C_rep01_analysis.dcd,results/md_runs/V106I_F227C/rep_01/V106I_F227C_rep01_analysis_topology.pdb,results/plots/drm_distances/V106I_F227C_drm_distance_timeseries.png,360,2.5398165846015814,1.1712545205895046,2.057518303784718,2.0354552673305477,1.3883452579212876,3.7076657063934197,0.7339015064546511,6.726518105849582,0.0,0.0,0.0,0.0,0.0,endpoint_shift>=1.0A,1,True
V106A+F227L,Mutant,c1_to_c2,3,V106A_F227L,/Users/rohitpro/Career/00_Github/nnrti-mechanisms/results/md_runs/V106A_F227L/rep_03/V106A_F227L_rep03.json,results/md_runs/V106A_F227L/rep_03/V106A_F227L_rep03_analysis.dcd,results/md_runs/V106A_F227L/rep_03/V106A_F227L_rep03_analysis_topology.pdb,results/plots/drm_distances/V106A_F227L_drm_distance_timeseries.png,360,2.464754418702266,1.30340317618768,2.464754418702266,2.3193659266233593,0.09428010667213993,4.834528808405781,0.6491909390694706,27.920222841225623,0.0,0.0,0.0,0.0,0.0,late_jump>=2.4A,1,True
