mutation,gate,mean,std,n
A98G+F227C,gate_K101_Y188_CA,12.823138576566892,0.4333027865927854,600
A98G+F227C,gate_K103_P225_CA,11.806388630747705,0.4862809947413618,600
A98G+F227C,gate_L100_F227_CA,14.264161779491896,0.6508533988059516,600
A98G+F227C,gate_V106_Y181_CB,9.781236509698694,0.3722558033153339,600
F227C,gate_K101_Y188_CA,12.871487554840545,0.4672437346934757,600
F227C,gate_K103_P225_CA,11.537185828205782,0.3607049374727849,600
F227C,gate_L100_F227_CA,13.925662229479789,0.4965382971695409,600
F227C,gate_V106_Y181_CB,9.860373832990875,0.30713534527611847,600
K103N+M230L,gate_K101_Y188_CA,12.70771634460908,0.4047144369154716,1080
K103N+M230L,gate_K103_P225_CA,11.924980545645978,0.5867272601406948,1080
K103N+M230L,gate_L100_F227_CA,13.648504581542714,0.3983902654346999,1080
K103N+M230L,gate_V106_Y181_CB,10.058042908215663,0.3428786190558163,1080
V106A,gate_K101_Y188_CA,12.87938069210136,0.6799634535374596,920
V106A,gate_K103_P225_CA,12.233465191397642,0.44893409544123924,920
V106A,gate_L100_F227_CA,13.556774658658659,0.41306652011908523,920
V106A,gate_V106_Y181_CB,9.721947012586485,0.3619405982766203,920
V106A+P225H,gate_K101_Y188_CA,13.148062688601794,0.4181098120571502,1080
V106A+P225H,gate_K103_P225_CA,12.166665840374346,0.9572582363077705,1080
V106A+P225H,gate_L100_F227_CA,13.582855451941468,0.36403916274981435,1080
V106A+P225H,gate_V106_Y181_CB,9.617487145794895,0.44096886100969124,1080
V106I+F227C,gate_K101_Y188_CA,12.877305565681857,0.45978901300081576,1080
V106I+F227C,gate_K103_P225_CA,11.602616138457764,0.6547821175050509,1080
V106I+F227C,gate_L100_F227_CA,13.795831086430427,0.5223135239601029,1080
V106I+F227C,gate_V106_Y181_CB,10.160776118124945,0.437027515684674,1080
WT,gate_K101_Y188_CA,12.798301447905956,0.4365728569413215,1220
WT,gate_K103_P225_CA,11.513876743956747,0.47804551906157955,1220
WT,gate_L100_F227_CA,13.77992653512668,0.425425946312456,1220
WT,gate_V106_Y181_CB,9.940615900949519,0.32871526973052484,1220
