mutation,replicate,n_frames,residue_min_distance_PRO95_angstrom_mean,residue_min_distance_PRO95_auth_resid,residue_min_distance_PRO95_traj_resid,residue_min_distance_PRO97_angstrom_mean,residue_min_distance_PRO97_auth_resid,residue_min_distance_PRO97_traj_resid,residue_min_distance_LEU100_angstrom_mean,residue_min_distance_LEU100_auth_resid,residue_min_distance_LEU100_traj_resid,residue_min_distance_LYS101_angstrom_mean,residue_min_distance_LYS101_auth_resid,residue_min_distance_LYS101_traj_resid,residue_min_distance_LYS103_angstrom_mean,residue_min_distance_LYS103_auth_resid,residue_min_distance_LYS103_traj_resid,residue_min_distance_VAL179_angstrom_mean,residue_min_distance_VAL179_auth_resid,residue_min_distance_VAL179_traj_resid,residue_min_distance_TYR181_angstrom_mean,residue_min_distance_TYR181_auth_resid,residue_min_distance_TYR181_traj_resid,residue_min_distance_LYS102_angstrom_mean,residue_min_distance_LYS102_auth_resid,residue_min_distance_LYS102_traj_resid,residue_min_distance_LYS104_angstrom_mean,residue_min_distance_LYS104_auth_resid,residue_min_distance_LYS104_traj_resid,residue_min_distance_SER105_angstrom_mean,residue_min_distance_SER105_auth_resid,residue_min_distance_SER105_traj_resid,residue_min_distance_VAL106_angstrom_mean,residue_min_distance_VAL106_auth_resid,residue_min_distance_VAL106_traj_resid,residue_min_distance_THR107_angstrom_mean,residue_min_distance_THR107_auth_resid,residue_min_distance_THR107_traj_resid,residue_min_distance_VAL108_angstrom_mean,residue_min_distance_VAL108_auth_resid,residue_min_distance_VAL108_traj_resid,residue_min_distance_TYR188_angstrom_mean,residue_min_distance_TYR188_auth_resid,residue_min_distance_TYR188_traj_resid,residue_min_distance_PHE227_angstrom_mean,residue_min_distance_PHE227_auth_resid,residue_min_distance_PHE227_traj_resid,residue_min_distance_TRP229_angstrom_mean,residue_min_distance_TRP229_auth_resid,residue_min_distance_TRP229_traj_resid,residue_min_distance_LEU234_angstrom_mean,residue_min_distance_LEU234_auth_resid,residue_min_distance_LEU234_traj_resid,residue_min_distance_ILE180_angstrom_mean,residue_min_distance_ILE180_auth_resid,residue_min_distance_ILE180_traj_resid,residue_min_distance_VAL189_angstrom_mean,residue_min_distance_VAL189_auth_resid,residue_min_distance_VAL189_traj_resid,residue_min_distance_GLY190_angstrom_mean,residue_min_distance_GLY190_auth_resid,residue_min_distance_GLY190_traj_resid,residue_min_distance_LYS223_angstrom_mean,residue_min_distance_LYS223_auth_resid,residue_min_distance_LYS223_traj_resid,residue_min_distance_PRO225_angstrom_mean,residue_min_distance_PRO225_auth_resid,residue_min_distance_PRO225_traj_resid,residue_min_distance_LEU228_angstrom_mean,residue_min_distance_LEU228_auth_resid,residue_min_distance_LEU228_traj_resid,residue_min_distance_HIS235_angstrom_mean,residue_min_distance_HIS235_auth_resid,residue_min_distance_HIS235_traj_resid,residue_min_distance_PRO236_angstrom_mean,residue_min_distance_PRO236_auth_resid,residue_min_distance_PRO236_traj_resid,residue_min_distance_ASP237_angstrom_mean,residue_min_distance_ASP237_auth_resid,residue_min_distance_ASP237_traj_resid,residue_min_distance_TYR318_angstrom_mean,residue_min_distance_TYR318_auth_resid,residue_min_distance_TYR318_traj_resid
A98G+F227C,1,36,4.037459734391799,95,92,5.804685353774914,97,94,3.6099450713115018,100,97,3.340216420353134,101,98,2.9545610504150632,103,100,3.149567370623288,179,176,3.397194513485836,181,178,4.318563867574008,102,99,4.61620904687939,104,101,4.393791819176887,105,102,3.4227787537131453,106,103,5.190465855938692,107,104,4.9764626943812775,108,105,3.2236509739589083,188,185,3.5518191231479483,227,224,3.37347649456996,229,226,3.656054280409229,234,231,4.055495212548082,180,177,3.1812218939130243,189,186,3.206208931184055,190,187,7.574979272741627,223,220,3.801575645001633,225,222,4.869876403371219,228,225,3.642408318829323,235,232,3.3110931007891846,236,233,5.106944211802914,237,234,3.443948707462601,318,315
A98G+F227C,2,36,5.199215196682182,95,92,5.916253456265991,97,94,3.612805731945604,100,97,3.3712690620502355,101,98,2.9343991864815737,103,100,3.3519061405268697,179,176,3.2636178077202036,181,178,4.336862288159612,102,99,4.669098422539528,104,101,4.692822278718502,105,102,3.3854937786293204,106,103,5.120844393416942,107,104,3.90564694015577,108,105,3.156675687017872,188,185,3.622625533619108,227,224,3.4733701559093784,229,226,3.6678854711792743,234,231,5.049218749096603,180,177,3.203934982963826,189,186,3.3624868452968073,190,187,6.781318134818565,223,220,3.645151721524978,225,222,4.347273592156214,228,225,3.7860711489769248,235,232,3.4629484332877087,236,233,5.403233456850911,237,234,3.4473431032912663,318,315
A98G+F227C,3,51,5.281220491399343,95,92,5.931640083658087,97,94,3.650488331717134,100,97,3.442122234548176,101,98,2.9766317365631254,103,100,3.353541792549978,179,176,3.211830911638084,181,178,4.4834302689562175,102,99,4.688973982571592,104,101,4.834318412536919,105,102,3.348648110958861,106,103,5.099267440084865,107,104,3.813401365014926,108,105,3.1737977860302258,188,185,3.772344416212958,227,224,3.45140238734791,229,226,3.6644469269522473,234,231,4.997493100150433,180,177,3.1681773881140223,189,186,3.240762678806598,190,187,6.602038304395627,223,220,3.763799847897648,225,222,4.046147299019121,228,225,3.6560989490865743,235,232,3.486723955438661,236,233,5.305107221034743,237,234,3.490025841647391,318,315
G190A,1,36,4.475671540943327,95,92,5.461102139562477,97,94,3.6002775237476814,100,97,3.5757562581121993,101,98,3.0112835764506847,103,100,3.525712332898152,179,176,3.5313796442104035,181,178,4.705482345610999,102,99,4.655392821096586,104,101,4.796410448439778,105,102,3.169331731668648,106,103,5.120680233391141,107,104,3.862527279458911,108,105,3.280421525153509,188,185,3.295098123845391,227,224,3.5181693214937044,229,226,3.4174463662466823,234,231,5.1743537783516835,180,177,3.3241773164035076,189,186,3.343755773614104,190,187,6.497229774018412,223,220,3.9717445639653777,225,222,4.87551775189436,228,225,3.4486657365819946,235,232,3.1980851667487253,236,233,5.05378604701375,237,234,3.319194097319518,318,315
G190A,2,36,4.139297252585406,95,92,5.5969669069831305,97,94,3.787182596324196,100,97,3.579793469378936,101,98,2.988524038106678,103,100,3.332480957118389,179,176,3.0846458600539246,181,178,4.430178762936246,102,99,4.83654463664642,104,101,4.9190824450749355,105,102,3.083506281044577,106,103,4.775490969851589,107,104,3.711409610219419,108,105,2.9611933363782925,188,185,3.6784993930549152,227,224,3.490662051400331,229,226,3.872105208265497,234,231,4.686383068566055,180,177,3.000946160237233,189,186,3.3204183657353683,190,187,6.609278923771436,223,220,4.229015619010644,225,222,5.204006868105752,228,225,3.9438696286194865,235,232,3.710995582425701,236,233,5.556129894508824,237,234,3.840671226776496,318,315
G190A,3,36,4.242567695648557,95,92,5.366993985434983,97,94,3.682242072381379,100,97,3.5387019898412087,101,98,3.050138600364847,103,100,3.4275202046894924,179,176,3.215765411959131,181,178,4.351234026148777,102,99,4.9183608510890915,104,101,5.174383158332528,105,102,3.446760849973451,106,103,5.0177039358235636,107,104,3.9010784253748017,108,105,3.3008028402672416,188,185,3.5943174258919197,227,224,3.4001609763944676,229,226,3.706136131276079,234,231,5.030144330740476,180,177,3.2609502269428434,189,186,3.295442776088331,190,187,6.826238994260377,223,220,3.9738061822015314,225,222,4.794094649610494,228,225,3.6869913985917018,235,232,3.370087761632542,236,233,5.23299247831118,237,234,3.4591500495112486,318,315
G190E,1,36,4.1404864728550255,95,92,6.157565683339445,97,94,3.730683573629909,100,97,3.858465874901897,101,98,3.286969764354394,103,100,5.567978791438294,179,176,2.665865936988928,181,178,5.579037921868285,102,99,4.029802758360197,104,101,3.536906157248931,105,102,2.887333857086783,106,103,5.520752855377011,107,104,3.586120550032357,108,105,2.858121760849476,188,185,3.28759969084864,227,224,3.846152915955992,229,226,4.076736900406965,234,231,6.170240937295301,180,177,3.9677858718501975,189,186,3.3466080484234544,190,187,6.100611687195343,223,220,4.160595788009356,225,222,5.857827138844522,228,225,4.304679166445393,235,232,4.063768563782643,236,233,6.028271724069866,237,234,4.13000454765494,318,315
G190E,2,36,5.702616993605876,95,92,5.6772721616776805,97,94,3.731262161314717,100,97,4.047718319090856,101,98,2.984676985924304,103,100,5.163957885518616,179,176,4.588153455252003,181,178,4.941577168210781,102,99,4.320611908673095,104,101,4.527484551341295,105,102,2.455422339657267,106,103,4.589814616363861,107,104,3.0933882769421603,108,105,3.422187117836619,188,185,2.627197880528613,227,224,4.079124673729385,229,226,3.447266393175293,234,231,6.733347709334746,180,177,3.1393893310881538,189,186,3.0969253798039227,190,187,6.920316062123057,223,220,3.0994242215491794,225,222,4.751145881396624,228,225,3.754940773952281,235,232,3.1389994343483925,236,233,5.106261570323628,237,234,3.663988174044311,318,315
G190E,3,28,4.124977727940731,95,92,5.812063109811481,97,94,3.6030450446896736,100,97,3.611349187279921,101,98,3.1739154137429257,103,100,6.6068941862171195,179,176,3.5681266098427256,181,178,5.093695875239254,102,99,4.352610823396117,104,101,4.854570233024114,105,102,3.2896074005527667,106,103,5.414635617139822,107,104,3.9228307463443697,108,105,3.5020363427467163,188,185,3.343211197300668,227,224,3.42008620943283,229,226,3.391453989900618,234,231,7.029828496810031,180,177,3.7699799420301665,189,186,3.6530468204293145,190,187,6.4729689913974555,223,220,4.292737113141888,225,222,5.213577060695697,228,225,3.533995731367024,235,232,3.1265530285978858,236,233,5.086431835989642,237,234,3.348574885162673,318,315
G190S,1,40,5.092802413958926,95,92,6.09136455516324,97,94,3.6945843554875744,100,97,3.705612747537964,101,98,2.840509005583463,103,100,3.520980275212451,179,176,4.250857772079328,181,178,4.7682409772353225,102,99,4.095811202945029,104,101,4.225677083603756,105,102,2.778351337874126,106,103,4.954313298505578,107,104,3.631805581999282,108,105,3.517262717020958,188,185,2.7212422483226577,227,224,4.030312253638825,229,226,3.7348508787180927,234,231,5.057859700443132,180,177,3.014774032139685,189,186,2.557294715353339,190,187,6.232999582614295,223,220,4.018174094171256,225,222,5.215949108444171,228,225,3.630047275251481,235,232,3.0127962388076113,236,233,4.950981008516195,237,234,3.7380573737792457,318,315
G190S,2,36,4.293053739054623,95,92,5.450953708637739,97,94,3.5886547960556427,100,97,3.693681312541993,101,98,2.9986916537158055,103,100,3.543098790890961,179,176,3.486627823974074,181,178,4.902956044016587,102,99,4.309386107833283,104,101,4.614156987384439,105,102,3.227085412226165,106,103,5.102055664294318,107,104,3.854517021186639,108,105,3.397035158776509,188,185,3.375221334184172,227,224,3.4745479211589068,229,226,3.536608419476298,234,231,4.882188891856903,180,177,3.3260212907632045,189,186,3.1487658231202493,190,187,6.4067361213106,223,220,4.001961800909374,225,222,5.010085244284314,228,225,3.414776206878687,235,232,3.141342279856203,236,233,4.989325656537212,237,234,3.3501651521587372,318,315
G190S,3,40,3.877261758657747,95,92,5.575117644961114,97,94,3.639153686915337,100,97,3.684424812645704,101,98,3.120341154120319,103,100,3.8535358330485594,179,176,3.5901213362960425,181,178,4.85005564400147,102,99,3.889110781703354,104,101,4.590064220294382,105,102,3.460920410313567,106,103,5.988551186570294,107,104,5.168184319685916,108,105,3.359479775662694,188,185,3.400173952114669,227,224,3.337012636898526,229,226,3.662096755692174,234,231,5.445393731117305,180,177,4.0446757018377495,189,186,3.500313427279262,190,187,7.429064362095742,223,220,3.746390908619444,225,222,5.165510896299386,228,225,3.5199397971413715,235,232,3.20356669422888,236,233,5.046672316430838,237,234,3.335331226699405,318,315
K103N,1,36,4.5403398339113545,95,92,5.642378034296467,97,94,3.794511861162104,100,97,4.067121240591591,101,98,2.994018139447046,103,100,3.691108300826552,179,176,3.785989408328184,181,178,4.855078414576116,102,99,4.486425124159953,104,101,4.65125566314777,105,102,2.980798259008352,106,103,4.433078042991514,107,104,3.752294134581041,108,105,3.2916484811729125,188,185,3.174364484096305,227,224,3.645659743141184,229,226,3.721384632075743,234,231,5.1711347496688616,180,177,2.8048574348606916,189,186,2.9448397590025928,190,187,6.246653830150425,223,220,3.4222134283013657,225,222,4.995190757276355,228,225,3.713326434316326,235,232,3.2084500321604756,236,233,5.171806642621058,237,234,3.671836567463175,318,315
K103N,2,36,4.449637755490035,95,92,5.457888777347327,97,94,3.640502898419671,100,97,3.8699550668189073,101,98,3.0211792818722736,103,100,3.8077634815502535,179,176,3.5910388491113028,181,178,4.699672146130193,102,99,4.663922796207447,104,101,4.958605193625184,105,102,3.065742970493728,106,103,4.95076675929516,107,104,3.939375050892965,108,105,3.5220891340878024,188,185,3.232955682868033,227,224,3.4903310302801853,229,226,3.433238757425602,234,231,5.2047952313069175,180,177,3.3159094492416057,189,186,3.2368714175948687,190,187,6.5539850717409065,223,220,3.80476497342724,225,222,4.623122255286043,228,225,3.434831976872491,235,232,2.967394819811662,236,233,4.7945249335221165,237,234,3.173900101378766,318,315
K103N,3,36,4.29319034090039,95,92,5.859311203461711,97,94,3.672672618001263,100,97,3.737643814090896,101,98,3.1426139377952356,103,100,3.4310885832731772,179,176,3.315594124664804,181,178,5.021442820005074,102,99,4.801313621003883,104,101,4.83293086013756,105,102,3.363210154725751,106,103,5.013447372761268,107,104,4.142910678813319,108,105,3.2749526436206193,188,185,3.581137986810925,227,224,3.4530407977709068,229,226,3.5989478148356886,234,231,5.235948899761542,180,177,3.1303480117241436,189,186,3.3766831599717495,190,187,6.303663553065342,223,220,3.909742091738783,225,222,4.857546367305395,228,225,3.6988521274684425,235,232,3.396501674496452,236,233,5.258579326455937,237,234,3.447758154275541,318,315
K103N+M230L,1,40,4.131299198156101,95,92,5.580684461924926,97,94,3.6666641872122567,100,97,3.7078267923783015,101,98,2.91835753475988,103,100,3.217779680499541,179,176,3.131778156014819,181,178,4.432818532006827,102,99,4.6249685767310655,104,101,4.01493560768232,105,102,3.080038476389684,106,103,4.94498629049666,107,104,3.9662197648101354,108,105,2.892399585016439,188,185,3.7607122539137863,227,224,3.6386840341289783,229,226,3.941162052940561,234,231,4.636799939308906,180,177,2.9953515286965775,189,186,3.2062812232297064,190,187,6.659425047737704,223,220,3.866738783288858,225,222,5.365881560289061,228,225,4.136972119939832,235,232,3.6969388054593937,236,233,5.597963811541317,237,234,3.771384655384275,318,315
K103N+M230L,2,36,4.211582339738378,95,92,6.158604659491581,97,94,3.966766569142587,100,97,3.906781506734163,101,98,3.0064564897226114,103,100,3.284796973492395,179,176,3.1952194091835153,181,178,4.656816821961918,102,99,4.779937386912298,104,101,4.617059084136976,105,102,3.035300801044396,106,103,4.412252251584787,107,104,3.511414743329141,108,105,2.682551800177266,188,185,3.5848667769765408,227,224,3.574002912337278,229,226,4.035941714412599,234,231,4.814013504514435,180,177,2.5446451382821076,189,186,3.042614029865562,190,187,6.700352205407717,223,220,3.6687685627029447,225,222,5.238716276768012,228,225,4.155139661746272,235,232,3.845171389783024,236,233,5.6978813721899915,237,234,3.931429444354534,318,315
K103N+M230L,3,36,4.306438205998556,95,92,5.606006132334363,97,94,3.66456637347403,100,97,3.661107737976795,101,98,2.9613408194351942,103,100,3.450777739743805,179,176,3.3622388096665548,181,178,4.583344948070141,102,99,4.733203715915303,104,101,4.857130632447851,105,102,3.444018947001535,106,103,4.667929400018285,107,104,4.0019759370102,108,105,3.216953213635984,188,185,3.5901307402247067,227,224,3.4338796203902087,229,226,3.684623124971037,234,231,4.7179965335754765,180,177,3.032770616856341,189,186,3.2433275973713416,190,187,6.526207784445259,223,220,3.7373678242015425,225,222,4.944492900615223,228,225,3.659203606428803,235,232,3.4285661913283527,236,233,5.284800756527257,237,234,3.4337430907146627,318,315
K103N+P225H,1,61,4.2153550261956445,95,92,5.861792208510067,97,94,3.856505401286471,100,97,3.903694790449792,101,98,2.9856401392926344,103,100,3.394087321122582,179,176,3.565306202935479,181,178,4.7138565295666846,102,99,4.563310815068494,104,101,4.446553118711091,105,102,3.1674448956101213,106,103,4.8772934432387824,107,104,3.665487766084485,108,105,3.05356524975158,188,185,3.603851623645761,227,224,3.593270106105929,229,226,3.7931872735474546,234,231,4.760062408984583,180,177,3.012353927678106,189,186,3.1278313924507533,190,187,6.196211760052423,223,220,4.238754531065117,225,222,5.018081920510177,228,225,3.8143108781362423,235,232,3.4973695440717183,236,233,5.403579800135852,237,234,3.646519957183489,318,315
K103N+P225H,2,108,4.041017437488453,95,92,5.369475189133673,97,94,3.6814700248478127,100,97,3.7796483578256215,101,98,3.0697778975617394,103,100,3.658233893361674,179,176,3.352572416717394,181,178,4.519078658184922,102,99,4.845413738174767,104,101,4.974170546484465,105,102,3.4223602097694736,106,103,4.6737789309905,107,104,3.7744187038569454,108,105,3.231097213803522,188,185,3.6093729288024607,227,224,3.4034765490124075,229,226,3.604289987155086,234,231,5.3424782215741295,180,177,3.1079842488460456,189,186,3.233215446126934,190,187,6.027675731184388,223,220,3.8784745807522265,225,222,5.045418249033609,228,225,3.7006274278041102,235,232,3.3585288889933076,236,233,5.241873779292452,237,234,3.4331459223415006,318,315
K103N+P225H,3,72,4.209993212086792,95,92,5.623422889850711,97,94,3.606086791525318,100,97,3.688291668517082,101,98,3.028296892866605,103,100,3.5345736306141142,179,176,3.33428647664988,181,178,4.7593377282911815,102,99,4.572517686242457,104,101,4.601137780832821,105,102,3.39439982411832,106,103,4.8092062457608575,107,104,3.773945294769692,108,105,3.2119346911146005,188,185,3.7235756191075953,227,224,3.44030397718403,229,226,3.6311287051343046,234,231,5.131480735977988,180,177,3.0720242666668436,189,186,3.2899013169320463,190,187,6.5392153119708345,223,220,3.802250359250978,225,222,5.048173079100024,228,225,3.7174972740161474,235,232,3.357526039990319,236,233,5.2483590743518524,237,234,3.4152827305772657,318,315
L100I+K103N,1,72,4.518630558982169,95,92,4.945595027464867,97,94,3.5032286901089966,100,97,3.5580324307939617,101,98,3.2847060796756957,103,100,4.281585721554106,179,176,3.11731445903069,181,178,5.077739702670173,102,99,4.815052441589142,104,101,4.778622479922273,105,102,3.3786590723309,106,103,4.7706682897367045,107,104,3.7883453076041658,108,105,3.247144901066543,188,185,3.5296362894186357,227,224,3.519830163451836,229,226,3.5191688789605986,234,231,5.758800022501428,180,177,3.277761916683968,189,186,3.566258637524614,190,187,6.3512237757415715,223,220,3.916151665928568,225,222,5.05693345275235,228,225,3.7460293548804,235,232,3.444695529377681,236,233,5.278882569940154,237,234,3.415420578035282,318,315
L100I+K103N,2,72,4.459742964241229,95,92,5.298709872617724,97,94,3.4970357295175942,100,97,3.6909624868421833,101,98,2.9513784712066076,103,100,3.5789047397686127,179,176,3.3987013869973235,181,178,4.404880468715841,102,99,4.694662474539999,104,101,4.922256705237653,105,102,3.359213133176455,106,103,4.770151140784424,107,104,3.9497862826682706,108,105,3.2267644298742337,188,185,3.4974144438660812,227,224,3.44420237337875,229,226,3.4638428886685464,234,231,5.042830823776776,180,177,3.1100773767584418,189,186,3.29151223304581,190,187,6.465170938750711,223,220,3.692826251360972,225,222,4.84312236456497,228,225,3.5695363139806053,235,232,3.273850930803857,236,233,5.081579701481818,237,234,3.3031331996925997,318,315
L100I+K103N,3,72,4.336362008595348,95,92,5.399195550534628,97,94,3.4447347776963806,100,97,3.9600327283214263,101,98,3.116503742974656,103,100,3.54736381320424,179,176,3.323273806570754,181,178,5.271646353729845,102,99,4.310518220579861,104,101,4.333035193241653,105,102,3.423621029352822,106,103,5.151002336609805,107,104,3.771640123623552,108,105,3.242702381105106,188,185,3.700713769344346,227,224,3.5556908196922348,229,226,3.434191178449368,234,231,5.143528457395781,180,177,3.220773001819723,189,186,3.3795891075786915,190,187,6.530493847327474,223,220,4.36394900412678,225,222,4.511247008642895,228,225,3.7003866298535906,235,232,3.4106010615714286,236,233,5.357347805947764,237,234,3.4375393304995057,318,315
V106A,1,36,4.950502625795578,95,92,5.667047124590237,97,94,3.4389338339857094,100,97,3.562490000522052,101,98,2.8741688577007856,103,100,3.7114041564413376,179,176,3.6450655958667184,181,178,4.6796595785667225,102,99,4.1967660024938285,104,101,3.801556080022861,105,102,3.233910942536165,106,103,4.8124329385701925,107,104,3.9515246562432456,108,105,3.674726746571832,188,185,3.1200992351852532,227,224,3.5923420258798933,229,226,3.500619750507465,234,231,5.552538908080644,180,177,3.2169482050791895,189,186,3.47928767630728,190,187,6.648131214550624,223,220,3.836032532736711,225,222,4.785056600050793,228,225,3.2822299701806,235,232,2.9460928859025937,236,233,4.841322336789208,237,234,3.2207998561685853,318,315
V106A,2,72,4.376322933602886,95,92,5.527445292220602,97,94,3.751646603153236,100,97,4.159759830282858,101,98,3.0847101576730274,103,100,3.4331217435009633,179,176,3.2660784921304207,181,178,5.2254205023417555,102,99,3.8960806788137337,104,101,3.7055467613890616,105,102,3.5638760564536582,106,103,4.724994039420378,107,104,3.741322105967667,108,105,3.239060292390793,188,185,3.5125370203829296,227,224,3.4511143956523305,229,226,3.5542678739460367,234,231,5.044093212789409,180,177,3.0485113951475102,189,186,3.236116156190363,190,187,6.60805911230401,223,220,3.77677643280784,225,222,4.623847224498877,228,225,3.671067803529054,235,232,3.528041582553203,236,233,5.3730206729085825,237,234,3.532733071873091,318,315
V106A,3,36,4.033793670796005,95,92,5.5694617551663494,97,94,3.634725889636492,100,97,3.653394556794976,101,98,3.147189307908057,103,100,3.3793738891245404,179,176,3.5180255808865377,181,178,5.061846163192916,102,99,4.075126182252089,104,101,3.6414974221081664,105,102,3.5257123185908537,106,103,5.534911608017284,107,104,3.944894278882998,108,105,3.2998004671902974,188,185,3.440700893675809,227,224,3.404926598569461,229,226,3.5894237737016783,234,231,4.345433769554506,180,177,3.3999903513545062,189,186,3.3131711946824725,190,187,6.820628677491623,223,220,3.813437835585392,225,222,4.726173610786493,228,225,3.514855836028966,235,232,3.369539433549765,236,233,5.262808612966689,237,234,3.470338856084316,318,315
V106A+F227L,1,72,4.160486670140369,95,92,5.314440057211881,97,94,3.5480760301984504,100,97,4.069268535541461,101,98,3.2627659619916667,103,100,3.649841046123348,179,176,3.254006764976653,181,178,5.5745741690571915,102,99,3.877642228835329,104,101,3.5966378466385844,105,102,3.457319364132886,106,103,5.181466906340366,107,104,3.5859375504924222,108,105,3.2588961266073104,188,185,3.59751543609432,227,224,3.386695850798351,229,226,3.5336914009592646,234,231,5.431677412578413,180,177,3.2591416604832655,189,186,3.2954439166362466,190,187,7.118519126516762,223,220,3.868779947603331,225,222,4.350158668219311,228,225,3.6650998476105454,235,232,3.5246811440684613,236,233,5.501705690802105,237,234,3.5082223335244827,318,315
V106A+F227L,2,72,4.375966061550315,95,92,5.581261206785303,97,94,3.7289005222557634,100,97,4.063155077937801,101,98,3.0596495379814788,103,100,3.377474506399072,179,176,3.2323735570650443,181,178,5.200359109759302,102,99,4.039190088282744,104,101,3.746377665025179,105,102,3.621850365356062,106,103,4.852365692614696,107,104,3.7407754665976136,108,105,3.2149315739880526,188,185,3.7257664926666423,227,224,3.466550072227852,229,226,3.603199015025981,234,231,4.988341833450537,180,177,3.053933619887926,189,186,3.214697326858972,190,187,6.539976007091121,223,220,3.649758999226432,225,222,4.645469963541383,228,225,3.5750282747650965,235,232,3.5359742799670277,236,233,5.479049638338505,237,234,3.5081053201988457,318,315
V106A+F227L,3,72,4.175807488289638,95,92,5.509329793396376,97,94,3.539578462874468,100,97,3.7547580677556938,101,98,3.0660341282153603,103,100,3.3414332094382257,179,176,3.235108695367062,181,178,5.246150949127088,102,99,3.816754520577381,104,101,3.7016180076930993,105,102,3.54400377324128,106,103,5.09978874748639,107,104,3.763317343006474,108,105,3.213107266169333,188,185,3.5279150470485092,227,224,3.3645353840823335,229,226,3.6566343170128217,234,231,5.074166706203984,180,177,3.2074912579977033,189,186,3.222875324775349,190,187,6.503615010530753,223,220,3.527055402059413,225,222,4.96880114195074,228,225,3.6210282788101074,235,232,3.495146913943186,236,233,5.420338383053428,237,234,3.4636738085058605,318,315
V106A+L234I,1,72,4.574484967841042,95,92,5.581496811189151,97,94,3.709313172996894,100,97,3.96258611357578,101,98,3.0844944970816734,103,100,3.429118005647385,179,176,3.196298812618165,181,178,5.249341079188443,102,99,3.671339335963088,104,101,3.5966626919206104,105,102,3.5849838534088736,106,103,4.989128879431544,107,104,3.873854865380674,108,105,3.2255242106733624,188,185,3.5463410690867208,227,224,3.5055250750327125,229,226,3.7794467681669,234,231,4.9311292311692965,180,177,3.1100012176356575,189,186,3.314773035473146,190,187,6.560515340373278,223,220,3.6676885164568063,225,222,4.796847115838015,228,225,3.6200742516365128,235,232,3.510502487062237,236,233,5.491379030756661,237,234,3.4839744771165866,318,315
V106A+L234I,2,72,4.313001455594827,95,92,5.394791429396553,97,94,3.672171548156304,100,97,3.9367289730570607,101,98,3.094529929889375,103,100,3.4546112115763115,179,176,3.2585543982481235,181,178,5.260320134912835,102,99,3.7815836176904982,104,101,3.602406099094294,105,102,3.5282382359543942,106,103,5.087545332318616,107,104,3.7163343362088535,108,105,3.2162584118881217,188,185,3.4877861277675697,227,224,3.3991934324200965,229,226,3.455148090337076,234,231,5.173062523230245,180,177,3.204845549554964,189,186,3.2455249984519403,190,187,6.456249313672444,223,220,3.60643858168262,225,222,5.2342582746151525,228,225,3.5812412669762415,235,232,3.474355174016399,236,233,5.372926075440868,237,234,3.610078562919327,318,315
V106A+L234I,3,92,4.684959420259949,95,92,5.460461843389406,97,94,3.7139159358860594,100,97,4.5334983283194505,101,98,3.250402897064818,103,100,3.2724928114127056,179,176,3.255488078828322,181,178,5.641363683009965,102,99,3.642064867095532,104,101,3.438139230180397,105,102,3.3082912005847542,106,103,4.930330855592556,107,104,3.6539748073800498,108,105,3.181814068342979,188,185,3.5086097730288515,227,224,3.4888201506198917,229,226,3.6485968953582466,234,231,4.968939385825451,180,177,3.086035343535403,189,186,3.143845260698526,190,187,6.792434997512567,223,220,5.737264185952189,225,222,4.267182757792392,228,225,3.8125795395090383,235,232,3.670496273333468,236,233,5.714773368040318,237,234,3.659496745266064,318,315
V106A+P225H,1,72,3.959431773881976,95,92,5.190491432554464,97,94,3.669527656442139,100,97,3.9787667072034023,101,98,3.031502594477568,103,100,3.578213344592579,179,176,3.188655689303322,181,178,5.053502250648092,102,99,3.66760671844789,104,101,3.7378235484768223,105,102,3.6078218411295575,106,103,4.6350278330633925,107,104,3.7077906796129207,108,105,3.233008920737342,188,185,3.4120345554121756,227,224,3.3132666352416393,229,226,3.662804365537401,234,231,5.404849339144499,180,177,3.0317319907959224,189,186,3.2157585572598637,190,187,5.822767742498268,223,220,3.2608520286792375,225,222,5.357487126041643,228,225,3.705352723607208,235,232,3.482041393785243,236,233,5.381878782647346,237,234,3.455863321674835,318,315
V106A+P225H,2,72,4.31345737673468,95,92,5.466706646619945,97,94,3.639132650511399,100,97,4.336266999888307,101,98,3.2424487479694317,103,100,3.452859651984015,179,176,3.3084315386136063,181,178,5.588130405620555,102,99,3.665593698686834,104,101,3.6372434957930753,105,102,3.46725100603428,106,103,4.851683772635976,107,104,3.7409856177224423,108,105,3.2580483197382986,188,185,3.5258935803391065,227,224,3.496748633993987,229,226,3.5940482144118135,234,231,5.194128034486035,180,177,3.131596207305527,189,186,3.3105494309729298,190,187,6.1019197049102445,223,220,3.6077889523571183,225,222,4.743954083768104,228,225,3.603657757809278,235,232,3.516614360197222,236,233,5.4368052715232515,237,234,3.494799243784075,318,315
V106A+P225H,3,98,4.023175356785764,95,92,5.7627327133973685,97,94,3.639688798475971,100,97,3.830327840926665,101,98,3.0728634951185727,103,100,3.579039232523032,179,176,3.2918114232045563,181,178,5.043969834411325,102,99,4.025427094956603,104,101,4.002589255000416,105,102,3.6497288492404696,106,103,4.868875458239979,107,104,3.557841036297773,108,105,3.3031337242696988,188,185,3.4469433540411374,227,224,3.4432735370959966,229,226,3.567811249722621,234,231,5.357932875980226,180,177,3.119628833496637,189,186,3.23145067942916,190,187,6.238875210120855,223,220,3.46100586153057,225,222,4.942260568398525,228,225,3.590185250202126,235,232,3.451587036108473,236,233,5.338330249043077,237,234,3.483293878588684,318,315
V106I,1,36,4.591994138738576,95,92,5.387344930797952,97,94,3.408339838186064,100,97,3.5682283402622264,101,98,3.767997136414221,103,100,3.994095560351573,179,176,3.775460623991834,181,178,5.015717574008444,102,99,5.543600264432164,104,101,5.323149829886351,105,102,3.0809865725991004,106,103,5.12903214387547,107,104,4.085620279254078,108,105,3.701138181978901,188,185,2.926309867820694,227,224,3.6458036905228135,229,226,3.3283004705614747,234,231,5.8773192249039745,180,177,3.5689328368173614,189,186,3.5003538355163393,190,187,6.501088850709277,223,220,4.140809185689781,225,222,4.796869309454072,228,225,3.206662249181031,235,232,2.922300197494041,236,233,4.80854742517902,237,234,3.024129055837194,318,315
V106I,2,36,4.390421306040086,95,92,5.838946393951794,97,94,3.4856770670254775,100,97,3.470826527672904,101,98,3.6031409535623937,103,100,3.479017872845778,179,176,3.3044202734372297,181,178,4.838844121728264,102,99,5.4587776343680225,104,101,5.1404469018134815,105,102,3.302955137707819,106,103,5.082837670833792,107,104,4.301837233169255,108,105,3.280886535528927,188,185,3.4400462622288126,227,224,3.482312303106676,229,226,3.563389400340098,234,231,5.026711993940395,180,177,3.282101414266085,189,186,3.467756378756483,190,187,6.989546481478164,223,220,4.0907920167478915,225,222,5.210468188942748,228,225,3.543180331673301,235,232,3.3270628606323585,236,233,5.150116562341832,237,234,3.317250382654744,318,315
V106I,3,36,4.097520842529872,95,92,5.488310411369811,97,94,3.6608399073600433,100,97,3.4761020586941833,101,98,3.0415918210255493,103,100,3.5327193515628257,179,176,3.194511311121751,181,178,4.342605736267801,102,99,4.969118581917659,104,101,5.146947571147293,105,102,3.290253114344308,106,103,5.481334005224173,107,104,3.860695325761299,108,105,3.2655907205579093,188,185,3.5459035150412372,227,224,3.39265384614238,229,226,3.644999871790477,234,231,5.219825737342571,180,177,3.513561565708006,189,186,3.396865523669931,190,187,6.5531176139006115,223,220,3.888295595188388,225,222,5.021919581765348,228,225,3.5597956874663006,235,232,3.298418784202908,236,233,5.177783729726547,237,234,3.4141457852395796,318,315
V106I+F227C,1,72,3.955811065395357,95,92,5.798798518764091,97,94,3.712160915535454,100,97,3.5024152386503027,101,98,2.8649557157534926,103,100,3.296100449646927,179,176,3.058360059593041,181,178,4.1957316366086035,102,99,4.776561023440627,104,101,4.823224304712614,105,102,3.079897929425778,106,103,4.935325910694574,107,104,3.779205285728083,108,105,2.9107398978751524,188,185,4.139887183388237,227,224,3.5309530521132215,229,226,3.833168438600817,234,231,4.756984686788501,180,177,2.9397832943536013,189,186,3.143657380397807,190,187,6.695335034794322,223,220,3.707311594419203,225,222,4.702232136006243,228,225,3.903051166342471,235,232,3.723350098114997,236,233,5.556765691905486,237,234,3.7372481590069495,318,315
V106I+F227C,2,40,4.696634079280498,95,92,5.788793359556202,97,94,3.2384457470243846,100,97,3.2313592273379705,101,98,2.494649544314674,103,100,3.4576471072952337,179,176,3.848872121965603,181,178,4.1623284288122,102,99,4.380847722544567,104,101,4.483134966795104,105,102,2.8302558404133524,106,103,4.872399434930907,107,104,3.651251266676721,108,105,3.780814093647636,188,185,3.289174703993704,227,224,4.044981645815687,229,226,3.322823175031414,234,231,5.039194826378839,180,177,2.9982513171653644,189,186,2.8485424921318256,190,187,6.357267426885596,223,220,3.646463552716377,225,222,4.796271368257355,228,225,3.465678470145105,235,232,2.9186753050490664,236,233,4.791158470723474,237,234,3.251925430448818,318,315
V106I+F227C,3,40,4.036261815948196,95,92,5.933386641783324,97,94,3.682001259711666,100,97,3.4160686988043176,101,98,2.9356362538095104,103,100,3.4331455415819834,179,176,3.187178206873482,181,178,4.229058429356611,102,99,4.70730201973965,104,101,5.020870844093618,105,102,3.4120295948533297,106,103,4.9758138771380205,107,104,3.9630374620206226,108,105,3.2435248528529534,188,185,3.870410564274949,227,224,3.4295451045283145,229,226,3.583969781254095,234,231,4.966265194953806,180,177,3.12630444299388,189,186,3.232977875800694,190,187,6.805905555297495,223,220,3.902964036581001,225,222,4.467063707025455,228,225,3.6814185236289942,235,232,3.3221686033484445,236,233,5.140529946710002,237,234,3.4005585930541726,318,315
V106M,1,36,4.345762113708628,95,92,5.987899840658033,97,94,3.796323192313435,100,97,3.704133935138652,101,98,3.450681128488747,103,100,3.8456356099175975,179,176,3.7830835405099896,181,178,4.118561746121899,102,99,5.405357675930706,104,101,5.331087410994132,105,102,2.9442133740573015,106,103,4.151629789073611,107,104,3.4364356270571097,108,105,3.1651113572923304,188,185,3.0802015561010885,227,224,3.827607223691211,229,226,3.823964849215877,234,231,5.365589323104527,180,177,2.8694338412413627,189,186,2.8772682174975595,190,187,5.992584315419297,223,220,4.085051023153985,225,222,4.942787671609704,228,225,3.952645267803243,235,232,3.1671188255372074,236,233,4.887576564678351,237,234,3.548737183831139,318,315
V106M,2,40,3.942458459751776,95,92,5.775428018476734,97,94,3.632429769087002,100,97,3.593266751796287,101,98,3.1654975458840675,103,100,3.4243342031608344,179,176,3.3312979476121116,181,178,4.745261516661576,102,99,4.973539845171496,104,101,4.648787631595468,105,102,3.2554432633686927,106,103,5.718242112527305,107,104,4.478619499565242,108,105,3.2738644256670826,188,185,3.4649854287216884,227,224,3.455413354618629,229,226,3.6373509795707593,234,231,4.656878082167393,180,177,3.7081263433524128,189,186,3.677967892080859,190,187,7.225641346810377,223,220,4.3478796340521075,225,222,4.5774246327218675,228,225,3.664282243694047,235,232,3.4266931430237237,236,233,5.318446672231337,237,234,3.461692585192476,318,315
V106M,3,36,4.409101810440721,95,92,5.528089677333505,97,94,3.596346912968884,100,97,3.637812991989792,101,98,3.66555803549592,103,100,3.5169307048248326,179,176,3.1477634139858472,181,178,5.09059830646058,102,99,5.582839156836769,104,101,4.979067764196874,105,102,3.326922625227862,106,103,5.483935720060723,107,104,4.67808707618417,108,105,3.2440283696834333,188,185,3.605944936863799,227,224,3.4338173941279404,229,226,3.512298073101886,234,231,5.147210195162969,180,177,3.4181688685738942,189,186,3.293579281824275,190,187,7.332385981367251,223,220,4.915516785698707,225,222,4.413867528564761,228,225,3.606903726053167,235,232,3.470124662357254,236,233,5.441520421074598,237,234,3.5476457294190036,318,315
WT,1,100,3.9460729491300097,95,92,5.7511101881997035,97,94,3.644458933925415,100,97,3.5639571364586686,101,98,3.016699260868857,103,100,3.4394157659959173,179,176,3.2751693777003026,181,178,4.754685787376241,102,99,4.646648688575576,104,101,4.8484244469349935,105,102,3.43881719897715,106,103,4.999165926117002,107,104,3.6766924035475745,108,105,3.184983357948383,188,185,3.675049745458178,227,224,3.542054913059028,229,226,3.64894812690942,234,231,5.033612386378521,180,177,3.091101520556257,189,186,3.2893047416434564,190,187,6.849916800223027,223,220,3.7245915083253975,225,222,4.86085609198473,228,225,3.626625897025776,235,232,3.346997165297754,236,233,5.189647491020004,237,234,3.36838534387975,318,315
WT,2,36,4.342709158254888,95,92,5.265024437890413,97,94,3.443093155355186,100,97,3.336999707995435,101,98,2.949909926349825,103,100,3.604867613037434,179,176,3.524982128332543,181,178,4.310305375734867,102,99,4.86439949007258,104,101,5.0526390813851805,105,102,3.228990946370337,106,103,5.1832194913004335,107,104,3.976388215900701,108,105,3.608832177652732,188,185,3.28402724980643,227,224,3.5616902228681604,229,226,3.406136918364477,234,231,5.495358536610414,180,177,3.4636815911417824,189,186,3.448474013470771,190,187,6.525777222106537,223,220,3.874851795239091,225,222,4.970233843769078,228,225,3.313832920790589,235,232,2.992132097607965,236,233,4.892010864624982,237,234,3.134811714135845,318,315
WT,3,36,3.967027087759696,95,92,5.754820907172661,97,94,3.6890505904478097,100,97,3.5323164188081435,101,98,2.964033348919244,103,100,3.5951300441519285,179,176,3.262177744563937,181,178,4.327935539072859,102,99,4.77842546634071,104,101,4.782352353813947,105,102,3.4239221823025496,106,103,4.916831710741978,107,104,3.9614752872738688,108,105,3.2033469834390695,188,185,3.5617651675583364,227,224,3.4623404885085307,229,226,3.6542161809756672,234,231,5.206577429916028,180,177,3.153701065030585,189,186,3.3018365472059688,190,187,7.117817299486699,223,220,3.7421638851002097,225,222,5.123588539940632,228,225,3.5879111971833755,235,232,3.2180131740188656,236,233,5.03376034935692,237,234,3.421800205552447,318,315
Y181C,1,36,4.025166487534402,95,92,5.546681100035396,97,94,3.6624342483743457,100,97,3.475363675295904,101,98,3.008111405746948,103,100,3.438961170952574,179,176,3.6686247398195793,181,178,4.537623233261724,102,99,4.71441471692382,104,101,4.716000416103278,105,102,3.405331929228938,106,103,5.148500160840693,107,104,4.330418108582797,108,105,3.316664105757972,188,185,3.3614097194753283,227,224,3.369076376020184,229,226,3.583176851822048,234,231,4.670684489232766,180,177,3.215328698485634,189,186,3.308783988575624,190,187,7.090699833785099,223,220,3.838258499159151,225,222,5.087507153928943,228,225,3.553444322238371,235,232,3.160543376459922,236,233,5.008221793490615,237,234,3.336703983414319,318,315
Y181C,2,36,4.187362985127182,95,92,6.525626931484444,97,94,3.96072824389307,100,97,3.4778070957597587,101,98,2.7328543497520092,103,100,2.838829012952616,179,176,3.2717920146590753,181,178,4.33129389052662,102,99,4.446751684260345,104,101,4.047785231463537,105,102,2.7528002431912766,106,103,4.802828117157721,107,104,3.445575680105976,108,105,2.649695774999091,188,185,3.821026064124293,227,224,3.998939460782323,229,226,4.418676116353805,234,231,4.035166671844518,180,177,2.777146085928999,189,186,2.902897889618059,190,187,6.684627459610187,223,220,3.9522850338653503,225,222,5.670059468690911,228,225,4.441059390135512,235,232,4.001083513076237,236,233,5.874620706937601,237,234,4.192544135619978,318,315
Y181C,3,36,4.639747389149257,95,92,6.12751647400681,97,94,3.809549124065144,100,97,3.620470320116815,101,98,2.975781666732058,103,100,3.5785406822241317,179,176,3.7148935807160774,181,178,4.790535160190618,102,99,4.48622733700316,104,101,4.317901760618698,105,102,3.057438039331858,106,103,4.753295508469659,107,104,3.851904570962365,108,105,3.3156159727452748,188,185,3.192348821836947,227,224,3.646390732891157,229,226,3.755701152319352,234,231,4.608763367497982,180,177,2.978837382412898,189,186,3.1173062024386966,190,187,6.445512742933669,223,220,3.491336748430322,225,222,5.263082540621248,228,225,3.6446263282156073,235,232,3.193897478181487,236,233,5.054521519756348,237,234,3.4314204302449234,318,315
Y188L,1,36,5.7320121446234715,95,92,5.356595675574522,97,94,3.147315712152324,100,97,3.4158421626597297,101,98,2.374607616242911,103,100,3.5536962952339004,179,176,4.050318954657896,181,178,4.2622898578762864,102,99,3.701749858545681,104,101,3.922103720948378,105,102,2.5286047252061636,106,103,4.8990268432763635,107,104,3.7547197447987255,108,105,3.831731770291688,188,185,2.472512159378581,227,224,4.398915482311693,229,226,3.401057899446321,234,231,5.537936826876683,180,177,2.7476669657196533,189,186,2.6986448027839147,190,187,6.112352487406877,223,220,3.9025594581498497,225,222,5.400863265249402,228,225,3.792723356657494,235,232,2.9444058628554566,236,233,4.89724496304955,237,234,3.5169375334855917,318,315
Y188L,2,36,4.124998006738237,95,92,4.520725646537434,97,94,3.611863663401188,100,97,3.6911106269420433,101,98,3.39633212608939,103,100,3.5947415472696056,179,176,3.3396396406757156,181,178,4.762701246834186,102,99,5.178313811902508,104,101,5.091443889237772,105,102,3.4097680036086464,106,103,5.215276399130809,107,104,3.69491630977444,108,105,3.481571708971232,188,185,3.4781662896341747,227,224,3.3305551664628683,229,226,3.430022501418412,234,231,5.499297186072126,180,177,3.3790586157625935,189,186,3.45782191625436,190,187,5.3131021636425375,223,220,5.205210236741473,225,222,4.85014192228349,228,225,3.5940936017356515,235,232,3.56745427303459,236,233,5.5542902504343905,237,234,3.433439779234464,318,315
Y188L,3,36,4.076340124032005,95,92,4.892852821133,97,94,3.7022059646859233,100,97,3.4828820989829,101,98,3.00059990817432,103,100,3.6247643693422975,179,176,3.4500916402674555,181,178,4.03614879870297,102,99,4.999219018539479,104,101,5.260757882161769,105,102,3.4064286134935435,106,103,5.089012036965588,107,104,3.935673368011132,108,105,3.5149606741834214,188,185,3.3510275268953684,227,224,3.405138021445569,229,226,3.500653441118386,234,231,5.487384420602215,180,177,3.411512787470719,189,186,3.3805157421731375,190,187,6.084816208560353,223,220,3.6508800946034743,225,222,4.699764990487425,228,225,3.5541878548878265,235,232,3.364495569019967,236,233,5.278944422642986,237,234,3.409025029526442,318,315
Y318F,1,36,3.7754125263766576,95,92,5.740965951742512,97,94,3.746476446047003,100,97,3.654150941682344,101,98,3.133646872401844,103,100,3.636768147336931,179,176,3.1100442902549625,181,178,4.478969514230487,102,99,4.906937843361031,104,101,4.811751247587148,105,102,3.282454063949395,106,103,4.629744288540641,107,104,3.678322128070291,108,105,3.0612301043831884,188,185,3.5930253192519452,227,224,3.3884316998472084,229,226,3.877397134948199,234,231,5.380677599377578,180,177,2.9171930358516587,189,186,3.1822853849688695,190,187,6.628692111528631,223,220,4.0663838213370855,225,222,5.174061803603421,228,225,3.702799628242632,235,232,3.571242700402683,236,233,5.318426468170085,237,234,3.581183049161003,318,315
Y318F,2,36,4.172940080292615,95,92,5.793395271753278,97,94,3.5548161325860743,100,97,3.394925755408678,101,98,2.8969612662085145,103,100,3.640174590747226,179,176,3.4342592519587196,181,178,4.113804856605116,102,99,4.80361802693076,104,101,4.915844078614137,105,102,3.249123433448682,106,103,4.900583180087851,107,104,3.8032037374110033,108,105,3.520943855923933,188,185,3.3708140846787877,227,224,3.4657617889778987,229,226,3.6091005948433,234,231,5.440299968478361,180,177,3.239253716047495,189,186,3.3452204913148673,190,187,6.642694283654814,223,220,3.9019205675010618,225,222,4.944307749608246,228,225,3.2964008378146046,235,232,2.9991935017098945,236,233,4.713034593667771,237,234,3.155171266851547,318,315
Y318F,3,36,4.192112626737976,95,92,5.733736318845623,97,94,3.6275172407020295,100,97,3.6237544976156943,101,98,2.9532967714223206,103,100,3.4697785267375902,179,176,3.4443155054688073,181,178,4.5526860531145665,102,99,4.541617186964609,104,101,4.776756586080356,105,102,3.3052603377919443,106,103,5.016894494986667,107,104,3.872049732740261,108,105,3.3809609211625675,188,185,3.3776424656004767,227,224,3.555635651578567,229,226,3.572419979809621,234,231,5.273134696924956,180,177,3.1561916776570498,189,186,3.1943309952201413,190,187,6.559158987671582,223,220,3.8038889525712207,225,222,4.872664469926469,228,225,3.451204783896873,235,232,3.197096967403804,236,233,4.981672119148923,237,234,3.331642722392499,318,315
