panel_task_id,task_id,leg_id,phase,replicate,stage,lambda_state,direction,snapshot_index,snapshot_index_end,snapshot_time_ps,switch_ps,run_dir
0,0,wt_to_V106A,holo,1,em,,,,,,,em
1,1,wt_to_V106A,holo,1,equil,0,,,,,,eq_lambda0
2,2,wt_to_V106A,holo,1,extract,0,,,,,,snapshots/lambda0
3,3,wt_to_V106A,holo,1,equil,1,,,,,,eq_lambda1
4,4,wt_to_V106A,holo,1,extract,1,,,,,,snapshots/lambda1
5,5,wt_to_V106A,holo,1,switch,0,fwd,0,49,100.000,500.0,switches/fwd_bundle000
6,6,wt_to_V106A,holo,1,switch,0,fwd,50,99,2574.747,500.0,switches/fwd_bundle050
7,7,wt_to_V106A,holo,1,switch,1,rev,0,49,100.000,500.0,switches/rev_bundle000
8,8,wt_to_V106A,holo,1,switch,1,rev,50,99,2574.747,500.0,switches/rev_bundle050
9,0,wt_to_V106A,holo,2,em,,,,,,,em
10,1,wt_to_V106A,holo,2,equil,0,,,,,,eq_lambda0
11,2,wt_to_V106A,holo,2,extract,0,,,,,,snapshots/lambda0
12,3,wt_to_V106A,holo,2,equil,1,,,,,,eq_lambda1
13,4,wt_to_V106A,holo,2,extract,1,,,,,,snapshots/lambda1
14,5,wt_to_V106A,holo,2,switch,0,fwd,0,49,100.000,500.0,switches/fwd_bundle000
15,6,wt_to_V106A,holo,2,switch,0,fwd,50,99,2574.747,500.0,switches/fwd_bundle050
16,7,wt_to_V106A,holo,2,switch,1,rev,0,49,100.000,500.0,switches/rev_bundle000
17,8,wt_to_V106A,holo,2,switch,1,rev,50,99,2574.747,500.0,switches/rev_bundle050
18,0,wt_to_V106A,holo,3,em,,,,,,,em
19,1,wt_to_V106A,holo,3,equil,0,,,,,,eq_lambda0
20,2,wt_to_V106A,holo,3,extract,0,,,,,,snapshots/lambda0
21,3,wt_to_V106A,holo,3,equil,1,,,,,,eq_lambda1
22,4,wt_to_V106A,holo,3,extract,1,,,,,,snapshots/lambda1
23,5,wt_to_V106A,holo,3,switch,0,fwd,0,49,100.000,500.0,switches/fwd_bundle000
24,6,wt_to_V106A,holo,3,switch,0,fwd,50,99,2574.747,500.0,switches/fwd_bundle050
25,7,wt_to_V106A,holo,3,switch,1,rev,0,49,100.000,500.0,switches/rev_bundle000
26,8,wt_to_V106A,holo,3,switch,1,rev,50,99,2574.747,500.0,switches/rev_bundle050
27,0,wt_to_V106A,apo,1,em,,,,,,,em
28,1,wt_to_V106A,apo,1,equil,0,,,,,,eq_lambda0
29,2,wt_to_V106A,apo,1,extract,0,,,,,,snapshots/lambda0
30,3,wt_to_V106A,apo,1,equil,1,,,,,,eq_lambda1
31,4,wt_to_V106A,apo,1,extract,1,,,,,,snapshots/lambda1
32,5,wt_to_V106A,apo,1,switch,0,fwd,0,49,100.000,500.0,switches/fwd_bundle000
33,6,wt_to_V106A,apo,1,switch,0,fwd,50,99,2574.747,500.0,switches/fwd_bundle050
34,7,wt_to_V106A,apo,1,switch,1,rev,0,49,100.000,500.0,switches/rev_bundle000
35,8,wt_to_V106A,apo,1,switch,1,rev,50,99,2574.747,500.0,switches/rev_bundle050
36,0,wt_to_V106A,apo,2,em,,,,,,,em
37,1,wt_to_V106A,apo,2,equil,0,,,,,,eq_lambda0
38,2,wt_to_V106A,apo,2,extract,0,,,,,,snapshots/lambda0
39,3,wt_to_V106A,apo,2,equil,1,,,,,,eq_lambda1
40,4,wt_to_V106A,apo,2,extract,1,,,,,,snapshots/lambda1
41,5,wt_to_V106A,apo,2,switch,0,fwd,0,49,100.000,500.0,switches/fwd_bundle000
42,6,wt_to_V106A,apo,2,switch,0,fwd,50,99,2574.747,500.0,switches/fwd_bundle050
43,7,wt_to_V106A,apo,2,switch,1,rev,0,49,100.000,500.0,switches/rev_bundle000
44,8,wt_to_V106A,apo,2,switch,1,rev,50,99,2574.747,500.0,switches/rev_bundle050
45,0,wt_to_V106A,apo,3,em,,,,,,,em
46,1,wt_to_V106A,apo,3,equil,0,,,,,,eq_lambda0
47,2,wt_to_V106A,apo,3,extract,0,,,,,,snapshots/lambda0
48,3,wt_to_V106A,apo,3,equil,1,,,,,,eq_lambda1
49,4,wt_to_V106A,apo,3,extract,1,,,,,,snapshots/lambda1
50,5,wt_to_V106A,apo,3,switch,0,fwd,0,49,100.000,500.0,switches/fwd_bundle000
51,6,wt_to_V106A,apo,3,switch,0,fwd,50,99,2574.747,500.0,switches/fwd_bundle050
52,7,wt_to_V106A,apo,3,switch,1,rev,0,49,100.000,500.0,switches/rev_bundle000
53,8,wt_to_V106A,apo,3,switch,1,rev,50,99,2574.747,500.0,switches/rev_bundle050
54,0,wt_to_Y188L,holo,1,em,,,,,,,em
55,1,wt_to_Y188L,holo,1,equil,0,,,,,,eq_lambda0
56,2,wt_to_Y188L,holo,1,extract,0,,,,,,snapshots/lambda0
57,3,wt_to_Y188L,holo,1,equil,1,,,,,,eq_lambda1
58,4,wt_to_Y188L,holo,1,extract,1,,,,,,snapshots/lambda1
59,5,wt_to_Y188L,holo,1,switch,0,fwd,0,49,100.000,500.0,switches/fwd_bundle000
60,6,wt_to_Y188L,holo,1,switch,0,fwd,50,99,2574.747,500.0,switches/fwd_bundle050
61,7,wt_to_Y188L,holo,1,switch,1,rev,0,49,100.000,500.0,switches/rev_bundle000
62,8,wt_to_Y188L,holo,1,switch,1,rev,50,99,2574.747,500.0,switches/rev_bundle050
63,0,wt_to_Y188L,holo,2,em,,,,,,,em
64,1,wt_to_Y188L,holo,2,equil,0,,,,,,eq_lambda0
65,2,wt_to_Y188L,holo,2,extract,0,,,,,,snapshots/lambda0
66,3,wt_to_Y188L,holo,2,equil,1,,,,,,eq_lambda1
67,4,wt_to_Y188L,holo,2,extract,1,,,,,,snapshots/lambda1
68,5,wt_to_Y188L,holo,2,switch,0,fwd,0,49,100.000,500.0,switches/fwd_bundle000
69,6,wt_to_Y188L,holo,2,switch,0,fwd,50,99,2574.747,500.0,switches/fwd_bundle050
70,7,wt_to_Y188L,holo,2,switch,1,rev,0,49,100.000,500.0,switches/rev_bundle000
71,8,wt_to_Y188L,holo,2,switch,1,rev,50,99,2574.747,500.0,switches/rev_bundle050
72,0,wt_to_Y188L,holo,3,em,,,,,,,em
73,1,wt_to_Y188L,holo,3,equil,0,,,,,,eq_lambda0
74,2,wt_to_Y188L,holo,3,extract,0,,,,,,snapshots/lambda0
75,3,wt_to_Y188L,holo,3,equil,1,,,,,,eq_lambda1
76,4,wt_to_Y188L,holo,3,extract,1,,,,,,snapshots/lambda1
77,5,wt_to_Y188L,holo,3,switch,0,fwd,0,49,100.000,500.0,switches/fwd_bundle000
78,6,wt_to_Y188L,holo,3,switch,0,fwd,50,99,2574.747,500.0,switches/fwd_bundle050
79,7,wt_to_Y188L,holo,3,switch,1,rev,0,49,100.000,500.0,switches/rev_bundle000
80,8,wt_to_Y188L,holo,3,switch,1,rev,50,99,2574.747,500.0,switches/rev_bundle050
81,0,wt_to_Y188L,apo,1,em,,,,,,,em
82,1,wt_to_Y188L,apo,1,equil,0,,,,,,eq_lambda0
83,2,wt_to_Y188L,apo,1,extract,0,,,,,,snapshots/lambda0
84,3,wt_to_Y188L,apo,1,equil,1,,,,,,eq_lambda1
85,4,wt_to_Y188L,apo,1,extract,1,,,,,,snapshots/lambda1
86,5,wt_to_Y188L,apo,1,switch,0,fwd,0,49,100.000,500.0,switches/fwd_bundle000
87,6,wt_to_Y188L,apo,1,switch,0,fwd,50,99,2574.747,500.0,switches/fwd_bundle050
88,7,wt_to_Y188L,apo,1,switch,1,rev,0,49,100.000,500.0,switches/rev_bundle000
89,8,wt_to_Y188L,apo,1,switch,1,rev,50,99,2574.747,500.0,switches/rev_bundle050
90,0,wt_to_Y188L,apo,2,em,,,,,,,em
91,1,wt_to_Y188L,apo,2,equil,0,,,,,,eq_lambda0
92,2,wt_to_Y188L,apo,2,extract,0,,,,,,snapshots/lambda0
93,3,wt_to_Y188L,apo,2,equil,1,,,,,,eq_lambda1
94,4,wt_to_Y188L,apo,2,extract,1,,,,,,snapshots/lambda1
95,5,wt_to_Y188L,apo,2,switch,0,fwd,0,49,100.000,500.0,switches/fwd_bundle000
96,6,wt_to_Y188L,apo,2,switch,0,fwd,50,99,2574.747,500.0,switches/fwd_bundle050
97,7,wt_to_Y188L,apo,2,switch,1,rev,0,49,100.000,500.0,switches/rev_bundle000
98,8,wt_to_Y188L,apo,2,switch,1,rev,50,99,2574.747,500.0,switches/rev_bundle050
99,0,wt_to_Y188L,apo,3,em,,,,,,,em
100,1,wt_to_Y188L,apo,3,equil,0,,,,,,eq_lambda0
101,2,wt_to_Y188L,apo,3,extract,0,,,,,,snapshots/lambda0
102,3,wt_to_Y188L,apo,3,equil,1,,,,,,eq_lambda1
103,4,wt_to_Y188L,apo,3,extract,1,,,,,,snapshots/lambda1
104,5,wt_to_Y188L,apo,3,switch,0,fwd,0,49,100.000,500.0,switches/fwd_bundle000
105,6,wt_to_Y188L,apo,3,switch,0,fwd,50,99,2574.747,500.0,switches/fwd_bundle050
106,7,wt_to_Y188L,apo,3,switch,1,rev,0,49,100.000,500.0,switches/rev_bundle000
107,8,wt_to_Y188L,apo,3,switch,1,rev,50,99,2574.747,500.0,switches/rev_bundle050
