index,mutation,replicate,n_frames,residue_min_distance_PRO236_angstrom,residue_min_distance_PRO236_angstrom_std,residue_min_distance_PRO236_angstrom_median,min,max
0,A98G+F227C,1,37,3.309600475672129,0.21720057266164117,3.291022539138794,2.9544568061828613,4.070932865142822
1,A98G+F227C,2,37,3.4628037310935356,0.3228609874498344,3.4092628955841064,3.0116753578186035,4.805654048919678
2,A98G+F227C,3,52,3.477238852244157,0.5376269049734164,3.383347511291504,2.8768815994262695,5.502799987792969
3,F227C,1,41,3.3127596552779033,0.21043319352477838,3.3615899085998535,2.9117283821105957,3.7055180072784424
4,F227C,2,41,3.3963010776333693,0.23710521172611493,3.4019408226013184,2.9736223220825195,3.788712978363037
5,F227C,3,49,3.290816423844318,0.21636400504088768,3.2802734375,2.6984670162200928,3.8443076610565186
6,G190A,1,37,3.17224488709424,0.8144594711894027,3.304089307785034,1.4566649198532104,5.052223205566406
7,G190A,2,37,3.7021352084907324,0.7238612856732772,3.4665679931640625,2.8464226722717285,5.2592267990112305
8,G190A,3,37,3.360889003083513,0.3029011434499477,3.324892044067383,2.782719373703003,4.066040992736816
9,G190E,1,37,4.049762899811204,0.8207028183627657,3.6713149547576904,2.895132303237915,5.454904556274414
10,G190E,2,37,3.1224240032402246,0.41418839238742455,3.1288280487060547,2.4036190509796143,3.8495686054229736
11,G190E,3,29,3.138258087223974,0.711240459641069,3.393860101699829,1.373055100440979,4.105363845825195
12,G190S,1,40,3.0127963036298753,0.7464504079981813,3.0976401567459106,1.3980765342712402,4.9972920417785645
13,G190S,2,37,3.143140225797086,0.7651689464033746,3.2342422008514404,1.651167392730713,5.004332065582275
14,G190S,3,40,3.2035672783851625,0.43640516416980546,3.315535545349121,1.6560344696044922,3.625802755355835
15,K103N,1,37,3.213583134316109,0.42705491252294675,3.3050107955932617,1.8183109760284424,3.638890266418457
16,K103N,2,37,3.002349756859444,0.7692028358771054,3.258265256881714,1.4286290407180786,4.410642147064209
17,K103N,3,37,3.3949138280507682,0.2695597796607103,3.384707450866699,2.8478052616119385,4.140909671783447
18,K103N+M230L,1,40,3.696939253807068,0.6951950556070177,3.424862027168274,2.7604305744171143,5.161659240722656
19,K103N+M230L,2,37,3.881879484331286,0.7587274782380957,3.5408923625946045,2.915544271469116,5.203348159790039
20,K103N+M230L,3,37,3.4309324380513786,0.17601878548010752,3.46624493598938,3.0398502349853516,3.7730188369750977
21,K103N+P225H,1,61,3.4973698873988917,0.5680879511483502,3.3802103996276855,2.751976490020752,4.997255325317383
22,K103N+P225H,2,109,3.354918239313528,0.2383830684644803,3.348287582397461,2.7940568923950195,3.9912221431732178
23,K103N+P225H,3,73,3.354348120624072,0.2802537415116295,3.3967268466949463,2.836574077606201,4.001620769500732
24,L100I+K103N,1,73,3.445777096160471,0.2339138920065036,3.470778465270996,2.907776355743408,3.914830207824707
25,L100I+K103N,2,73,3.273600018187745,0.46939927450398966,3.33113956451416,1.496310830116272,3.967324495315552
26,L100I+K103N,3,73,3.411593110594031,0.21501650122490132,3.440905809402466,2.951495885848999,3.7917747497558594
27,V106A,1,37,2.959178505717097,0.6045076657060573,3.190059185028076,1.7986538410186768,3.9669651985168457
28,V106A,2,73,3.5273890919881326,0.17868284153184802,3.5263333320617676,3.190699577331543,4.033979892730713
29,V106A,3,37,3.377841082779137,0.532759725229838,3.4356350898742676,1.998184323310852,5.212626934051514
30,V106A+F227L,1,73,3.5240060401289433,0.19843790152255197,3.5142807960510254,3.0876781940460205,4.091415882110596
31,V106A+F227L,2,73,3.5300512281182694,0.20706769147903567,3.546597480773926,3.034684658050537,4.040411949157715
32,V106A+F227L,3,73,3.5033503297257096,0.19656423448813748,3.5153937339782715,2.989725112915039,4.093955039978027
33,V106A+L234I,1,73,3.505982892154014,0.18630437390084073,3.5096070766448975,2.8311285972595215,4.032822132110596
34,V106A+L234I,2,73,3.476634789819587,0.16698862372134468,3.5136115550994873,3.111297607421875,3.813384532928467
35,V106A+L234I,3,93,3.669991607307106,0.5530173896479483,3.5761449337005615,1.9995349645614624,5.396287441253662
36,V106A+P225H,1,73,3.485386469592787,0.22750039994267268,3.52935791015625,2.9809460639953613,4.220449924468994
37,V106A+P225H,2,73,3.5211556676315934,0.23022430535091448,3.5352303981781006,2.8321943283081055,4.195578098297119
38,V106A+P225H,3,99,3.4491003619299994,0.245252376114661,3.446214437484741,2.8987131118774414,4.284345626831055
39,V106I,1,37,2.93168040546211,0.7198130077591848,3.298452854156494,1.5930711030960083,3.9068410396575928
40,V106I,2,37,3.3244169306110694,0.760603346783518,3.431396484375,1.3776700496673584,5.176053524017334
41,V106I,3,37,3.2974963832545923,0.15991267856190589,3.2961840629577637,2.8934450149536133,3.579869270324707
42,V106I+F227C,1,73,3.743031867562908,0.7706923826577781,3.4544777870178223,2.868443012237549,5.509400844573975
43,V106I+F227C,2,41,2.91647639797955,0.43751899378127473,2.921607732772827,1.945020079612732,3.6500496864318848
44,V106I+F227C,3,41,3.324846849208925,0.18073537251297903,3.348841905593872,2.8396992683410645,3.690837860107422
45,V106M,1,37,3.1644772387839653,0.23873480544874306,3.164382219314575,2.5937986373901367,3.703391313552856
46,V106M,2,41,3.4310860343095735,0.27035652483707057,3.4311532974243164,2.886875867843628,4.116153240203857
47,V106M,3,37,3.471231608777433,0.2015043210443702,3.4996514320373535,3.015911817550659,3.905334711074829
48,WT,1,101,3.346302341706682,0.22940992642440225,3.3600082397460938,2.772928237915039,3.804126262664795
49,WT,2,37,2.96869048556766,0.6958122279345301,3.296419620513916,1.5994518995285034,3.740721702575683
50,WT,3,37,3.2219162438366866,0.20428213763750985,3.2095465660095215,2.8340091705322266,3.7146263122558594
51,Y181C,1,37,3.1711416244506836,0.4753249857235714,3.30544376373291,1.288540959358215,3.68882155418396
52,Y181C,2,37,3.974478702287416,0.7719544749141336,3.835062742233277,2.9671988487243652,5.163778781890869
53,Y181C,3,37,3.1995551457276217,0.4885803871304611,3.3404672145843506,1.7154831886291504,3.836647987365722
54,Y188L,1,37,2.9626313673483358,0.7624285242557786,3.2738728523254395,1.7600153684616089,4.0152506828308105
55,Y188L,2,37,3.5636532693295866,0.20649372406104383,3.5557615756988525,2.954336404800415,3.991705894470215
56,Y188L,3,37,3.374322533607483,0.4139390566200443,3.444528102874756,1.756170392036438,3.900976419448853
57,Y318F,1,37,3.5624666987238705,0.5173999087120211,3.432567358016968,2.9114291667938232,5.012684345245361
58,Y318F,2,37,3.001921376666507,0.6262260050341247,3.139453887939453,1.6460509300231934,4.07105827331543
59,Y318F,3,37,3.168913245201111,0.538676408074943,3.3393633365631104,1.722487449645996,3.708525896072388
