mutation,auth_resid,residue,rationale,n_mut_reps,n_wt_reps,occ_mut_mean,occ_mut_ci95_lo,occ_mut_ci95_hi,occ_wt_mean,occ_wt_ci95_lo,occ_wt_ci95_hi,delta_vs_wt_mean,delta_vs_wt_ci95_lo,delta_vs_wt_ci95_hi,welch_t,welch_p,welch_pass_p05,perm_delta,perm_global_fwer_p,perm_exceeds_global_90pct,verdict
V106A,105,SER105,V106A entrance-shift reporter,3,3,0.7611111111111111,0.6170268937721269,0.9051953284500952,0.0102222222222222,-0.012017144383728353,0.03246158882817275,0.7508888888888888,0.6068046715499047,0.894973106227873,22.16067270915509,0.0016101507902790747,True,0.7592054263565892,0.0283971602839716,True,supported
V106A,104,LYS104,V106A entrance-shift companion,3,3,0.4694444444444444,0.08605382566028602,0.8528350632286028,0.07666666666666665,-0.06482987942052905,0.21816321275386236,0.3927777777777777,0.00938715899361936,0.7761683965619361,4.135351549380449,0.035294233169181274,True,0.4020994832041343,0.9273072692730728,False,mixed
V106A+F227L,105,SER105,V106A combo Ser105,3,3,0.8305555555555556,0.6191063960115692,1.042004715099542,0.0102222222222222,-0.012017144383728353,0.03246158882817275,0.8203333333333334,0.6088841737893469,1.0317824928773196,16.600906405478568,0.0032807688416904403,True,0.8189276485788114,0.0046995300469953,True,supported
V106A+F227L,104,LYS104,V106A combo Lys104,3,3,0.6101851851851853,0.393691983465336,0.8266783869050345,0.07666666666666665,-0.06482987942052905,0.21816321275386236,0.5335185185185186,0.31702531679866935,0.7500117202383678,8.875714341135682,0.0017171664462466779,True,0.5136735572782084,0.5804419558044196,False,mixed
V106A+L234I,105,SER105,V106A combo Ser105,3,3,0.8881642512077295,0.8160977832025393,0.9602307192129196,0.0102222222222222,-0.012017144383728353,0.03246158882817275,0.8779420289855072,0.8058755609803172,0.9500084969906974,50.08596359003354,0.00011885554264949225,True,0.8773551438707134,0.0003999600039996,True,supported
V106A+L234I,104,LYS104,V106A combo Lys104,3,3,0.7487922705314011,0.6856467871066019,0.8119377539562003,0.07666666666666665,-0.06482987942052905,0.21816321275386236,0.6721256038647344,0.6089801204399352,0.7352710872895336,18.663929879875013,0.0005420489650024702,True,0.6534883720930232,0.1785821417858214,False,mixed
V106A+P225H,105,SER105,V106A combo Ser105,3,3,0.7576743921835947,0.3818359587366447,1.1335128256305447,0.0102222222222222,-0.012017144383728353,0.03246158882817275,0.7474521699613724,0.3716137365144225,1.1232906034083223,8.541999083067529,0.013148339309840449,True,0.7278261873160597,0.0516948305169483,True,supported
V106A+P225H,104,LYS104,V106A combo Lys104,3,3,0.6738354919336514,0.2527962969654572,1.0948746869018458,0.07666666666666665,-0.06482987942052905,0.21816321275386236,0.5971688252669848,0.17612963029879053,1.018208020235179,5.784623256356567,0.017611449035726263,True,0.5569209610094831,0.4467553244675532,False,mixed
V106I,105,SER105,negative control vs V106A,3,3,0.0185185185185185,-0.03893864828750658,0.07597568532454357,0.0102222222222222,-0.012017144383728353,0.03246158882817275,0.0082962962962963,-0.04916087050972878,0.06575346310232137,0.579378379279849,0.6088895045630222,False,0.0068906115417743,1.0,False,descriptive_only
V106I+F227C,227,RES227,227-region story,3,3,0.674074074074074,0.2979979505603928,1.0501501975877554,0.9351851851851852,0.8279883847571028,1.0423819856132677,-0.2611111111111112,-0.6371872346247924,0.11496501240257012,-2.8729181221513045,0.0864725592740771,False,-0.2799877600979192,0.999900009999,False,descriptive_only
V106I+F227C,105,SER105,contrast vs V106A+F227L,3,3,0.13537037037037036,-0.11342773592502864,0.38416847666576937,0.0102222222222222,-0.012017144383728353,0.03246158882817275,0.12514814814814818,-0.12364995814725085,0.3739462544435471,2.155686118770706,0.1618667700257155,False,0.1344247246022032,1.0,False,descriptive_only
V106A+F227L,227,RES227,contrast vs V106I+F227C,3,3,0.9231481481481482,0.8177430638815715,1.0285532324147248,0.9351851851851852,0.8279883847571028,1.0423819856132677,-0.012037037037037068,-0.11744212130361387,0.09336804722953959,-0.34449931100206826,0.7478256089694441,False,0.0010551248923341,1.0,False,descriptive_only
Y188L,102,LYS102,draft-highlighted Δoccupancy,3,3,0.35925925925925933,-0.06393920061815489,0.7824577191366735,0.1717037037037037,-0.0926471082184836,0.436054515625891,0.18755555555555564,-0.23564290432185864,0.6107540154329698,1.6172810198246674,0.19460275018327575,False,0.2313522825150732,1.0,False,descriptive_only
Y188L,225,PRO225,draft-highlighted Δoccupancy,3,3,0.6277777777777778,-0.14173090368547514,1.3972864592410308,0.7605185185185185,0.4132450505938982,1.1077919864431387,-0.13274074074074071,-0.9022494222039936,0.6367679407225122,-0.6765099873630296,0.5506675613024775,False,-0.1571059431524547,1.0,False,descriptive_only
Y188L,188,TYR188,direct mutation site packing,3,3,0.8537037037037036,0.3971646053055273,1.31024280210188,0.8777777777777778,0.35189799969728797,1.4036575558582676,-0.024074074074074137,-0.4806131724722504,0.4324650243241022,-0.14873908218746681,0.8890918015494497,False,-0.0695521102497845,1.0,False,descriptive_only
K103N+P225H,225,PRO225,draft-highlighted Δoccupancy,3,3,0.6524414503096674,0.3772257884090715,0.9276571122102633,0.7605185185185185,0.4132450505938982,1.1077919864431387,-0.1080770682088511,-0.383292730109447,0.16713859369174466,-1.049452213101072,0.35604963640652953,False,-0.1179395077745288,1.0,False,descriptive_only
G190E,179,VAL179,G190E hairpin reporter,3,3,0.04444444444444443,-0.12344910881261853,0.21233799770150738,0.8860000000000001,0.638365199948643,1.1336348000513572,-0.8415555555555557,-1.0094491088126187,-0.6736620022984927,-12.102645187549975,0.0005430740186549139,True,-0.864694505289649,0.0004999500049995,True,supported
G190A,179,VAL179,negative control vs G190E,3,3,0.862962962962963,0.6314828110199625,1.0944431149059637,0.8860000000000001,0.638365199948643,1.1336348000513572,-0.023037037037037078,-0.2545171889800376,0.20844311490596348,-0.2924094868556953,0.7845764054031718,False,-0.0498277347114556,1.0,False,descriptive_only
G190S,179,VAL179,intermediate G190 comparison,3,3,0.7427059712773999,0.6113731902552946,0.8740387522995052,0.8860000000000001,0.638365199948643,1.1336348000513572,-0.14329402872260022,-0.27462680974470555,-0.011961247700494948,-2.199542899060483,0.11396790086847025,False,-0.1715319564156773,1.0,False,descriptive_only
