triplet,mutation,n_frames,n_replicates,pooled_mean,pooled_median,pooled_std,pooled_q25,pooled_q75,replicate_mean_std,dor_fold_reduction
WT|V106M|V106A,WT,175,3,4.041641308920724,3.976238012313843,0.44190896092411747,3.7335087060928345,4.275699138641357,0.22294064284454904,1.0
WT|V106M|V106A,V106M,115,3,4.238075432570084,4.040118217468262,0.6982150764157755,3.65037202835083,4.702149868011475,0.2318112947327685,3.4
WT|V106M|V106A,V106A,147,3,4.429153795955943,4.216854095458984,0.7522861780401011,3.9115244150161743,4.86084508895874,0.4567622298579328,18.0
WT|G190A|G190E,WT,175,3,4.041641308920724,3.976238012313843,0.44190896092411747,3.7335087060928345,4.275699138641357,0.22294064284454904,1.0
WT|G190A|G190E,G190A,111,3,4.311931893632218,4.221687316894531,0.6517388710679525,3.895892024040222,4.6715087890625,0.18233902951724928,2.7
WT|G190A|G190E,G190E,103,3,4.702592271045574,4.366207599639893,1.1148226662506868,3.8543291091918945,5.472506284713745,0.9231347113478272,18.0
WT|K103N|K103N+P225H,WT,175,3,4.041641308920724,3.976238012313843,0.44190896092411747,3.7335087060928345,4.275699138641357,0.22294064284454904,1.0
WT|K103N|K103N+P225H,K103N,111,3,4.402415529027715,4.317575454711914,0.7392509904810853,3.9177805185317993,4.765179872512817,0.11862977873749682,1.2
WT|K103N|K103N+P225H,K103N+P225H,243,3,4.133432822953527,4.054866790771484,0.5030782907336678,3.7570059299468994,4.429385185241699,0.10113888998323976,7.8
WT|K103N|K103N+M230L,WT,175,3,4.041641308920724,3.976238012313843,0.44190896092411747,3.7335087060928345,4.275699138641357,0.22294064284454904,1.0
WT|K103N|K103N+M230L,K103N,111,3,4.402415529027715,4.317575454711914,0.7392509904810853,3.9177805185317993,4.765179872512817,0.11862977873749682,1.2
WT|K103N|K103N+M230L,K103N+M230L,114,3,4.219913223333526,4.131301403045654,0.4981591229515699,3.8681512475013733,4.527441143989563,0.10731140374118686,36.0
WT|V106A|V106A+P225H,WT,175,3,4.041641308920724,3.976238012313843,0.44190896092411747,3.7335087060928345,4.275699138641357,0.22294064284454904,1.0
WT|V106A|V106A+P225H,V106A,147,3,4.429153795955943,4.216854095458984,0.7522861780401011,3.9115244150161743,4.86084508895874,0.4567622298579328,18.0
WT|V106A|V106A+P225H,V106A+P225H,245,3,4.0966806781535245,3.997814893722534,0.4923133949678711,3.743767499923706,4.380734920501709,0.19623990673800124,153.0
WT|V106I|V106I+F227C,WT,175,3,4.041641308920724,3.976238012313843,0.44190896092411747,3.7335087060928345,4.275699138641357,0.22294064284454904,1.0
WT|V106I|V106I+F227C,V106I,111,3,4.37458703968976,4.2167253494262695,0.7102858151188132,3.8647875785827637,4.713762044906616,0.2500496159932297,1.4
WT|V106I|V106I+F227C,V106I+F227C,155,3,4.181189244793307,4.02698278427124,0.6146976928363576,3.719756007194519,4.540161609649658,0.4109762215404563,105.0
WT|V106I|V106A+P225H,WT,175,3,4.041641308920724,3.976238012313843,0.44190896092411747,3.7335087060928345,4.275699138641357,0.22294064284454904,1.0
WT|V106I|V106A+P225H,V106I,111,3,4.37458703968976,4.2167253494262695,0.7102858151188132,3.8647875785827637,4.713762044906616,0.2500496159932297,1.4
WT|V106I|V106A+P225H,V106A+P225H,245,3,4.0966806781535245,3.997814893722534,0.4923133949678711,3.743767499923706,4.380734920501709,0.19623990673800124,153.0
WT|V106I|V106A+L234I,WT,175,3,4.041641308920724,3.976238012313843,0.44190896092411747,3.7335087060928345,4.275699138641357,0.22294064284454904,1.0
WT|V106I|V106A+L234I,V106I,111,3,4.37458703968976,4.2167253494262695,0.7102858151188132,3.8647875785827637,4.713762044906616,0.2500496159932297,1.4
WT|V106I|V106A+L234I,V106A+L234I,239,3,4.529894347968959,4.532357215881348,0.6458070625483733,3.986349582672119,4.971922874450684,0.17918433709025872,161.0
WT|V106I|V106A,WT,175,3,4.041641308920724,3.976238012313843,0.44190896092411747,3.7335087060928345,4.275699138641357,0.22294064284454904,1.0
WT|V106I|V106A,V106I,111,3,4.37458703968976,4.2167253494262695,0.7102858151188132,3.8647875785827637,4.713762044906616,0.2500496159932297,1.4
WT|V106I|V106A,V106A,147,3,4.429153795955943,4.216854095458984,0.7522861780401011,3.9115244150161743,4.86084508895874,0.4567622298579328,18.0
WT|V106A|V106A+L234I,WT,175,3,4.041641308920724,3.976238012313843,0.44190896092411747,3.7335087060928345,4.275699138641357,0.22294064284454904,1.0
WT|V106A|V106A+L234I,V106A,147,3,4.429153795955943,4.216854095458984,0.7522861780401011,3.9115244150161743,4.86084508895874,0.4567622298579328,18.0
WT|V106A|V106A+L234I,V106A+L234I,239,3,4.529894347968959,4.532357215881348,0.6458070625483733,3.986349582672119,4.971922874450684,0.17918433709025872,161.0
WT|F227C|A98G+F227C,WT,175,3,4.041641308920724,3.976238012313843,0.44190896092411747,3.7335087060928345,4.275699138641357,0.22294064284454904,1.0
WT|F227C|A98G+F227C,F227C,131,3,4.1802130346079815,4.14729642868042,0.4616088881090779,3.8362817764282227,4.497061491012573,0.08820163420413839,1.3
WT|F227C|A98G+F227C,A98G+F227C,126,3,4.915050217083523,4.58886981010437,1.1277202014324041,3.9099879264831543,5.907995820045471,0.7270032929416345,93.0
WT|F227C|V106I+F227C,WT,175,3,4.041641308920724,3.976238012313843,0.44190896092411747,3.7335087060928345,4.275699138641357,0.22294064284454904,1.0
WT|F227C|V106I+F227C,F227C,131,3,4.1802130346079815,4.14729642868042,0.4616088881090779,3.8362817764282227,4.497061491012573,0.08820163420413839,1.3
WT|F227C|V106I+F227C,V106I+F227C,155,3,4.181189244793307,4.02698278427124,0.6146976928363576,3.719756007194519,4.540161609649658,0.4109762215404563,105.0
WT|Y181C|Y188L,WT,175,3,4.041641308920724,3.976238012313843,0.44190896092411747,3.7335087060928345,4.275699138641357,0.22294064284454904,1.0
WT|Y181C|Y188L,Y181C,111,3,4.276577154795329,4.0723795890808105,0.7501392872903334,3.7570934295654297,4.50396466255188,0.2948972431146969,1.4
WT|Y181C|Y188L,Y188L,111,3,4.648322820663452,4.1682634353637695,1.2243663280998012,3.838450312614441,4.836770057678223,0.9595180240997011,149.0
WT|K103N|Y318F,WT,175,3,4.041641308920724,3.976238012313843,0.44190896092411747,3.7335087060928345,4.275699138641357,0.22294064284454904,1.0
WT|K103N|Y318F,K103N,111,3,4.402415529027715,4.317575454711914,0.7392509904810853,3.9177805185317993,4.765179872512817,0.11862977873749682,1.2
WT|K103N|Y318F,Y318F,111,3,4.055101308736715,3.9113893508911137,0.5645399073806625,3.6628578901290894,4.365463972091675,0.24092217180736045,11.0
