task_id,leg_id,phase,replicate,stage,lambda_state,direction,snapshot_index,snapshot_index_end,snapshot_time_ps,switch_ps,run_dir
0,wt_to_F227C,holo,1,em,,,,,,,em
1,wt_to_F227C,holo,1,equil,0,,,,,,eq_lambda0
2,wt_to_F227C,holo,1,extract,0,,,,,,snapshots/lambda0
3,wt_to_F227C,holo,1,equil,1,,,,,,eq_lambda1
4,wt_to_F227C,holo,1,extract,1,,,,,,snapshots/lambda1
5,wt_to_F227C,holo,1,switch,0,fwd,0,49,100.000,500.0,switches/fwd_bundle000
6,wt_to_F227C,holo,1,switch,0,fwd,50,99,2574.747,500.0,switches/fwd_bundle050
7,wt_to_F227C,holo,1,switch,1,rev,0,49,100.000,500.0,switches/rev_bundle000
8,wt_to_F227C,holo,1,switch,1,rev,50,99,2574.747,500.0,switches/rev_bundle050
