mutation,replicate,n_frames,total_ns,trajectory,n_ca,n_dor_heavy,n_nnibp_ca,timing_source
A98G+F227C,2,180,100.0,results/md_runs/A98G_F227C/rep_02/A98G_F227C_rep02_analysis_pbcfix.dcd,955,29,15,dcd_fingerprint_100ns
A98G+F227C,1,180,100.0,results/md_runs/A98G_F227C/rep_01/A98G_F227C_rep01_analysis_pbcfix.dcd,955,29,15,dcd_fingerprint_100ns
F227C,1,200,100.0,results/md_runs/F227C/rep_01/F227C_rep01_analysis_pbcfix.dcd,955,29,15,dcd_fingerprint_100ns
A98G+F227C,3,254,100.0,results/md_runs/A98G_F227C/rep_03/A98G_F227C_rep03_analysis_pbcfix.dcd,955,29,15,metadata_100ns
G190A,1,180,100.0,results/md_runs/G190A/rep_01/G190A_rep01_analysis_pbcfix.dcd,955,29,15,dcd_fingerprint_100ns
F227C,2,200,100.0,results/md_runs/F227C/rep_02/F227C_rep02_analysis_pbcfix.dcd,955,29,15,dcd_fingerprint_100ns
G190A,2,180,100.0,results/md_runs/G190A/rep_02/G190A_rep02_analysis_pbcfix.dcd,955,29,15,dcd_fingerprint_100ns
F227C,3,238,100.0,results/md_runs/F227C/rep_03/F227C_rep03_analysis_pbcfix.dcd,955,29,15,metadata_100ns
G190A,3,180,100.0,results/md_runs/G190A/rep_03/G190A_rep03_analysis_pbcfix.dcd,955,29,15,dcd_fingerprint_100ns
G190E,1,180,100.0,results/md_runs/G190E/rep_01/G190E_rep01_analysis_pbcfix.dcd,955,29,15,dcd_fingerprint_100ns
G190E,3,139,77.09497206703911,results/md_runs/G190E/rep_03/G190E_rep03_analysis_pbcfix.dcd,955,29,15,dcd_short_same_stride
G190E,2,180,100.0,results/md_runs/G190E/rep_02/G190E_rep02_analysis_pbcfix.dcd,955,29,15,dcd_fingerprint_100ns
G190S,1,196,100.0,results/md_runs/G190S/rep_01/G190S_rep01_analysis_pbcfix.dcd,955,29,15,dcd_fingerprint_100ns
G190S,2,180,100.0,results/md_runs/G190S/rep_02/G190S_rep02_analysis_pbcfix.dcd,955,29,15,dcd_fingerprint_100ns
K103N,1,180,100.0,results/md_runs/K103N/rep_01/K103N_rep01_analysis_pbcfix.dcd,955,29,15,dcd_fingerprint_100ns
G190S,3,196,100.0,results/md_runs/G190S/rep_03/G190S_rep03_analysis_pbcfix.dcd,955,29,15,dcd_fingerprint_100ns
K103N,2,180,100.0,results/md_runs/K103N/rep_02/K103N_rep02_analysis_pbcfix.dcd,955,29,15,dcd_fingerprint_100ns
K103N,3,180,100.0,results/md_runs/K103N/rep_03/K103N_rep03_analysis_pbcfix.dcd,955,29,15,dcd_fingerprint_100ns
K103N+M230L,2,180,100.0,results/md_runs/K103N_M230L/rep_02/K103N_M230L_rep02_analysis_pbcfix.dcd,955,29,15,dcd_fingerprint_100ns
K103N+M230L,1,196,100.0,results/md_runs/K103N_M230L/rep_01/K103N_M230L_rep01_analysis_pbcfix.dcd,955,29,15,dcd_fingerprint_100ns
K103N+M230L,3,180,100.0,results/md_runs/K103N_M230L/rep_03/K103N_M230L_rep03_analysis_pbcfix.dcd,955,29,15,dcd_fingerprint_100ns
K103N+P225H,1,301,100.0,results/md_runs/K103N_P225H/rep_01/K103N_P225H_rep01_analysis_pbcfix.dcd,955,29,15,metadata_100ns
K103N+P225H,3,360,100.0,results/md_runs/K103N_P225H/rep_03/K103N_P225H_rep03_analysis_pbcfix.dcd,955,29,15,dcd_fingerprint_100ns
K103N+P225H,2,540,100.0,results/md_runs/K103N_P225H/rep_02/K103N_P225H_rep02_analysis_pbcfix.dcd,955,29,15,metadata_100ns
L100I+K103N,1,360,100.0,results/md_runs/L100I_K103N/rep_01/L100I_K103N_rep01_analysis_pbcfix.dcd,955,29,15,dcd_fingerprint_100ns
L100I+K103N,2,360,100.0,results/md_runs/L100I_K103N/rep_02/L100I_K103N_rep02_analysis_pbcfix.dcd,955,29,15,dcd_fingerprint_100ns
V106A,1,180,100.0,results/md_runs/V106A/rep_01/V106A_rep01_analysis_pbcfix.dcd,955,29,15,dcd_fingerprint_100ns
L100I+K103N,3,360,100.0,results/md_runs/L100I_K103N/rep_03/L100I_K103N_rep03_analysis_pbcfix.dcd,955,29,15,dcd_fingerprint_100ns
V106A,3,180,100.0,results/md_runs/V106A/rep_03/V106A_rep03_analysis_pbcfix.dcd,955,29,15,dcd_fingerprint_100ns
V106A,2,360,100.0,results/md_runs/V106A/rep_02/V106A_rep02_analysis_pbcfix.dcd,955,29,15,dcd_fingerprint_100ns
V106A+F227L,1,360,100.0,results/md_runs/V106A_F227L/rep_01/V106A_F227L_rep01_analysis_pbcfix.dcd,955,29,15,dcd_fingerprint_100ns
V106A+F227L,2,360,100.0,results/md_runs/V106A_F227L/rep_02/V106A_F227L_rep02_analysis_pbcfix.dcd,955,29,15,dcd_fingerprint_100ns
V106A+F227L,3,360,100.0,results/md_runs/V106A_F227L/rep_03/V106A_F227L_rep03_analysis_pbcfix.dcd,955,29,15,dcd_fingerprint_100ns
V106A+L234I,1,360,100.0,results/md_runs/V106A_L234I/rep_01/V106A_L234I_rep01_analysis_pbcfix.dcd,955,29,15,dcd_fingerprint_100ns
V106A+L234I,2,360,100.0,results/md_runs/V106A_L234I/rep_02/V106A_L234I_rep02_analysis_pbcfix.dcd,955,29,15,dcd_fingerprint_100ns
V106A+L234I,3,460,100.0,results/md_runs/V106A_L234I/rep_03/V106A_L234I_rep03_analysis_pbcfix.dcd,955,29,15,metadata_100ns
V106A+P225H,1,360,100.0,results/md_runs/V106A_P225H/rep_01/V106A_P225H_rep01_analysis_pbcfix.dcd,955,29,15,dcd_fingerprint_100ns
V106A+P225H,2,360,100.0,results/md_runs/V106A_P225H/rep_02/V106A_P225H_rep02_analysis_pbcfix.dcd,955,29,15,dcd_fingerprint_100ns
V106I,1,180,100.0,results/md_runs/V106I/rep_01/V106I_rep01_analysis_pbcfix.dcd,955,29,15,dcd_fingerprint_100ns
V106A+P225H,3,489,100.0,results/md_runs/V106A_P225H/rep_03/V106A_P225H_rep03_analysis_pbcfix.dcd,955,29,15,metadata_100ns
V106I,2,180,100.0,results/md_runs/V106I/rep_02/V106I_rep02_analysis_pbcfix.dcd,955,29,15,dcd_fingerprint_100ns
V106I,3,180,100.0,results/md_runs/V106I/rep_03/V106I_rep03_analysis_pbcfix.dcd,955,29,15,dcd_fingerprint_100ns
V106I+F227C,1,360,100.0,results/md_runs/V106I_F227C/rep_01/V106I_F227C_rep01_analysis_pbcfix.dcd,955,29,15,dcd_fingerprint_100ns
V106I+F227C,2,200,100.0,results/md_runs/V106I_F227C/rep_02/V106I_F227C_rep02_analysis_pbcfix.dcd,955,29,15,dcd_fingerprint_100ns
V106M,1,180,100.0,results/md_runs/V106M/rep_01/V106M_rep01_analysis_pbcfix.dcd,955,29,15,dcd_fingerprint_100ns
V106I+F227C,3,200,100.0,results/md_runs/V106I_F227C/rep_03/V106I_F227C_rep03_analysis_pbcfix.dcd,955,29,15,dcd_fingerprint_100ns
V106M,2,200,100.0,results/md_runs/V106M/rep_02/V106M_rep02_analysis_pbcfix.dcd,955,29,15,dcd_fingerprint_100ns
V106M,3,180,100.0,results/md_runs/V106M/rep_03/V106M_rep03_analysis_pbcfix.dcd,955,29,15,dcd_fingerprint_100ns
WT,2,180,100.0,results/md_runs/wt/rep_02/wt_rep02_analysis_pbcfix.dcd,955,29,15,dcd_fingerprint_100ns
WT,1,500,100.0,results/md_runs/wt/rep_01/wt_rep01_analysis_pbcfix.dcd,955,29,15,metadata_100ns
WT,3,180,100.0,results/md_runs/wt/rep_03/wt_rep03_analysis_pbcfix.dcd,955,29,15,dcd_fingerprint_100ns
Y181C,1,180,100.0,results/md_runs/Y181C/rep_01/Y181C_rep01_analysis_pbcfix.dcd,955,29,15,dcd_fingerprint_100ns
Y181C,2,180,100.0,results/md_runs/Y181C/rep_02/Y181C_rep02_analysis_pbcfix.dcd,955,29,15,dcd_fingerprint_100ns
Y181C,3,180,100.0,results/md_runs/Y181C/rep_03/Y181C_rep03_analysis_pbcfix.dcd,955,29,15,dcd_fingerprint_100ns
Y188L,1,180,100.0,results/md_runs/Y188L/rep_01/Y188L_rep01_analysis_pbcfix.dcd,955,29,15,dcd_fingerprint_100ns
Y188L,2,180,100.0,results/md_runs/Y188L/rep_02/Y188L_rep02_analysis_pbcfix.dcd,955,29,15,dcd_fingerprint_100ns
Y188L,3,180,100.0,results/md_runs/Y188L/rep_03/Y188L_rep03_analysis_pbcfix.dcd,955,29,15,dcd_fingerprint_100ns
Y318F,1,180,100.0,results/md_runs/Y318F/rep_01/Y318F_rep01_analysis_pbcfix.dcd,955,29,15,dcd_fingerprint_100ns
Y318F,2,180,100.0,results/md_runs/Y318F/rep_02/Y318F_rep02_analysis_pbcfix.dcd,955,29,15,dcd_fingerprint_100ns
Y318F,3,180,100.0,results/md_runs/Y318F/rep_03/Y318F_rep03_analysis_pbcfix.dcd,955,29,15,dcd_fingerprint_100ns
