drug,mutation,chain,category,notes
RPV,K101P,A,>=3x,>=3-fold reduction in susceptibility
RPV,Y181I,A,>=3x,>=3-fold reduction in susceptibility
RPV,Y181V,A,>=3x,>=3-fold reduction in susceptibility
RPV,Y188L,A,>=3x,>=3-fold reduction in susceptibility
RPV,G190E,A,>=3x,>=3-fold reduction in susceptibility
RPV,M230L,A,>=3x,>=3-fold reduction in susceptibility
RPV,L100I+K103N,A,>=3x,combo >=3-fold reduction in susceptibility
RPV,K101E+E138K,A+B,>=3x,combo >=3-fold reduction in susceptibility
RPV,V108I+Y181C,A,>=3x,combo >=3-fold reduction in susceptibility
RPV,K101E,A,~2x; prevalence>=10%,~2-fold reduction in susceptibility; prevalence 17.8% among PLWH with >=1 NNRTI DRM
RPV,E138A,B,~2x; prevalence>=10%,~2-fold reduction in susceptibility; prevalence 13.9% among PLWH with >=1 NNRTI DRM
RPV,E138G,B,~2x,~2-fold reduction in susceptibility
RPV,E138K,B,~2x; prevalence>=10%,~2-fold reduction in susceptibility; prevalence 32.2% among PLWH with >=1 NNRTI DRM
RPV,E138Q,B,~2x,~2-fold reduction in susceptibility
RPV,V90I,A,prevalence>=10%,prevalence 25.0% among PLWH with >=1 NNRTI DRM
RPV,Y181C,A,prevalence>=10%,prevalence 17.2% among PLWH with >=1 NNRTI DRM
RPV,H221Y,A,prevalence>=10%,prevalence 12.2% among PLWH with >=1 NNRTI DRM
RPV,K103N,A,prevalence>=10%,prevalence 10.6% among PLWH with >=1 NNRTI DRM
RPV,Y181C+K101E,A,cooccurrence,more likely co-occurred pair
RPV,Y181C+V179F,A,cooccurrence,more likely co-occurred pair
RPV,Y181C+H221Y,A,cooccurrence,more likely co-occurred pair
RPV,Y181C+M230L,A,cooccurrence,more likely co-occurred pair
RPV,L100F,A,novel_nonpolymorphic,reported at known NNRTI-associated position
RPV,V108A,A,novel_nonpolymorphic,reported at known NNRTI-associated position
RPV,T139I,B,novel_nonpolymorphic,reported at known NNRTI-associated position
RPV,P225S,A,novel_nonpolymorphic,reported at known NNRTI-associated position
RPV,M230V,A,novel_nonpolymorphic,reported at known NNRTI-associated position
RPV,Y232C,A,novel_nonpolymorphic,reported at known NNRTI-associated position
RPV,T240A,A,novel_nonpolymorphic,reported at known NNRTI-associated position
RPV,T240I,A,novel_nonpolymorphic,reported at known NNRTI-associated position
RPV,T240M,A,novel_nonpolymorphic,reported at known NNRTI-associated position
RPV,T240S,A,novel_nonpolymorphic,reported at known NNRTI-associated position
DOR,V106A,A,>=10x; highest_reduction,>=10-fold reduction in susceptibility; associated with greatest reductions
DOR,Y188L,A,>=10x; highest_reduction,>=10-fold reduction in susceptibility; associated with greatest reductions
DOR,F227C,A,>=10x; highest_reduction,>=10-fold reduction in susceptibility; associated with greatest reductions
DOR,F227L,A,>=10x; highest_reduction,>=10-fold reduction in susceptibility; associated with greatest reductions
DOR,Y318F,A,>=10x; highest_reduction,>=10-fold reduction in susceptibility; associated with greatest reductions
DOR,M230L,A,highest_reduction,associated with greatest reductions
DOR,G190E,A,>10x_noncanonical,>10-fold reduction without canonical mutations
DOR,G190S,A,>10x_noncanonical,>10-fold reduction without canonical mutations
DOR,L100I+K103N,A,>10x_noncanonical,>10-fold reduction without canonical mutations
DOR,K103N+P225H,A,>10x_noncanonical,>10-fold reduction without canonical mutations
DOR,L100I+K103N+V108I,A,>10x_noncanonical,>10-fold reduction without canonical mutations
DOR,K101E+Y181C+G190A,A,>10x_noncanonical,>10-fold reduction without canonical mutations
