mutation,residue_min_distance_SER105_angstrom_mean,ligand_pose_rmsd_angstrom_mean,control_category,target_fold_change
WT,4.894471960711374,1.292608573422701,wt_reference,1.0
V106I,5.203514767615708,1.3446854342211474,negative_control,1.1
K103N,4.814263905636838,1.2637582464261097,negative_control,1.2
Y181C,4.360562469395171,1.41411493544106,negative_control,1.4
G190A,4.963292017282414,1.418115514355737,negative_control,2.7
V106M,4.986314268928825,1.4016827667736529,uncertain_phenotype,3.4
G190S,4.4766327637608585,1.4114971179145952,uncertain_phenotype,5.2
L100I+K103N,4.6779714594671935,1.3024650071853916,uncertain_phenotype,6.8
K103N+P225H,4.673953815342792,1.4156526658941544,uncertain_phenotype,7.8
G190E,4.3063203138714465,1.3911879541304366,uncertain_phenotype,18.0
V106A,3.7162000878400296,1.305793128858948,positive_control,9.6
Y318F,4.834783970760547,1.4854377733694542,positive_control,11.0
K103N+M230L,4.496375108089048,1.352120289099109,positive_control,36.0
A98G+F227C,4.6403108368107695,1.5227271632568256,positive_control,93.0
V106I+F227C,4.775743371867112,1.4199686977841806,positive_control,105.0
V106A+F227L,3.6815445064522874,1.3664351816046727,positive_control,106.0
Y188L,4.75810183078264,1.5417307051452431,positive_control,149.0
V106A+P225H,3.792552099756771,1.5406829585619317,positive_control,153.0
V106A+L234I,3.5457360070651003,1.3385544241238525,positive_control,161.0
