mutation,safe_label,replicate,n_frames,n_ca,nnbp_fingers_coupling,nnbp_palm_coupling,nnbp_thumb_coupling,dccm_path
A98G+F227C,A98G_F227C,1,100,955,0.35500311851501465,0.45759767293930054,0.5528510212898254,results/dccm/A98G_F227C_rep01_dccm.npy
A98G+F227C,A98G_F227C,2,100,955,0.4371291697025299,0.5170817971229553,0.6525739431381226,results/dccm/A98G_F227C_rep02_dccm.npy
A98G+F227C,A98G_F227C,3,100,955,0.35475873947143555,0.47796258330345154,0.5425673723220825,results/dccm/A98G_F227C_rep03_dccm.npy
F227C,F227C,1,100,955,0.363377183675766,0.4446185529232025,0.4926813542842865,results/dccm/F227C_rep01_dccm.npy
F227C,F227C,2,100,955,0.5007300972938538,0.5824027061462402,0.5951148867607117,results/dccm/F227C_rep02_dccm.npy
F227C,F227C,3,100,955,0.3223063349723816,0.42679300904273987,0.4384431540966034,results/dccm/F227C_rep03_dccm.npy
V106A,V106A,1,100,955,0.23984120786190033,0.33836638927459717,0.17980481684207916,results/dccm/V106A_rep01_dccm.npy
V106A,V106A,2,180,955,0.34566816687583923,0.45053452253341675,0.5285925269126892,results/dccm/V106A_rep02_dccm.npy
V106A,V106A,3,180,955,0.5170636773109436,0.5557101368904114,0.4958643913269043,results/dccm/V106A_rep03_dccm.npy
V106I+F227C,V106I_F227C,1,180,955,0.42190802097320557,0.5224936008453369,0.5858466029167175,results/dccm/V106I_F227C_rep01_dccm.npy
V106I+F227C,V106I_F227C,2,180,955,0.48209479451179504,0.5677268505096436,0.5775951743125916,results/dccm/V106I_F227C_rep02_dccm.npy
V106I+F227C,V106I_F227C,3,180,955,0.5516648292541504,0.5742380023002625,0.5771360993385315,results/dccm/V106I_F227C_rep03_dccm.npy
WT,wt,1,250,955,0.33843305706977844,0.40145283937454224,0.4112096130847931,results/dccm/wt_rep01_dccm.npy
WT,wt,2,180,955,0.3281918466091156,0.3959701657295227,0.44708094000816345,results/dccm/wt_rep02_dccm.npy
WT,wt,3,180,955,0.38226011395454407,0.4284783899784088,0.45453375577926636,results/dccm/wt_rep03_dccm.npy
