leg,mutation,replicate,mean,std,count
apo,A98G+F227C,1,30.62742567062378,2.05723680180389,200
apo,A98G+F227C,2,33.300520944595334,2.034226069593484,200
apo,A98G+F227C,3,34.105898427963254,1.6795988207375347,200
apo,F227C,1,32.87616238594055,2.5267177366219324,200
apo,F227C,2,32.53308910369873,2.079138156405695,200
apo,F227C,3,33.3734841632843,2.380530279457094,200
apo,K103N+M230L,1,37.586025161743166,1.7436261409115028,200
apo,K103N+M230L,2,35.597675790786745,1.9097864030904064,200
apo,K103N+M230L,3,34.83963960647583,2.560027101595146,200
apo,V106A,1,35.00926300048828,1.873406663383661,200
apo,V106A,2,34.642523469924924,1.795454747163853,200
apo,V106A,3,35.2920338344574,2.5236843677178,200
apo,V106A+P225H,1,38.73455470085144,3.6608982258197433,200
apo,V106A+P225H,2,36.12201688766479,1.4378067270492714,200
apo,V106A+P225H,3,38.55665050506592,2.6922674203904333,200
apo,V106I+F227C,1,37.47949323654175,2.869651306153066,200
apo,V106I+F227C,2,36.567352304458616,1.9525304507357923,200
apo,V106I+F227C,3,31.766470222473146,1.7587539916386985,200
apo,WT,1,34.5723813533783,1.8479368589553142,200
apo,WT,2,33.01086108207703,2.2271718505594773,200
apo,WT,3,36.010284185409546,1.9158916775974606,200
holo,A98G+F227C,1,38.85826642990112,2.0634898635113648,200
holo,A98G+F227C,2,36.753212718963624,1.797428370872755,200
holo,A98G+F227C,3,39.18071907043457,2.217736384324515,200
holo,F227C,1,37.43019236564636,2.2811387953621725,200
holo,F227C,2,36.25809428215027,2.305595072880735,200
holo,F227C,3,36.890090789794925,2.6273797671935983,200
holo,G190A,1,34.928136911392215,1.8196488561969524,200
holo,G190A,2,38.534289264678954,2.6092603010911204,200
holo,G190A,3,36.20154323577881,1.6166221772405482,200
holo,G190E,1,37.095343430837,2.00485657858676,360
holo,G190E,2,33.75738389756945,1.7967627784156177,360
holo,G190E,3,34.62889037132263,2.22883639043364,360
holo,G190S,1,38.21902443038093,2.8984989190084667,360
holo,G190S,2,37.41091255611843,2.6620486359499496,360
holo,G190S,3,36.75493889914618,2.599500178430591,360
holo,K103N,1,37.88376285552979,2.389552468959728,200
holo,K103N,2,37.958970317840574,1.9625292678801207,200
holo,K103N,3,32.98821215629577,2.628741633830865,200
holo,K103N+M230L,1,37.81629827287462,1.928906587516252,360
holo,K103N+M230L,2,36.41096515655518,2.1209959991924494,360
holo,K103N+M230L,3,37.03267640537686,2.643568206530628,360
holo,K103N+P225H,1,36.203496848212346,1.8719509215892252,360
holo,K103N+P225H,2,34.26186128722297,2.7781457224305597,360
holo,K103N+P225H,3,34.14429801305135,2.2480243796972856,360
holo,L100I+K103N,1,36.51299864451091,2.5394744563950082,360
holo,L100I+K103N,2,39.65169667667813,3.0013169085179467,360
holo,L100I+K103N,3,38.81960315704346,2.197056398816377,360
holo,V106A,1,37.33251220703125,1.8436834256792713,200
holo,V106A,2,40.61486730575562,2.163941644144661,360
holo,V106A,3,37.87587566375733,3.1885379532806137,360
holo,V106A+F227L,1,34.83332175678677,2.4998042418646036,360
holo,V106A+F227L,2,40.45096853044298,2.64829115838879,360
holo,V106A+F227L,3,38.03224954605103,2.480886220157839,360
holo,V106A+L234I,1,45.812767855326335,3.5168762299523895,360
holo,V106A+L234I,2,38.62233303917779,2.579219509766217,360
holo,V106A+L234I,3,33.518937513563365,1.8901327226406996,360
holo,V106A+P225H,1,36.98749686876933,2.131552047474025,360
holo,V106A+P225H,2,36.09681800206502,2.0263981055989997,360
holo,V106A+P225H,3,36.165791511535645,2.0802760143936614,360
holo,V106I,1,37.674635906219486,1.9021024515153855,200
holo,V106I,2,38.684675540924076,1.8444305261996328,200
holo,V106I,3,38.63072704315186,2.037194211793238,200
holo,V106I+F227C,1,37.470058600107826,2.390695200082635,360
holo,V106I+F227C,2,35.90839731958177,1.8629561315722625,360
holo,V106I+F227C,3,36.04689194891188,2.616669085685499,360
holo,V106M,1,33.495835812886554,2.3145879039028374,360
holo,V106M,2,32.369374216927426,1.995428532661113,360
holo,V106M,3,38.42315569983588,2.2387838691634223,360
holo,WT,1,37.70825337219238,1.8095447202611203,500
holo,WT,2,39.035465717315674,1.8335258954640976,360
holo,WT,3,36.625409295823836,2.83039070808631,360
holo,Y181C,1,34.37349487304687,2.4546951271730575,200
holo,Y181C,2,38.36210586547852,1.9339664717094662,200
holo,Y181C,3,37.036764221191405,2.102434554805899,200
holo,Y188L,1,34.58568098449707,1.677194332957569,500
holo,Y188L,2,36.25167572763231,2.7507343491115024,360
holo,Y188L,3,36.10883091290792,1.6730557468804368,360
holo,Y318F,1,37.21639350891113,2.320887857604342,200
holo,Y318F,2,36.797772375742596,1.9106732434553941,360
holo,Y318F,3,41.19630509482489,2.8721419652943165,360
