mutation,target_value,pred_ridge,pred_random_forest,pred_gradient_boosting,cv_fold
K103N,1.2,-45.64154069812417,14.832439523809528,4.032876873604445,5
F227C,1.3,69.18065856092086,60.07126063492061,65.03831078432424,1
Y181C,1.4,-12.033617045965286,20.904551111111104,21.432022810816928,3
V106I,1.4,45.39600485959838,61.587208968253904,51.689287094262404,4
G190A,2.7,17.89828656119714,23.80765071428572,16.816122091143935,2
V106M,3.4,47.014664643430216,19.77985952380951,8.489606157358065,3
G190S,5.2,22.36691678650484,20.67487285714287,23.47588386889632,2
L100I+K103N,6.8,21.990835870585737,46.58359793650794,31.181089898899778,4
K103N+P225H,7.8,47.30841487752811,47.29587809523805,35.9426438889452,1
Y318F,11.0,31.698039144160184,31.661611031746027,21.150423604357528,3
V106A,18.0,45.70622447791517,27.040259047619045,13.474859885283353,1
G190E,18.0,-121.90754826562468,30.489716825396783,33.84935392879872,4
K103N+M230L,36.0,5.377656638284911,23.688427380952376,14.234978439691208,5
A98G+F227C,93.0,-7.491991583090034,21.57474912698412,7.183637155363912,3
V106I+F227C,105.0,-20.48115761746042,27.91211738095238,18.891220313190264,2
V106A+F227L,106.0,91.60116261368512,93.04033746031745,138.40503137958413,5
Y188L,149.0,-14.18213224060429,43.27034523809523,53.665894861722094,2
V106A+P225H,153.0,53.37535606498019,80.22349301587302,107.29978657551545,4
V106A+L234I,161.0,80.829577689683,71.88573095238088,95.80829789093374,1
