model,feature,importance_raw,importance_norm,rank,fold,n_train,n_test
ridge,binding_dg_electrostatic_mean,10.065884166794167,0.054819876438106804,1,1,15,4
ridge,residue_min_distance_PRO225_angstrom_mean,8.74741755129633,0.047639366931769046,2,1,15,4
ridge,ligand_pose_rmsd_angstrom_mean,8.543779989621253,0.04653033509867768,3,1,15,4
ridge,residue_min_distance_TYR318_angstrom_repstd,7.356131290286543,0.04006227388611332,4,1,15,4
ridge,residue_min_distance_PRO236_angstrom_mean,6.476880536014816,0.03527378070373654,5,1,15,4
ridge,residue_min_distance_LYS101_angstrom_repstd,6.396381062274641,0.03483537200255888,6,1,15,4
ridge,residue_min_distance_PRO95_angstrom_repstd,6.377848221792383,0.03473444018092754,7,1,15,4
ridge,binding_dg_mean,5.673022209140153,0.030895882704633382,8,1,15,4
ridge,ligand_pose_rmsd_angstrom_repstd,5.39722561879838,0.029393865121869728,9,1,15,4
ridge,ligand_palm_distance_angstrom_repstd,5.048680168341109,0.02749564950459055,10,1,15,4
ridge,residue_min_distance_VAL179_angstrom_repstd,5.004210151988222,0.027253461062793458,11,1,15,4
ridge,residue_min_distance_HIS235_angstrom_repstd,4.9940865544539825,0.02719832687321408,12,1,15,4
ridge,ligand_pocket_center_distance_angstrom_repstd,4.937824205591495,0.026891916133566007,13,1,15,4
ridge,residue_min_distance_LEU234_angstrom_repstd,4.357419965620385,0.023730972872930113,14,1,15,4
ridge,binding_dg_vdw_repstd,4.161323949705383,0.022663013100660143,15,1,15,4
ridge,residue_min_distance_LYS103_angstrom_repstd,3.892814268459274,0.02120068080034368,16,1,15,4
ridge,residue_min_distance_LEU100_angstrom_repstd,3.8535486210932515,0.020986835905926107,17,1,15,4
ridge,ligand_palm_distance_angstrom_mean,3.819906245388685,0.020803615947435756,18,1,15,4
ridge,residue_min_distance_LYS101_angstrom_mean,3.7479397782494552,0.020411678908335482,19,1,15,4
ridge,residue_min_distance_VAL106_angstrom_mean,3.5373339380396214,0.019264697088742004,20,1,15,4
ridge,residue_min_distance_TRP229_angstrom_repstd,3.34527954684906,0.01821874843485286,21,1,15,4
ridge,residue_min_distance_TYR318_angstrom_mean,3.2512127819529204,0.01770645082213543,22,1,15,4
ridge,residue_min_distance_HIS235_angstrom_mean,3.211517094498785,0.017490263883630806,23,1,15,4
ridge,residue_min_distance_VAL106_angstrom_repstd,3.205599361778209,0.017458035281437478,24,1,15,4
ridge,ligand_pocket_center_distance_angstrom_mean,3.1817011733106515,0.0173278832036689,25,1,15,4
ridge,residue_min_distance_TYR181_angstrom_mean,3.102792065013676,0.01689813580195018,26,1,15,4
ridge,ligand_palm_depth_projection_angstrom_mean,3.057801532476927,0.01665311257361964,27,1,15,4
ridge,ligand_entrance_distance_angstrom_mean,2.987604207816185,0.016270810472738904,28,1,15,4
ridge,residue_min_distance_GLY190_angstrom_mean,2.925228305824988,0.015931104672114543,29,1,15,4
ridge,residue_min_distance_PRO236_angstrom_repstd,2.914802256256814,0.015874323296569775,30,1,15,4
ridge,residue_min_distance_VAL108_angstrom_repstd,2.786631133333527,0.015176289720466567,31,1,15,4
ridge,residue_min_distance_PRO95_angstrom_mean,2.6882102321254204,0.01464027901800347,32,1,15,4
ridge,binding_dg_electrostatic_repstd,2.596719855683148,0.014142012690998972,33,1,15,4
ridge,residue_min_distance_VAL189_angstrom_repstd,2.556451969973882,0.013922709499900479,34,1,15,4
ridge,pocket_ca_rmsd_angstrom_repstd,2.478631121119065,0.0134988888749222,35,1,15,4
ridge,binding_dg_vdw_mean,2.301379888590639,0.012533559798539123,36,1,15,4
ridge,residue_min_distance_PHE227_angstrom_mean,2.159986910938689,0.011763518594442442,37,1,15,4
ridge,pocket_ca_rmsd_angstrom_mean,2.067463479475814,0.01125962613985245,38,1,15,4
ridge,residue_min_distance_LYS103_angstrom_mean,2.055227119746481,0.011192985622507028,39,1,15,4
ridge,ligand_entrance_distance_angstrom_repstd,2.014688530276342,0.010972208149917062,40,1,15,4
ridge,binding_dg_gb_repstd,1.891302962850523,0.010300237218357721,41,1,15,4
ridge,ligand_palm_depth_projection_angstrom_repstd,1.8187681373670634,0.009905204839227006,42,1,15,4
ridge,residue_min_distance_PHE227_angstrom_repstd,1.769871173522561,0.009638906770250925,43,1,15,4
ridge,residue_min_distance_VAL108_angstrom_mean,1.3908854215994997,0.007574910031567805,44,1,15,4
ridge,residue_min_distance_TYR181_angstrom_repstd,1.3801266446632052,0.00751631658736561,45,1,15,4
ridge,residue_min_distance_LEU234_angstrom_mean,1.3038693980722686,0.00710101150672342,46,1,15,4
ridge,residue_min_distance_LEU100_angstrom_mean,1.292625819400318,0.007039777780673623,47,1,15,4
ridge,binding_dg_sa_repstd,0.9812413292568323,0.005343944708133376,48,1,15,4
ridge,binding_dg_gb_mean,0.8967905115225749,0.004884016567040578,49,1,15,4
ridge,residue_min_distance_VAL179_angstrom_mean,0.8839719007406605,0.004814205048496496,50,1,15,4
ridge,residue_min_distance_TYR188_angstrom_repstd,0.7387110773125349,0.00402309914466573,51,1,15,4
ridge,binding_dg_repstd,0.489104560297718,0.0026637154885296964,52,1,15,4
ridge,residue_min_distance_GLY190_angstrom_repstd,0.4531444796526821,0.0024678730622708753,53,1,15,4
ridge,residue_min_distance_TYR188_angstrom_mean,0.43522174685173415,0.0023702639520029106,54,1,15,4
ridge,residue_min_distance_PRO225_angstrom_repstd,0.2653881797619162,0.0014453322710265021,55,1,15,4
ridge,residue_min_distance_VAL189_angstrom_mean,0.200387269195903,0.0010913303943361065,56,1,15,4
ridge,residue_min_distance_TRP229_angstrom_mean,0.0814627242010012,0.0004436546657016362,57,1,15,4
ridge,binding_dg_sa_mean,0.0659576064757359,0.00035921214443149007,58,1,15,4
ridge,residue_min_distance_LYS101_angstrom_mean,10.668217594174525,0.055059029788489915,1,2,15,4
ridge,binding_dg_electrostatic_mean,10.256495776538223,0.052934119640970334,2,2,15,4
ridge,residue_min_distance_PRO225_angstrom_mean,8.737427595493505,0.045094157670513356,3,2,15,4
ridge,residue_min_distance_PRO236_angstrom_mean,8.492332684665476,0.04382921459289403,4,2,15,4
ridge,ligand_pose_rmsd_angstrom_mean,8.341909642507916,0.043052876213411514,5,2,15,4
ridge,binding_dg_vdw_repstd,6.9002791547556885,0.035612572782359596,6,2,15,4
ridge,ligand_palm_distance_angstrom_repstd,6.7151459310342,0.034657093988480596,7,2,15,4
ridge,residue_min_distance_LYS101_angstrom_repstd,6.707467734483669,0.034617466557856344,8,2,15,4
ridge,binding_dg_electrostatic_repstd,6.009505193252309,0.031015258409243764,9,2,15,4
ridge,residue_min_distance_LEU100_angstrom_repstd,5.934453077477664,0.030627911915638135,10,2,15,4
ridge,binding_dg_gb_mean,5.913797376837236,0.030521307149956895,11,2,15,4
ridge,residue_min_distance_PRO95_angstrom_mean,5.776981499394333,0.029815195805191992,12,2,15,4
ridge,residue_min_distance_PHE227_angstrom_mean,5.7364574183298265,0.029606049659944615,13,2,15,4
ridge,ligand_pose_rmsd_angstrom_repstd,4.884817358796685,0.025210706671017248,14,2,15,4
ridge,residue_min_distance_TYR318_angstrom_mean,4.662333616821554,0.024062460596288467,15,2,15,4
ridge,residue_min_distance_PRO95_angstrom_repstd,4.47732144691289,0.023107606565208636,16,2,15,4
ridge,residue_min_distance_VAL108_angstrom_repstd,4.368557779779415,0.02254627362128018,17,2,15,4
ridge,residue_min_distance_TRP229_angstrom_mean,4.351115678770665,0.022456254351375236,18,2,15,4
ridge,residue_min_distance_PRO225_angstrom_repstd,3.933747854442184,0.020302204973435344,19,2,15,4
ridge,residue_min_distance_VAL179_angstrom_repstd,3.812071888409224,0.01967423122063054,20,2,15,4
ridge,residue_min_distance_VAL106_angstrom_mean,3.6977001994980228,0.01908395508770273,21,2,15,4
ridge,residue_min_distance_GLY190_angstrom_repstd,3.6316262797519885,0.018742945365748265,22,2,15,4
ridge,residue_min_distance_GLY190_angstrom_mean,3.536362995162113,0.018251288350161383,23,2,15,4
ridge,ligand_palm_distance_angstrom_mean,3.3455994228485224,0.017266751137843164,24,2,15,4
ridge,binding_dg_vdw_mean,3.275114280389947,0.016902974947114565,25,2,15,4
ridge,residue_min_distance_PRO236_angstrom_repstd,3.2531191439487044,0.016789457308218486,26,2,15,4
ridge,residue_min_distance_HIS235_angstrom_mean,3.0090680384410717,0.015529901344962155,27,2,15,4
ridge,residue_min_distance_VAL179_angstrom_mean,2.7259150221198287,0.014068539104952612,28,2,15,4
ridge,residue_min_distance_PHE227_angstrom_repstd,2.6480005450141157,0.013666419868252698,29,2,15,4
ridge,binding_dg_repstd,2.5278619402884366,0.013046380488858074,30,2,15,4
ridge,residue_min_distance_LEU234_angstrom_mean,2.310616231172066,0.01192516807787468,31,2,15,4
ridge,residue_min_distance_VAL189_angstrom_repstd,2.2480001679036885,0.011602004469493263,32,2,15,4
ridge,binding_dg_gb_repstd,2.246915360519268,0.011596405742098897,33,2,15,4
ridge,residue_min_distance_VAL108_angstrom_mean,2.1373409865303907,0.011030888712824658,34,2,15,4
ridge,residue_min_distance_LYS103_angstrom_mean,2.073662665532373,0.010702242756575565,35,2,15,4
ridge,residue_min_distance_VAL106_angstrom_repstd,1.8600107925138012,0.009599578254557931,36,2,15,4
ridge,residue_min_distance_TYR188_angstrom_repstd,1.8524787016300044,0.009560704880193406,37,2,15,4
ridge,residue_min_distance_TYR181_angstrom_repstd,1.7753533854933718,0.009162658529795344,38,2,15,4
ridge,ligand_pocket_center_distance_angstrom_repstd,1.6710154878009575,0.008624167130796131,39,2,15,4
ridge,residue_min_distance_LEU100_angstrom_mean,1.6401293544216775,0.008464762757687951,40,2,15,4
ridge,binding_dg_mean,1.5344422243175275,0.007919307924835466,41,2,15,4
ridge,residue_min_distance_TYR318_angstrom_repstd,1.4358078249775952,0.007410252472648904,42,2,15,4
ridge,ligand_entrance_distance_angstrom_mean,1.3667107254800952,0.007053640018323963,43,2,15,4
ridge,binding_dg_sa_mean,1.3056615913005039,0.006738563383667476,44,2,15,4
ridge,pocket_ca_rmsd_angstrom_mean,1.296041819046763,0.006688915415541439,45,2,15,4
ridge,ligand_palm_depth_projection_angstrom_mean,1.29084655148554,0.006662102464934886,46,2,15,4
ridge,ligand_pocket_center_distance_angstrom_mean,1.2600765974938222,0.006503297697553166,47,2,15,4
ridge,ligand_palm_depth_projection_angstrom_repstd,1.1285015992966854,0.0058242347068327175,48,2,15,4
ridge,pocket_ca_rmsd_angstrom_repstd,1.0375513012601116,0.0053548371598983345,49,2,15,4
ridge,residue_min_distance_VAL189_angstrom_mean,0.8997705223595802,0.004643745926259817,50,2,15,4
ridge,residue_min_distance_LYS103_angstrom_repstd,0.6712342663670683,0.0034642626231340236,51,2,15,4
ridge,residue_min_distance_TYR188_angstrom_mean,0.5850380631725289,0.0030194011195652927,52,2,15,4
ridge,residue_min_distance_LEU234_angstrom_repstd,0.5511376479126444,0.0028444399362973966,53,2,15,4
ridge,residue_min_distance_HIS235_angstrom_repstd,0.5052918090860853,0.0026078280202629692,54,2,15,4
ridge,residue_min_distance_TYR181_angstrom_mean,0.47810464101504113,0.0024675141315112347,55,2,15,4
ridge,residue_min_distance_TRP229_angstrom_repstd,0.22465469724631637,0.001159450447895201,56,2,15,4
ridge,binding_dg_sa_repstd,0.021773262094262336,0.00011237253792941115,57,2,15,4
ridge,ligand_entrance_distance_angstrom_repstd,0.02066398528485358,0.00010664752300974278,58,2,15,4
ridge,binding_dg_electrostatic_mean,13.102253088895127,0.06552539303074585,1,3,15,4
ridge,ligand_pose_rmsd_angstrom_mean,9.510331539001038,0.04756191226941801,2,3,15,4
ridge,residue_min_distance_LYS101_angstrom_mean,8.650364359459171,0.04326114910672332,3,3,15,4
ridge,ligand_palm_distance_angstrom_repstd,7.818173781910573,0.03909929890428966,4,3,15,4
ridge,residue_min_distance_VAL108_angstrom_mean,7.591633665642541,0.03796635405465346,5,3,15,4
ridge,residue_min_distance_PRO236_angstrom_mean,7.433231151080242,0.03717417068334077,6,3,15,4
ridge,residue_min_distance_LYS101_angstrom_repstd,7.401542946098787,0.03701569549042845,7,3,15,4
ridge,residue_min_distance_PRO225_angstrom_repstd,7.143253028195017,0.035723967398191545,8,3,15,4
ridge,binding_dg_gb_mean,7.108641778154684,0.03555087382819324,9,3,15,4
ridge,residue_min_distance_GLY190_angstrom_mean,7.055416533370196,0.035284690213818,10,3,15,4
ridge,binding_dg_vdw_repstd,6.878218813198968,0.03439851054841276,11,3,15,4
ridge,residue_min_distance_LYS103_angstrom_repstd,5.690289960568864,0.028457585393553423,12,3,15,4
ridge,binding_dg_electrostatic_repstd,5.659333715827563,0.028302770791082572,13,3,15,4
ridge,binding_dg_vdw_mean,5.259685539219863,0.026304098984900208,14,3,15,4
ridge,residue_min_distance_TRP229_angstrom_repstd,5.089917094778385,0.025455073708806703,15,3,15,4
ridge,residue_min_distance_VAL179_angstrom_repstd,4.535959616945325,0.022684689011529202,16,3,15,4
ridge,binding_dg_sa_mean,4.384590234047663,0.021927678882057863,17,3,15,4
ridge,residue_min_distance_TYR318_angstrom_mean,4.331043994159412,0.02165988994604883,18,3,15,4
ridge,residue_min_distance_PRO225_angstrom_mean,4.227960294382342,0.021144360296520018,19,3,15,4
ridge,residue_min_distance_TYR318_angstrom_repstd,4.183341251058093,0.020921216969136482,20,3,15,4
ridge,ligand_palm_distance_angstrom_mean,3.573111991909203,0.01786941268987998,21,3,15,4
ridge,ligand_palm_depth_projection_angstrom_mean,3.5399642409501344,0.01770363819331502,22,3,15,4
ridge,residue_min_distance_VAL106_angstrom_repstd,3.4341265903525793,0.0171743358202191,23,3,15,4
ridge,ligand_pose_rmsd_angstrom_repstd,3.4176303839695232,0.0170918370011662,24,3,15,4
ridge,ligand_pocket_center_distance_angstrom_repstd,3.2380992923636818,0.016193987962615564,25,3,15,4
ridge,ligand_entrance_distance_angstrom_mean,3.0589518198524606,0.015298057433177715,26,3,15,4
ridge,residue_min_distance_VAL106_angstrom_mean,2.889978422107792,0.014453008247832324,27,3,15,4
ridge,ligand_palm_depth_projection_angstrom_repstd,2.84103631667746,0.014208244948549642,28,3,15,4
ridge,residue_min_distance_HIS235_angstrom_mean,2.7920633006821363,0.013963327063112489,29,3,15,4
ridge,residue_min_distance_VAL189_angstrom_mean,2.6585733475529527,0.013295733361090419,30,3,15,4
ridge,binding_dg_sa_repstd,2.634919544909467,0.013177438843012474,31,3,15,4
ridge,residue_min_distance_LEU100_angstrom_mean,2.397562703377443,0.01199039870385471,32,3,15,4
ridge,ligand_entrance_distance_angstrom_repstd,2.388718715682076,0.011946169229292876,33,3,15,4
ridge,residue_min_distance_VAL179_angstrom_mean,2.378921022124714,0.011897170197081761,34,3,15,4
ridge,residue_min_distance_PRO95_angstrom_mean,2.3406637664371353,0.011705842667518849,35,3,15,4
ridge,residue_min_distance_TYR181_angstrom_mean,2.088484066966343,0.01044467225582804,36,3,15,4
ridge,residue_min_distance_PRO95_angstrom_repstd,1.92078765078532,0.009606009355214228,37,3,15,4
ridge,residue_min_distance_LEU100_angstrom_repstd,1.7323572425460476,0.008663654137752665,38,3,15,4
ridge,residue_min_distance_LEU234_angstrom_repstd,1.6592762389124172,0.008298170319535655,39,3,15,4
ridge,residue_min_distance_GLY190_angstrom_repstd,1.630428733736259,0.008153901688652137,40,3,15,4
ridge,residue_min_distance_PRO236_angstrom_repstd,1.5796018828314562,0.007899712629758514,41,3,15,4
ridge,residue_min_distance_HIS235_angstrom_repstd,1.5652102950673,0.00782773917311829,42,3,15,4
ridge,residue_min_distance_PHE227_angstrom_repstd,1.4804118059343718,0.00740365529295283,43,3,15,4
ridge,residue_min_distance_TYR188_angstrom_mean,1.2347262996133495,0.006174962849415217,44,3,15,4
ridge,residue_min_distance_PHE227_angstrom_mean,1.199578452986517,0.005999185717895788,45,3,15,4
ridge,residue_min_distance_VAL189_angstrom_repstd,1.17586612425774,0.0058805985062852706,46,3,15,4
ridge,binding_dg_gb_repstd,1.1611992483070488,0.005807248311881166,47,3,15,4
ridge,residue_min_distance_TRP229_angstrom_mean,0.8741759582119504,0.004371822376749495,48,3,15,4
ridge,residue_min_distance_TYR188_angstrom_repstd,0.7630463937189518,0.0038160547281371297,49,3,15,4
ridge,residue_min_distance_LYS103_angstrom_mean,0.6816396576707091,0.0034089332705740543,50,3,15,4
ridge,pocket_ca_rmsd_angstrom_mean,0.5275445898439141,0.0026382917774702415,51,3,15,4
ridge,ligand_pocket_center_distance_angstrom_mean,0.500504723868687,0.002503063291689644,52,3,15,4
ridge,binding_dg_mean,0.47945869036527466,0.002397810431155439,53,3,15,4
ridge,residue_min_distance_TYR181_angstrom_repstd,0.387233908019041,0.001936587077476385,54,3,15,4
ridge,binding_dg_repstd,0.30110461137689004,0.0015058477248132962,55,3,15,4
ridge,residue_min_distance_LEU234_angstrom_mean,0.18552337973026312,0.0009278169403948615,56,3,15,4
ridge,pocket_ca_rmsd_angstrom_repstd,0.10856563377435408,0.0005429452304448237,57,3,15,4
ridge,residue_min_distance_VAL108_angstrom_repstd,0.08064961565664935,0.00040333503923531503,58,3,15,4
ridge,binding_dg_electrostatic_mean,8.69169006620843,0.05253881437945993,1,4,15,4
ridge,residue_min_distance_PRO225_angstrom_repstd,8.065840132614015,0.04875572809358894,2,4,15,4
ridge,binding_dg_sa_mean,7.938622984998262,0.0479867363263314,3,4,15,4
ridge,residue_min_distance_VAL179_angstrom_mean,7.648236033541963,0.04623142912778156,4,4,15,4
ridge,binding_dg_vdw_mean,7.414802381793739,0.04482038855849105,5,4,15,4
ridge,residue_min_distance_PRO95_angstrom_mean,7.026824780617231,0.042475173414332934,6,4,15,4
ridge,ligand_palm_distance_angstrom_repstd,6.91465586497836,0.04179714396401836,7,4,15,4
ridge,residue_min_distance_PRO236_angstrom_mean,6.398812946849001,0.038679019051819336,8,4,15,4
ridge,residue_min_distance_LEU100_angstrom_mean,6.029525559201293,0.03644678097562176,9,4,15,4
ridge,binding_dg_vdw_repstd,5.8160976302844665,0.03515666935689889,10,4,15,4
ridge,binding_dg_sa_repstd,5.297081698698724,0.032019364473516054,11,4,15,4
ridge,ligand_pose_rmsd_angstrom_mean,4.62109779543521,0.027933232484624572,12,4,15,4
ridge,residue_min_distance_LYS101_angstrom_repstd,4.584994930370188,0.027715000850527048,13,4,15,4
ridge,residue_min_distance_PRO95_angstrom_repstd,4.550083117934264,0.027503968793556606,14,4,15,4
ridge,residue_min_distance_VAL108_angstrom_mean,4.270292307595643,0.02581271227871495,15,4,15,4
ridge,ligand_palm_distance_angstrom_mean,4.10975064938183,0.02484228324629253,16,4,15,4
ridge,residue_min_distance_LYS103_angstrom_repstd,3.943080679864574,0.023834810300939653,17,4,15,4
ridge,residue_min_distance_VAL179_angstrom_repstd,3.8936662125187826,0.023536113786479955,18,4,15,4
ridge,binding_dg_mean,3.740188430813239,0.022608383894712616,19,4,15,4
ridge,residue_min_distance_TYR318_angstrom_repstd,3.5015323371351745,0.02116577513729421,20,4,15,4
ridge,residue_min_distance_TYR181_angstrom_mean,3.3140748237874664,0.02003264735399916,21,4,15,4
ridge,residue_min_distance_VAL189_angstrom_repstd,3.107360232270408,0.0187831159659134,22,4,15,4
ridge,pocket_ca_rmsd_angstrom_repstd,2.8744279779470796,0.017375106202603803,23,4,15,4
ridge,residue_min_distance_LYS101_angstrom_mean,2.8660593774263172,0.017324520373377617,24,4,15,4
ridge,residue_min_distance_TYR181_angstrom_repstd,2.345892939632657,0.014180261004544911,25,4,15,4
ridge,residue_min_distance_TYR318_angstrom_mean,2.333499729056045,0.01410534754294075,26,4,15,4
ridge,residue_min_distance_GLY190_angstrom_mean,2.3240681659936184,0.014048336405029666,27,4,15,4
ridge,binding_dg_gb_mean,2.2947080893955984,0.013870863024962054,28,4,15,4
ridge,residue_min_distance_VAL106_angstrom_mean,2.278448136549529,0.013772576197211525,29,4,15,4
ridge,residue_min_distance_TRP229_angstrom_repstd,2.0056711328024384,0.012123716164503822,30,4,15,4
ridge,residue_min_distance_LEU234_angstrom_mean,1.9945586739245293,0.0120565444855969,31,4,15,4
ridge,residue_min_distance_HIS235_angstrom_mean,1.7558290161705536,0.010613491054093266,32,4,15,4
ridge,residue_min_distance_VAL189_angstrom_mean,1.7528364443700637,0.010595401801813733,33,4,15,4
ridge,residue_min_distance_LYS103_angstrom_mean,1.6367666969411172,0.009893792923817878,34,4,15,4
ridge,residue_min_distance_LEU100_angstrom_repstd,1.4310362584603267,0.008650210463190368,35,4,15,4
ridge,residue_min_distance_HIS235_angstrom_repstd,1.416890732756285,0.008564704750998227,36,4,15,4
ridge,residue_min_distance_PRO225_angstrom_mean,1.2555665451175386,0.007589545548966688,37,4,15,4
ridge,ligand_pocket_center_distance_angstrom_mean,1.252979291472034,0.007573906330587028,38,4,15,4
ridge,residue_min_distance_VAL108_angstrom_repstd,1.0263221113986818,0.006203827620815406,39,4,15,4
ridge,binding_dg_electrostatic_repstd,1.0002406070971563,0.006046172285340163,40,4,15,4
ridge,residue_min_distance_GLY190_angstrom_repstd,0.9898283294112411,0.005983233004206047,41,4,15,4
ridge,ligand_entrance_distance_angstrom_repstd,0.9843625846027679,0.005950194118816621,42,4,15,4
ridge,pocket_ca_rmsd_angstrom_mean,0.932971760989094,0.00563955108828065,43,4,15,4
ridge,residue_min_distance_TYR188_angstrom_mean,0.9257257844057085,0.005595751204044963,44,4,15,4
ridge,residue_min_distance_TYR188_angstrom_repstd,0.8147010924783964,0.004924638263262164,45,4,15,4
ridge,ligand_palm_depth_projection_angstrom_repstd,0.7676208747190447,0.004640051629021746,46,4,15,4
ridge,ligand_palm_depth_projection_angstrom_mean,0.7296230071216506,0.004410365239227862,47,4,15,4
ridge,residue_min_distance_TRP229_angstrom_mean,0.6740601280569556,0.004074503310496913,48,4,15,4
ridge,ligand_pose_rmsd_angstrom_repstd,0.6536518236685671,0.003951140867992242,49,4,15,4
ridge,residue_min_distance_PRO236_angstrom_repstd,0.6319370770219557,0.003819881350605769,50,4,15,4
ridge,residue_min_distance_LEU234_angstrom_repstd,0.5813953629650017,0.0035143709477921986,51,4,15,4
ridge,binding_dg_gb_repstd,0.5688630867980247,0.0034386168739270035,52,4,15,4
ridge,binding_dg_repstd,0.4682205269506632,0.0028302609925948434,53,4,15,4
ridge,ligand_entrance_distance_angstrom_mean,0.39282322004065173,0.002374505543161947,54,4,15,4
ridge,residue_min_distance_VAL106_angstrom_repstd,0.3487269151104404,0.002107955820162093,55,4,15,4
ridge,ligand_pocket_center_distance_angstrom_repstd,0.11341150257254329,0.000685540537774119,56,4,15,4
ridge,residue_min_distance_PHE227_angstrom_repstd,0.07100123361580213,0.00042918242657501637,57,4,15,4
ridge,residue_min_distance_PHE227_angstrom_mean,0.06065473919984665,0.0003666407867492495,58,4,15,4
ridge,ligand_pose_rmsd_angstrom_mean,14.044440383470594,0.07065098386100392,1,5,16,3
ridge,binding_dg_electrostatic_mean,13.7088820465196,0.06896294745648814,2,5,16,3
ridge,residue_min_distance_PRO236_angstrom_mean,9.286109136243727,0.04671405401730582,3,5,16,3
ridge,residue_min_distance_LYS101_angstrom_repstd,8.505444047503453,0.04278689458058295,4,5,16,3
ridge,binding_dg_vdw_repstd,8.103791793446813,0.040766370718878245,5,5,16,3
ridge,residue_min_distance_PRO225_angstrom_repstd,7.339982469815262,0.036924004720423155,6,5,16,3
ridge,residue_min_distance_PRO95_angstrom_repstd,6.619556347039502,0.03329987923136625,7,5,16,3
ridge,binding_dg_vdw_mean,6.390487556979419,0.03214754172643853,8,5,16,3
ridge,binding_dg_electrostatic_repstd,5.926310714284419,0.029812486022795594,9,5,16,3
ridge,residue_min_distance_LYS101_angstrom_mean,5.83257487213289,0.02934094502221293,10,5,16,3
ridge,ligand_palm_distance_angstrom_repstd,5.731506540224951,0.028832517709232175,11,5,16,3
ridge,residue_min_distance_PRO95_angstrom_mean,5.350303252459394,0.026914862993464097,12,5,16,3
ridge,residue_min_distance_VAL189_angstrom_repstd,5.273218606642305,0.026527086341717684,13,5,16,3
ridge,residue_min_distance_TYR318_angstrom_repstd,4.576072742709187,0.023020072901760818,14,5,16,3
ridge,pocket_ca_rmsd_angstrom_repstd,4.528414934016451,0.022780328847824414,15,5,16,3
ridge,residue_min_distance_PRO225_angstrom_mean,4.470845169386407,0.02249072239853178,16,5,16,3
ridge,residue_min_distance_GLY190_angstrom_mean,4.255873420945811,0.021409300489580278,17,5,16,3
ridge,residue_min_distance_HIS235_angstrom_mean,4.2363554238340395,0.021311114612372537,18,5,16,3
ridge,residue_min_distance_VAL108_angstrom_mean,4.021716178474161,0.020231365370266284,19,5,16,3
ridge,binding_dg_gb_mean,3.9818466458379853,0.02003080047555254,20,5,16,3
ridge,residue_min_distance_LYS103_angstrom_repstd,3.9008286474812914,0.019623236974404684,21,5,16,3
ridge,residue_min_distance_VAL179_angstrom_repstd,3.7987428557253553,0.019109691298759605,22,5,16,3
ridge,residue_min_distance_LEU100_angstrom_mean,3.666590531124044,0.018444895016553154,23,5,16,3
ridge,binding_dg_sa_mean,3.5100368865275406,0.01765734715307355,24,5,16,3
ridge,residue_min_distance_TRP229_angstrom_repstd,3.424387923198334,0.0172264874419949,25,5,16,3
ridge,residue_min_distance_VAL189_angstrom_mean,3.075800618467012,0.015472908419386842,26,5,16,3
ridge,ligand_palm_depth_projection_angstrom_mean,3.02629855507191,0.0152238867861625,27,5,16,3
ridge,binding_dg_mean,2.8858853237416295,0.014517533761782645,28,5,16,3
ridge,residue_min_distance_VAL106_angstrom_mean,2.803339987869143,0.014102286942878278,29,5,16,3
ridge,ligand_entrance_distance_angstrom_mean,2.785671303347276,0.014013404088815342,30,5,16,3
ridge,ligand_pocket_center_distance_angstrom_repstd,2.782359710160371,0.013996745018719706,31,5,16,3
ridge,residue_min_distance_TYR318_angstrom_mean,2.7688180705054397,0.013928623389193043,32,5,16,3
ridge,binding_dg_sa_repstd,2.489710415840171,0.012524563856251678,33,5,16,3
ridge,binding_dg_gb_repstd,2.2243795513717304,0.011189808884779214,34,5,16,3
ridge,residue_min_distance_VAL108_angstrom_repstd,2.1319805786498205,0.01072499304646129,35,5,16,3
ridge,residue_min_distance_HIS235_angstrom_repstd,2.0971055552948377,0.01054955318236354,36,5,16,3
ridge,ligand_palm_distance_angstrom_mean,1.9707311631470543,0.00991382296483309,37,5,16,3
ridge,residue_min_distance_TYR181_angstrom_mean,1.8610359048752043,0.009361997636789797,38,5,16,3
ridge,residue_min_distance_VAL179_angstrom_mean,1.7518668650591662,0.008812819466669057,39,5,16,3
ridge,ligand_pocket_center_distance_angstrom_mean,1.5563207413988396,0.007829118753106443,40,5,16,3
ridge,ligand_pose_rmsd_angstrom_repstd,1.305150581640969,0.006565599636723257,41,5,16,3
ridge,residue_min_distance_LEU234_angstrom_repstd,1.1006885016272614,0.005537046933958602,42,5,16,3
ridge,residue_min_distance_PHE227_angstrom_mean,1.027184569775489,0.005167283172556484,43,5,16,3
ridge,residue_min_distance_LYS103_angstrom_mean,1.0104102781366902,0.005082899589053409,44,5,16,3
ridge,ligand_entrance_distance_angstrom_repstd,0.9917701026877606,0.004989129620378931,45,5,16,3
ridge,residue_min_distance_TYR188_angstrom_mean,0.9160810362854837,0.004608373473260716,46,5,16,3
ridge,residue_min_distance_PRO236_angstrom_repstd,0.8812214893020789,0.004433011463520188,47,5,16,3
ridge,ligand_palm_depth_projection_angstrom_repstd,0.8656991336080377,0.004354925781806933,48,5,16,3
ridge,residue_min_distance_PHE227_angstrom_repstd,0.787478082548287,0.003961432408976114,49,5,16,3
ridge,pocket_ca_rmsd_angstrom_mean,0.5798067011960996,0.002916735218365799,50,5,16,3
ridge,residue_min_distance_TYR188_angstrom_repstd,0.526465085333089,0.0026483985998492737,51,5,16,3
ridge,residue_min_distance_LEU100_angstrom_repstd,0.42139084789182535,0.0021198194574288246,52,5,16,3
ridge,residue_min_distance_TRP229_angstrom_mean,0.4100923374406342,0.0020629819574825843,53,5,16,3
ridge,residue_min_distance_VAL106_angstrom_repstd,0.3627658631935846,0.0018249046915374209,54,5,16,3
ridge,residue_min_distance_LEU234_angstrom_mean,0.30563468058382137,0.0015375045424169899,55,5,16,3
ridge,residue_min_distance_GLY190_angstrom_repstd,0.2929465570966592,0.0014736765518925004,56,5,16,3
ridge,binding_dg_repstd,0.16599906622842697,0.0008350633438445448,57,5,16,3
ridge,residue_min_distance_TYR181_angstrom_repstd,0.13978843673041919,0.0007032099761710304,58,5,16,3
