mutation,control_category,target_fold_change,target_binary_class,prob_high,predicted_class,prob_high_ci_lower,prob_high_bootstrap_median,prob_high_ci_upper
V106I,negative_control,1.1,low,0.05561462725734534,low,0.016137635137692116,0.06139953362079703,0.25285759633915755
K103N,negative_control,1.2,low,0.1700316593146063,low,0.041994138819808124,0.15618762623835936,0.506035017366143
Y181C,negative_control,1.4,low,0.1448376382089266,low,0.01786090921180501,0.10694051269698335,0.7680174003446445
G190A,negative_control,2.7,low,0.30565539218877835,low,0.10885958234936559,0.3061711883799476,0.7753536171638162
V106A,positive_control,9.6,high,0.6586373517226937,high,0.18896794702623265,0.6534902949571366,0.8525553394917059
Y318F,positive_control,11.0,high,0.45711627852398906,low,0.10956448905199855,0.5036743230244078,0.7822534222181954
A98G+F227C,positive_control,93.0,high,0.9327903698579744,high,0.2582240244034938,0.907551359315707,0.9922845433458847
V106I+F227C,positive_control,105.0,high,0.6155640206701827,high,0.23531629254961567,0.5872960108927938,0.8255105170757804
V106A+F227L,positive_control,106.0,high,0.8346680772148503,high,0.6250990991115496,0.84882743414439,0.9310931224256098
Y188L,positive_control,149.0,high,0.6699826216586758,high,0.09709220069750626,0.704741309454539,0.8962376796112975
V106A+P225H,positive_control,153.0,high,0.8949070318749341,high,0.5302154309582165,0.899610793724747,0.986330714208373
V106A+L234I,positive_control,161.0,high,0.7776348287847414,high,0.45839696611039543,0.8021331771328633,0.9325543832169786
V106M,uncertain_phenotype,3.4,high,0.2992647566583708,low,0.03871832802057424,0.2859986519517937,0.7548976100524918
G190S,uncertain_phenotype,5.2,high,0.47199446097232256,low,0.014201961212761155,0.4467801901603357,0.8409171679832181
L100I+K103N,uncertain_phenotype,6.8,high,0.2651188178604176,low,0.13621722638775935,0.2836183390141653,0.6845139572158957
K103N+P225H,uncertain_phenotype,7.8,high,0.3066462004385372,low,0.10640096476258408,0.3112393208504208,0.6738589400888042
G190E,uncertain_phenotype,18.0,high,0.22328446110767464,low,0.02518592067868397,0.26882389735705214,0.9866532475399495
K103N+M230L,uncertain_phenotype,36.0,high,0.10741605557543843,low,0.023396167952185267,0.09789289621953368,0.9081238403158127
WT,wt_reference,1.0,low,0.0916449900758518,low,0.045820536491356506,0.09502563905768874,0.36024161950358025
