fold,mutation,target_value,observed_class,predicted_class,prob_high,prob_low,decision_threshold,prediction_source
1,Y181C,1.4,low,low,0.059024627026502685,0.9409753729734973,0.4,cv_out_of_fold
3,V106I,1.4,low,low,0.08323988252621517,0.9167601174737848,0.4,cv_out_of_fold
5,G190A,2.7,low,low,0.09482886289183712,0.9051711371081629,0.4,cv_out_of_fold
0,WT,1.0,low,low,0.11529210553250768,0.8847078944674923,0.4,full_fit_reference
4,V106M,3.4,low,low,0.20341637677662538,0.7965836232233746,0.4,cv_out_of_fold
1,L100I+K103N,6.8,low,low,0.25620971114496827,0.7437902888550317,0.4,cv_out_of_fold
2,G190S,5.2,low,low,0.3063845702252306,0.6936154297747694,0.4,cv_out_of_fold
2,F227C,1.3,low,low,0.32249799763009546,0.6775020023699045,0.4,cv_out_of_fold
3,K103N+P225H,7.8,low,low,0.3261474656151281,0.6738525343848719,0.4,cv_out_of_fold
4,K103N,1.2,low,low,0.3733906063394741,0.6266093936605259,0.4,cv_out_of_fold
4,K103N+M230L,36.0,high,high,0.40171027434186046,0.5982897256581395,0.4,cv_out_of_fold
1,V106I+F227C,105.0,high,high,0.41542451975166406,0.5845754802483359,0.4,cv_out_of_fold
5,A98G+F227C,93.0,high,high,0.4420735325051749,0.5579264674948251,0.4,cv_out_of_fold
4,V106A+F227L,106.0,high,high,0.6871075923223132,0.3128924076776868,0.4,cv_out_of_fold
5,G190E,18.0,high,high,0.7973847921982415,0.20261520780175846,0.4,cv_out_of_fold
1,V106A,18.0,high,high,0.8244109165921137,0.17558908340788626,0.4,cv_out_of_fold
3,V106A+L234I,161.0,high,high,0.9172454802177702,0.08275451978222981,0.4,cv_out_of_fold
2,Y318F,11.0,high,high,0.9193552198007764,0.08064478019922361,0.4,cv_out_of_fold
3,Y188L,149.0,high,high,0.9326469787330447,0.0673530212669553,0.4,cv_out_of_fold
2,V106A+P225H,153.0,high,high,0.9777600732313669,0.022239926768633067,0.4,cv_out_of_fold
