mutation,replicate,auth_resid,n_frames_with_hbond,occupancy
F227C,1,95,22,0.44
F227C,1,100,50,1.0
F227C,1,101,31,0.62
F227C,1,102,12,0.24
F227C,1,103,49,0.98
F227C,1,106,47,0.94
F227C,1,108,11,0.22
F227C,1,179,5,0.1
F227C,1,181,50,1.0
F227C,1,188,41,0.82
F227C,1,190,3,0.06
F227C,1,225,35,0.7
F227C,1,229,22,0.44
F227C,1,234,31,0.62
F227C,1,235,36,0.72
F227C,1,236,49,0.98
F227C,1,318,39,0.78
A98G+F227C,3,95,13,0.2549019607843137
A98G+F227C,3,100,51,1.0
A98G+F227C,3,101,27,0.5294117647058824
A98G+F227C,3,102,6,0.11764705882352941
A98G+F227C,3,103,47,0.9215686274509803
A98G+F227C,3,104,2,0.0392156862745098
A98G+F227C,3,106,48,0.9411764705882353
A98G+F227C,3,108,7,0.13725490196078433
A98G+F227C,3,179,10,0.19607843137254902
A98G+F227C,3,180,2,0.0392156862745098
A98G+F227C,3,181,51,1.0
A98G+F227C,3,183,1,0.0196078431372549
A98G+F227C,3,188,47,0.9215686274509803
A98G+F227C,3,190,8,0.1568627450980392
A98G+F227C,3,225,27,0.5294117647058824
A98G+F227C,3,227,2,0.0392156862745098
A98G+F227C,3,229,34,0.6666666666666666
A98G+F227C,3,234,41,0.803921568627451
A98G+F227C,3,235,34,0.6666666666666666
A98G+F227C,3,236,48,0.9411764705882353
A98G+F227C,3,318,35,0.6862745098039216
A98G+F227C,1,95,32,0.5333333333333333
A98G+F227C,1,100,60,1.0
A98G+F227C,1,101,37,0.6166666666666667
A98G+F227C,1,102,2,0.03333333333333333
A98G+F227C,1,103,56,0.9333333333333333
A98G+F227C,1,104,4,0.06666666666666667
A98G+F227C,1,105,5,0.08333333333333333
A98G+F227C,1,106,56,0.9333333333333333
A98G+F227C,1,108,1,0.016666666666666666
A98G+F227C,1,134,1,0.016666666666666666
A98G+F227C,1,179,23,0.38333333333333336
A98G+F227C,1,181,58,0.9666666666666667
A98G+F227C,1,188,28,0.4666666666666667
A98G+F227C,1,190,9,0.15
A98G+F227C,1,225,37,0.6166666666666667
A98G+F227C,1,227,1,0.016666666666666666
A98G+F227C,1,229,39,0.65
A98G+F227C,1,234,42,0.7
A98G+F227C,1,235,9,0.15
A98G+F227C,1,236,58,0.9666666666666667
A98G+F227C,1,318,24,0.4
A98G+F227C,2,95,7,0.11666666666666667
A98G+F227C,2,100,56,0.9333333333333333
A98G+F227C,2,101,29,0.48333333333333334
A98G+F227C,2,102,5,0.08333333333333333
A98G+F227C,2,103,56,0.9333333333333333
A98G+F227C,2,106,57,0.95
A98G+F227C,2,108,10,0.16666666666666666
A98G+F227C,2,179,52,0.8666666666666667
A98G+F227C,2,181,59,0.9833333333333333
A98G+F227C,2,188,54,0.9
A98G+F227C,2,189,1,0.016666666666666666
A98G+F227C,2,190,2,0.03333333333333333
A98G+F227C,2,225,46,0.7666666666666667
A98G+F227C,2,227,7,0.11666666666666667
A98G+F227C,2,229,27,0.45
A98G+F227C,2,234,31,0.5166666666666667
A98G+F227C,2,235,50,0.8333333333333334
A98G+F227C,2,236,52,0.8666666666666667
A98G+F227C,2,318,49,0.8166666666666667
F227C,2,95,32,0.64
F227C,2,100,50,1.0
F227C,2,101,24,0.48
F227C,2,102,2,0.04
F227C,2,103,49,0.98
F227C,2,106,48,0.96
F227C,2,108,4,0.08
F227C,2,179,8,0.16
F227C,2,181,50,1.0
F227C,2,188,41,0.82
F227C,2,190,1,0.02
F227C,2,225,35,0.7
F227C,2,227,3,0.06
F227C,2,229,26,0.52
F227C,2,234,27,0.54
F227C,2,235,32,0.64
F227C,2,236,47,0.94
F227C,2,318,36,0.72
F227C,3,95,32,0.5333333333333333
F227C,3,100,60,1.0
F227C,3,101,27,0.45
F227C,3,102,11,0.18333333333333332
F227C,3,103,59,0.9833333333333333
F227C,3,106,56,0.9333333333333333
F227C,3,108,12,0.2
F227C,3,179,7,0.11666666666666667
F227C,3,181,59,0.9833333333333333
F227C,3,188,54,0.9
F227C,3,190,2,0.03333333333333333
F227C,3,225,34,0.5666666666666667
F227C,3,227,4,0.06666666666666667
F227C,3,229,27,0.45
F227C,3,234,39,0.65
F227C,3,235,44,0.7333333333333333
F227C,3,236,59,0.9833333333333333
F227C,3,318,44,0.7333333333333333
G190A,1,95,24,0.4
G190A,1,100,60,1.0
G190A,1,101,12,0.2
G190A,1,102,6,0.1
G190A,1,103,47,0.7833333333333333
G190A,1,104,6,0.1
G190A,1,105,1,0.016666666666666666
G190A,1,106,53,0.8833333333333333
G190A,1,108,17,0.2833333333333333
G190A,1,179,9,0.15
G190A,1,180,2,0.03333333333333333
G190A,1,181,48,0.8
G190A,1,188,52,0.8666666666666667
G190A,1,190,18,0.3
G190A,1,225,26,0.43333333333333335
G190A,1,227,55,0.9166666666666666
G190A,1,229,37,0.6166666666666667
G190A,1,234,41,0.6833333333333333
G190A,1,235,29,0.48333333333333334
G190A,1,236,58,0.9666666666666667
G190A,1,237,1,0.016666666666666666
G190A,1,318,37,0.6166666666666667
G190A,2,95,14,0.23333333333333334
G190A,2,100,59,0.9833333333333333
G190A,2,101,31,0.5166666666666667
G190A,2,102,3,0.05
G190A,2,103,58,0.9666666666666667
G190A,2,104,1,0.016666666666666666
G190A,2,105,1,0.016666666666666666
G190A,2,106,43,0.7166666666666667
G190A,2,108,27,0.45
G190A,2,179,13,0.21666666666666667
G190A,2,180,5,0.08333333333333333
G190A,2,181,37,0.6166666666666667
G190A,2,183,2,0.03333333333333333
G190A,2,188,56,0.9333333333333333
G190A,2,190,19,0.31666666666666665
G190A,2,225,21,0.35
G190A,2,227,42,0.7
G190A,2,229,35,0.5833333333333334
G190A,2,234,39,0.65
G190A,2,235,10,0.16666666666666666
G190A,2,236,44,0.7333333333333333
G190A,2,237,1,0.016666666666666666
G190A,2,318,22,0.36666666666666664
G190A,3,95,6,0.1
G190A,3,100,60,1.0
G190A,3,101,35,0.5833333333333334
G190A,3,102,4,0.06666666666666667
G190A,3,103,59,0.9833333333333333
G190A,3,104,3,0.05
G190A,3,106,40,0.6666666666666666
G190A,3,108,21,0.35
G190A,3,179,8,0.13333333333333333
G190A,3,181,49,0.8166666666666667
G190A,3,188,53,0.8833333333333333
G190A,3,190,24,0.4
G190A,3,225,23,0.38333333333333336
G190A,3,227,50,0.8333333333333334
G190A,3,229,35,0.5833333333333334
G190A,3,234,49,0.8166666666666667
G190A,3,235,4,0.06666666666666667
G190A,3,236,55,0.9166666666666666
G190A,3,318,22,0.36666666666666664
G190E,1,95,31,0.5166666666666667
G190E,1,100,49,0.8166666666666667
G190E,1,101,10,0.16666666666666666
G190E,1,102,2,0.03333333333333333
G190E,1,103,30,0.5
G190E,1,104,35,0.5833333333333334
G190E,1,105,21,0.35
G190E,1,106,53,0.8833333333333333
G190E,1,108,30,0.5
G190E,1,181,56,0.9333333333333333
G190E,1,188,51,0.85
G190E,1,190,16,0.26666666666666666
G190E,1,223,1,0.016666666666666666
G190E,1,225,25,0.4166666666666667
G190E,1,227,56,0.9333333333333333
G190E,1,229,9,0.15
G190E,1,234,25,0.4166666666666667
G190E,1,235,18,0.3
G190E,1,236,40,0.6666666666666666
G190E,1,318,17,0.2833333333333333
G190E,2,95,5,0.08333333333333333
G190E,2,100,26,0.43333333333333335
G190E,2,101,4,0.06666666666666667
G190E,2,102,5,0.08333333333333333
G190E,2,103,59,0.9833333333333333
G190E,2,104,4,0.06666666666666667
G190E,2,105,10,0.16666666666666666
G190E,2,106,59,0.9833333333333333
G190E,2,108,45,0.75
G190E,2,181,21,0.35
G190E,2,188,60,1.0
G190E,2,189,2,0.03333333333333333
G190E,2,190,34,0.5666666666666667
G190E,2,225,47,0.7833333333333333
G190E,2,227,59,0.9833333333333333
G190E,2,229,10,0.16666666666666666
G190E,2,234,30,0.5
G190E,2,235,37,0.6166666666666667
G190E,2,236,60,1.0
G190E,2,318,41,0.6833333333333333
G190E,3,95,55,0.7857142857142857
G190E,3,100,69,0.9857142857142858
G190E,3,101,27,0.38571428571428573
G190E,3,103,61,0.8714285714285714
G190E,3,104,7,0.1
G190E,3,106,56,0.8
G190E,3,108,17,0.24285714285714285
G190E,3,181,40,0.5714285714285714
G190E,3,188,34,0.4857142857142857
G190E,3,190,4,0.05714285714285714
G190E,3,225,34,0.4857142857142857
G190E,3,227,57,0.8142857142857143
G190E,3,229,32,0.45714285714285713
G190E,3,234,53,0.7571428571428571
G190E,3,235,26,0.37142857142857144
G190E,3,236,58,0.8285714285714286
G190E,3,318,34,0.4857142857142857
G190S,1,95,8,0.12121212121212122
G190S,1,100,42,0.6363636363636364
G190S,1,101,20,0.30303030303030304
G190S,1,102,5,0.07575757575757576
G190S,1,103,56,0.8484848484848485
G190S,1,104,11,0.16666666666666666
G190S,1,105,16,0.24242424242424243
G190S,1,106,57,0.8636363636363636
G190S,1,107,1,0.015151515151515152
G190S,1,108,30,0.45454545454545453
G190S,1,179,33,0.5
G190S,1,180,6,0.09090909090909091
G190S,1,181,24,0.36363636363636365
G190S,1,188,44,0.6666666666666666
G190S,1,189,6,0.09090909090909091
G190S,1,190,44,0.6666666666666666
G190S,1,225,27,0.4090909090909091
G190S,1,227,58,0.8787878787878788
G190S,1,229,26,0.3939393939393939
G190S,1,234,33,0.5
G190S,1,235,32,0.48484848484848486
G190S,1,236,59,0.8939393939393939
G190S,1,237,11,0.16666666666666666
G190S,1,238,3,0.045454545454545456
G190S,1,318,36,0.5454545454545454
G190S,2,95,9,0.15
G190S,2,100,58,0.9666666666666667
G190S,2,101,21,0.35
G190S,2,102,2,0.03333333333333333
G190S,2,103,58,0.9666666666666667
G190S,2,104,11,0.18333333333333332
G190S,2,105,1,0.016666666666666666
G190S,2,106,53,0.8833333333333333
G190S,2,108,15,0.25
G190S,2,179,7,0.11666666666666667
G190S,2,180,2,0.03333333333333333
G190S,2,181,46,0.7666666666666667
G190S,2,188,52,0.8666666666666667
G190S,2,190,30,0.5
G190S,2,225,23,0.38333333333333336
G190S,2,227,49,0.8166666666666667
G190S,2,229,47,0.7833333333333333
G190S,2,234,47,0.7833333333333333
G190S,2,235,20,0.3333333333333333
G190S,2,236,56,0.9333333333333333
G190S,2,237,4,0.06666666666666667
G190S,2,318,31,0.5166666666666667
G190S,3,95,38,0.5757575757575758
G190S,3,100,66,1.0
G190S,3,101,13,0.19696969696969696
G190S,3,102,1,0.015151515151515152
G190S,3,103,59,0.8939393939393939
G190S,3,104,22,0.3333333333333333
G190S,3,105,1,0.015151515151515152
G190S,3,106,42,0.6363636363636364
G190S,3,108,7,0.10606060606060606
G190S,3,179,5,0.07575757575757576
G190S,3,181,47,0.7121212121212122
G190S,3,188,38,0.5757575757575758
G190S,3,190,11,0.16666666666666666
G190S,3,223,1,0.015151515151515152
G190S,3,225,26,0.3939393939393939
G190S,3,227,57,0.8636363636363636
G190S,3,229,41,0.6212121212121212
G190S,3,234,53,0.803030303030303
G190S,3,235,20,0.30303030303030304
G190S,3,236,58,0.8787878787878788
G190S,3,318,27,0.4090909090909091
K103N,1,95,18,0.3
K103N,1,100,39,0.65
K103N,1,101,4,0.06666666666666667
K103N,1,102,1,0.016666666666666666
K103N,1,103,57,0.95
K103N,1,104,13,0.21666666666666667
K103N,1,106,60,1.0
K103N,1,107,1,0.016666666666666666
K103N,1,108,30,0.5
K103N,1,179,4,0.06666666666666667
K103N,1,181,37,0.6166666666666667
K103N,1,188,56,0.9333333333333333
K103N,1,190,13,0.21666666666666667
K103N,1,225,31,0.5166666666666667
K103N,1,226,2,0.03333333333333333
K103N,1,227,59,0.9833333333333333
K103N,1,229,25,0.4166666666666667
K103N,1,234,31,0.5166666666666667
K103N,1,235,20,0.3333333333333333
K103N,1,236,60,1.0
K103N,1,318,34,0.5666666666666667
K103N,2,95,32,0.5333333333333333
K103N,2,100,59,0.9833333333333333
K103N,2,101,3,0.05
K103N,2,102,1,0.016666666666666666
K103N,2,103,59,0.9833333333333333
K103N,2,104,4,0.06666666666666667
K103N,2,106,45,0.75
K103N,2,108,20,0.3333333333333333
K103N,2,179,14,0.23333333333333334
K103N,2,180,1,0.016666666666666666
K103N,2,181,45,0.75
K103N,2,188,37,0.6166666666666667
K103N,2,190,12,0.2
K103N,2,225,44,0.7333333333333333
K103N,2,227,52,0.8666666666666667
K103N,2,229,30,0.5
K103N,2,234,31,0.5166666666666667
K103N,2,235,15,0.25
K103N,2,236,54,0.9
K103N,2,318,32,0.5333333333333333
K103N,3,95,13,0.21666666666666667
K103N,3,100,58,0.9666666666666667
K103N,3,101,20,0.3333333333333333
K103N,3,102,1,0.016666666666666666
K103N,3,103,57,0.95
K103N,3,104,6,0.1
K103N,3,106,53,0.8833333333333333
K103N,3,108,11,0.18333333333333332
K103N,3,179,4,0.06666666666666667
K103N,3,181,38,0.6333333333333333
K103N,3,188,59,0.9833333333333333
K103N,3,190,2,0.03333333333333333
K103N,3,223,1,0.016666666666666666
K103N,3,225,22,0.36666666666666664
K103N,3,227,53,0.8833333333333333
K103N,3,229,37,0.6166666666666667
K103N,3,234,51,0.85
K103N,3,235,8,0.13333333333333333
K103N,3,236,59,0.9833333333333333
K103N,3,318,20,0.3333333333333333
K103N+M230L,1,95,9,0.13636363636363635
K103N+M230L,1,100,58,0.8787878787878788
K103N+M230L,1,101,27,0.4090909090909091
K103N+M230L,1,102,5,0.07575757575757576
K103N+M230L,1,103,66,1.0
K103N+M230L,1,104,2,0.030303030303030304
K103N+M230L,1,106,66,1.0
K103N+M230L,1,108,34,0.5151515151515151
K103N+M230L,1,179,15,0.22727272727272727
K103N+M230L,1,180,9,0.13636363636363635
K103N+M230L,1,181,62,0.9393939393939394
K103N+M230L,1,188,66,1.0
K103N+M230L,1,189,2,0.030303030303030304
K103N+M230L,1,190,5,0.07575757575757576
K103N+M230L,1,225,34,0.5151515151515151
K103N+M230L,1,227,59,0.8939393939393939
K103N+M230L,1,229,24,0.36363636363636365
K103N+M230L,1,234,26,0.3939393939393939
K103N+M230L,1,235,42,0.6363636363636364
K103N+M230L,1,236,56,0.8484848484848485
K103N+M230L,1,318,48,0.7272727272727273
K103N+M230L,2,95,9,0.15
K103N+M230L,2,100,43,0.7166666666666667
K103N+M230L,2,101,14,0.23333333333333334
K103N+M230L,2,102,2,0.03333333333333333
K103N+M230L,2,103,59,0.9833333333333333
K103N+M230L,2,104,5,0.08333333333333333
K103N+M230L,2,105,2,0.03333333333333333
K103N+M230L,2,106,60,1.0
K103N+M230L,2,108,28,0.4666666666666667
K103N+M230L,2,179,11,0.18333333333333332
K103N+M230L,2,180,7,0.11666666666666667
K103N+M230L,2,181,59,0.9833333333333333
K103N+M230L,2,188,60,1.0
K103N+M230L,2,190,14,0.23333333333333334
K103N+M230L,2,223,1,0.016666666666666666
K103N+M230L,2,225,33,0.55
K103N+M230L,2,227,59,0.9833333333333333
K103N+M230L,2,229,38,0.6333333333333333
K103N+M230L,2,234,21,0.35
K103N+M230L,2,235,16,0.26666666666666666
K103N+M230L,2,236,44,0.7333333333333333
K103N+M230L,2,318,34,0.5666666666666667
K103N+P225H,1,95,25,0.49019607843137253
K103N+P225H,1,100,41,0.803921568627451
K103N+P225H,1,101,11,0.21568627450980393
K103N+P225H,1,102,2,0.0392156862745098
K103N+P225H,1,103,46,0.9019607843137255
K103N+P225H,1,105,1,0.0196078431372549
K103N+P225H,1,106,51,1.0
K103N+P225H,1,108,20,0.39215686274509803
K103N+P225H,1,179,20,0.39215686274509803
K103N+P225H,1,180,3,0.058823529411764705
K103N+P225H,1,181,45,0.8823529411764706
K103N+P225H,1,183,1,0.0196078431372549
K103N+P225H,1,188,46,0.9019607843137255
K103N+P225H,1,189,1,0.0196078431372549
K103N+P225H,1,190,10,0.19607843137254902
K103N+P225H,1,225,17,0.3333333333333333
K103N+P225H,1,226,1,0.0196078431372549
K103N+P225H,1,227,37,0.7254901960784313
K103N+P225H,1,229,22,0.43137254901960786
K103N+P225H,1,234,30,0.5882352941176471
K103N+P225H,1,235,26,0.5098039215686274
K103N+P225H,1,236,43,0.8431372549019608
K103N+P225H,1,318,29,0.5686274509803921
K103N+M230L,3,95,1,0.016666666666666666
K103N+M230L,3,100,57,0.95
K103N+M230L,3,101,39,0.65
K103N+M230L,3,102,5,0.08333333333333333
K103N+M230L,3,103,59,0.9833333333333333
K103N+M230L,3,104,5,0.08333333333333333
K103N+M230L,3,106,50,0.8333333333333334
K103N+M230L,3,108,24,0.4
K103N+M230L,3,179,6,0.1
K103N+M230L,3,181,33,0.55
K103N+M230L,3,188,59,0.9833333333333333
K103N+M230L,3,189,7,0.11666666666666667
K103N+M230L,3,190,2,0.03333333333333333
K103N+M230L,3,223,2,0.03333333333333333
K103N+M230L,3,225,43,0.7166666666666667
K103N+M230L,3,227,56,0.9333333333333333
K103N+M230L,3,229,41,0.6833333333333333
K103N+M230L,3,234,48,0.8
K103N+M230L,3,235,4,0.06666666666666667
K103N+M230L,3,236,55,0.9166666666666666
K103N+M230L,3,318,26,0.43333333333333335
K103N+P225H,2,95,21,0.3888888888888889
K103N+P225H,2,100,49,0.9074074074074074
K103N+P225H,2,101,8,0.14814814814814814
K103N+P225H,2,102,5,0.09259259259259259
K103N+P225H,2,103,42,0.7777777777777778
K103N+P225H,2,106,49,0.9074074074074074
K103N+P225H,2,108,21,0.3888888888888889
K103N+P225H,2,179,14,0.25925925925925924
K103N+P225H,2,181,49,0.9074074074074074
K103N+P225H,2,188,51,0.9444444444444444
K103N+P225H,2,190,6,0.1111111111111111
K103N+P225H,2,225,19,0.35185185185185186
K103N+P225H,2,227,42,0.7777777777777778
K103N+P225H,2,229,34,0.6296296296296297
K103N+P225H,2,234,26,0.48148148148148145
K103N+P225H,2,235,25,0.46296296296296297
K103N+P225H,2,236,53,0.9814814814814815
K103N+P225H,2,318,43,0.7962962962962963
K103N+P225H,3,95,23,0.4423076923076923
K103N+P225H,3,100,52,1.0
K103N+P225H,3,101,10,0.19230769230769232
K103N+P225H,3,103,50,0.9615384615384616
K103N+P225H,3,104,4,0.07692307692307693
K103N+P225H,3,106,49,0.9423076923076923
K103N+P225H,3,108,13,0.25
K103N+P225H,3,179,6,0.11538461538461539
K103N+P225H,3,181,52,1.0
K103N+P225H,3,188,46,0.8846153846153846
K103N+P225H,3,190,1,0.019230769230769232
K103N+P225H,3,225,12,0.23076923076923078
K103N+P225H,3,227,38,0.7307692307692307
K103N+P225H,3,229,26,0.5
K103N+P225H,3,234,28,0.5384615384615384
K103N+P225H,3,235,28,0.5384615384615384
K103N+P225H,3,236,50,0.9615384615384616
K103N+P225H,3,318,39,0.75
L100I+K103N,2,95,14,0.2692307692307692
L100I+K103N,2,100,52,1.0
L100I+K103N,2,101,7,0.1346153846153846
L100I+K103N,2,102,2,0.038461538461538464
L100I+K103N,2,103,51,0.9807692307692307
L100I+K103N,2,104,2,0.038461538461538464
L100I+K103N,2,106,48,0.9230769230769231
L100I+K103N,2,108,10,0.19230769230769232
L100I+K103N,2,179,4,0.07692307692307693
L100I+K103N,2,181,47,0.9038461538461539
L100I+K103N,2,188,46,0.8846153846153846
L100I+K103N,2,190,3,0.057692307692307696
L100I+K103N,2,225,32,0.6153846153846154
L100I+K103N,2,227,48,0.9230769230769231
L100I+K103N,2,229,36,0.6923076923076923
L100I+K103N,2,234,42,0.8076923076923077
L100I+K103N,2,235,23,0.4423076923076923
L100I+K103N,2,236,48,0.9230769230769231
L100I+K103N,2,318,33,0.6346153846153846
L100I+K103N,1,95,16,0.3076923076923077
L100I+K103N,1,100,48,0.9230769230769231
L100I+K103N,1,101,17,0.3269230769230769
L100I+K103N,1,102,2,0.038461538461538464
L100I+K103N,1,103,45,0.8653846153846154
L100I+K103N,1,104,4,0.07692307692307693
L100I+K103N,1,105,2,0.038461538461538464
L100I+K103N,1,106,51,0.9807692307692307
L100I+K103N,1,108,19,0.36538461538461536
L100I+K103N,1,181,50,0.9615384615384616
L100I+K103N,1,188,51,0.9807692307692307
L100I+K103N,1,190,3,0.057692307692307696
L100I+K103N,1,225,17,0.3269230769230769
L100I+K103N,1,227,49,0.9423076923076923
L100I+K103N,1,229,22,0.4230769230769231
L100I+K103N,1,234,35,0.6730769230769231
L100I+K103N,1,235,22,0.4230769230769231
L100I+K103N,1,236,52,1.0
L100I+K103N,1,318,32,0.6153846153846154
L100I+K103N,3,95,18,0.34615384615384615
L100I+K103N,3,100,51,0.9807692307692307
L100I+K103N,3,101,1,0.019230769230769232
L100I+K103N,3,103,50,0.9615384615384616
L100I+K103N,3,104,15,0.28846153846153844
L100I+K103N,3,105,2,0.038461538461538464
L100I+K103N,3,106,52,1.0
L100I+K103N,3,108,24,0.46153846153846156
L100I+K103N,3,179,1,0.019230769230769232
L100I+K103N,3,181,51,0.9807692307692307
L100I+K103N,3,188,49,0.9423076923076923
L100I+K103N,3,190,5,0.09615384615384616
L100I+K103N,3,225,13,0.25
L100I+K103N,3,226,1,0.019230769230769232
L100I+K103N,3,227,42,0.8076923076923077
L100I+K103N,3,229,25,0.4807692307692308
L100I+K103N,3,234,47,0.9038461538461539
L100I+K103N,3,235,30,0.5769230769230769
L100I+K103N,3,236,46,0.8846153846153846
L100I+K103N,3,318,36,0.6923076923076923
V106A,1,95,1,0.016666666666666666
V106A,1,100,57,0.95
V106A,1,101,28,0.4666666666666667
V106A,1,102,9,0.15
V106A,1,103,58,0.9666666666666667
V106A,1,104,29,0.48333333333333334
V106A,1,105,9,0.15
V106A,1,106,39,0.65
V106A,1,181,37,0.6166666666666667
V106A,1,188,34,0.5666666666666667
V106A,1,190,9,0.15
V106A,1,225,23,0.38333333333333336
V106A,1,227,57,0.95
V106A,1,229,47,0.7833333333333333
V106A,1,234,57,0.95
V106A,1,235,16,0.26666666666666666
V106A,1,236,59,0.9833333333333333
V106A,1,237,2,0.03333333333333333
V106A,1,318,30,0.5
V106A,2,95,23,0.4423076923076923
V106A,2,100,52,1.0
V106A,2,101,1,0.019230769230769232
V106A,2,102,1,0.019230769230769232
V106A,2,103,38,0.7307692307692307
V106A,2,104,27,0.5192307692307693
V106A,2,105,7,0.1346153846153846
V106A,2,106,44,0.8461538461538461
V106A,2,108,7,0.1346153846153846
V106A,2,179,4,0.07692307692307693
V106A,2,181,48,0.9230769230769231
V106A,2,188,47,0.9038461538461539
V106A,2,190,5,0.09615384615384616
V106A,2,225,32,0.6153846153846154
V106A,2,227,52,1.0
V106A,2,229,26,0.5
V106A,2,234,26,0.5
V106A,2,235,16,0.3076923076923077
V106A,2,236,49,0.9423076923076923
V106A,2,318,15,0.28846153846153844
V106A,3,95,14,0.23333333333333334
V106A,3,100,54,0.9
V106A,3,101,22,0.36666666666666664
V106A,3,102,2,0.03333333333333333
V106A,3,103,45,0.75
V106A,3,104,29,0.48333333333333334
V106A,3,105,12,0.2
V106A,3,106,48,0.8
V106A,3,108,3,0.05
V106A,3,179,14,0.23333333333333334
V106A,3,180,1,0.016666666666666666
V106A,3,181,55,0.9166666666666666
V106A,3,188,50,0.8333333333333334
V106A,3,190,4,0.06666666666666667
V106A,3,225,28,0.4666666666666667
V106A,3,227,59,0.9833333333333333
V106A,3,229,26,0.43333333333333335
V106A,3,234,30,0.5
V106A,3,235,36,0.6
V106A,3,236,60,1.0
V106A,3,318,38,0.6333333333333333
V106A+F227L,1,95,23,0.4423076923076923
V106A+F227L,1,100,52,1.0
V106A+F227L,1,101,4,0.07692307692307693
V106A+F227L,1,103,41,0.7884615384615384
V106A+F227L,1,104,36,0.6923076923076923
V106A+F227L,1,105,13,0.25
V106A+F227L,1,106,48,0.9230769230769231
V106A+F227L,1,108,9,0.17307692307692307
V106A+F227L,1,179,10,0.19230769230769232
V106A+F227L,1,181,49,0.9423076923076923
V106A+F227L,1,188,47,0.9038461538461539
V106A+F227L,1,190,3,0.057692307692307696
V106A+F227L,1,225,25,0.4807692307692308
V106A+F227L,1,227,46,0.8846153846153846
V106A+F227L,1,229,29,0.5576923076923077
V106A+F227L,1,234,35,0.6730769230769231
V106A+F227L,1,235,36,0.6923076923076923
V106A+F227L,1,236,49,0.9423076923076923
V106A+F227L,1,318,15,0.28846153846153844
V106A+F227L,2,95,24,0.46153846153846156
V106A+F227L,2,100,46,0.8846153846153846
V106A+F227L,2,101,3,0.057692307692307696
V106A+F227L,2,103,40,0.7692307692307693
V106A+F227L,2,104,21,0.40384615384615385
V106A+F227L,2,105,3,0.057692307692307696
V106A+F227L,2,106,44,0.8461538461538461
V106A+F227L,2,108,19,0.36538461538461536
V106A+F227L,2,179,17,0.3269230769230769
V106A+F227L,2,181,49,0.9423076923076923
V106A+F227L,2,188,48,0.9230769230769231
V106A+F227L,2,190,2,0.038461538461538464
V106A+F227L,2,225,28,0.5384615384615384
V106A+F227L,2,227,40,0.7692307692307693
V106A+F227L,2,229,20,0.38461538461538464
V106A+F227L,2,234,26,0.5
V106A+F227L,2,235,39,0.75
V106A+F227L,2,236,52,1.0
V106A+F227L,2,318,36,0.6923076923076923
V106A+F227L,3,95,21,0.40384615384615385
V106A+F227L,3,100,48,0.9230769230769231
V106A+F227L,3,101,5,0.09615384615384616
V106A+F227L,3,103,41,0.7884615384615384
V106A+F227L,3,104,27,0.5192307692307693
V106A+F227L,3,105,8,0.15384615384615385
V106A+F227L,3,106,47,0.9038461538461539
V106A+F227L,3,108,5,0.09615384615384616
V106A+F227L,3,179,14,0.2692307692307692
V106A+F227L,3,181,51,0.9807692307692307
V106A+F227L,3,188,51,0.9807692307692307
V106A+F227L,3,190,3,0.057692307692307696
V106A+F227L,3,225,40,0.7692307692307693
V106A+F227L,3,227,45,0.8653846153846154
V106A+F227L,3,229,21,0.40384615384615385
V106A+F227L,3,234,31,0.5961538461538461
V106A+F227L,3,235,39,0.75
V106A+F227L,3,236,52,1.0
V106A+F227L,3,318,43,0.8269230769230769
V106A+L234I,1,95,18,0.34615384615384615
V106A+L234I,1,100,44,0.8461538461538461
V106A+L234I,1,101,7,0.1346153846153846
V106A+L234I,1,103,38,0.7307692307692307
V106A+L234I,1,104,32,0.6153846153846154
V106A+L234I,1,105,8,0.15384615384615385
V106A+L234I,1,106,45,0.8653846153846154
V106A+L234I,1,108,9,0.17307692307692307
V106A+L234I,1,179,7,0.1346153846153846
V106A+L234I,1,181,47,0.9038461538461539
V106A+L234I,1,188,52,1.0
V106A+L234I,1,190,3,0.057692307692307696
V106A+L234I,1,225,29,0.5576923076923077
V106A+L234I,1,227,50,0.9615384615384616
V106A+L234I,1,229,32,0.6153846153846154
V106A+L234I,1,234,26,0.5
V106A+L234I,1,235,31,0.5961538461538461
V106A+L234I,1,236,52,1.0
V106A+L234I,1,318,39,0.75
V106A+L234I,2,95,17,0.3269230769230769
V106A+L234I,2,100,49,0.9423076923076923
V106A+L234I,2,101,4,0.07692307692307693
V106A+L234I,2,103,45,0.8653846153846154
V106A+L234I,2,104,29,0.5576923076923077
V106A+L234I,2,105,11,0.21153846153846154
V106A+L234I,2,106,46,0.8846153846153846
V106A+L234I,2,108,15,0.28846153846153844
V106A+L234I,2,179,11,0.21153846153846154
V106A+L234I,2,181,50,0.9615384615384616
V106A+L234I,2,188,50,0.9615384615384616
V106A+L234I,2,190,6,0.11538461538461539
V106A+L234I,2,225,26,0.5
V106A+L234I,2,227,50,0.9615384615384616
V106A+L234I,2,229,29,0.5576923076923077
V106A+L234I,2,234,43,0.8269230769230769
V106A+L234I,2,235,40,0.7692307692307693
V106A+L234I,2,236,52,1.0
V106A+L234I,2,318,30,0.5769230769230769
V106A+L234I,3,95,9,0.17307692307692307
V106A+L234I,3,100,43,0.8269230769230769
V106A+L234I,3,101,2,0.038461538461538464
V106A+L234I,3,103,45,0.8653846153846154
V106A+L234I,3,104,33,0.6346153846153846
V106A+L234I,3,105,19,0.36538461538461536
V106A+L234I,3,106,46,0.8846153846153846
V106A+L234I,3,108,16,0.3076923076923077
V106A+L234I,3,179,9,0.17307692307692307
V106A+L234I,3,180,2,0.038461538461538464
V106A+L234I,3,181,45,0.8653846153846154
V106A+L234I,3,188,42,0.8076923076923077
V106A+L234I,3,190,4,0.07692307692307693
V106A+L234I,3,191,2,0.038461538461538464
V106A+L234I,3,225,11,0.21153846153846154
V106A+L234I,3,226,13,0.25
V106A+L234I,3,227,49,0.9423076923076923
V106A+L234I,3,229,28,0.5384615384615384
V106A+L234I,3,234,22,0.4230769230769231
V106A+L234I,3,235,33,0.6346153846153846
V106A+L234I,3,236,45,0.8653846153846154
V106A+L234I,3,318,15,0.28846153846153844
V106A+P225H,1,95,33,0.6346153846153846
V106A+P225H,1,100,49,0.9423076923076923
V106A+P225H,1,101,1,0.019230769230769232
V106A+P225H,1,103,39,0.75
V106A+P225H,1,104,17,0.3269230769230769
V106A+P225H,1,105,3,0.057692307692307696
V106A+P225H,1,106,33,0.6346153846153846
V106A+P225H,1,108,9,0.17307692307692307
V106A+P225H,1,179,6,0.11538461538461539
V106A+P225H,1,181,52,1.0
V106A+P225H,1,188,52,1.0
V106A+P225H,1,190,3,0.057692307692307696
V106A+P225H,1,225,15,0.28846153846153844
V106A+P225H,1,227,52,1.0
V106A+P225H,1,229,27,0.5192307692307693
V106A+P225H,1,234,27,0.5192307692307693
V106A+P225H,1,235,32,0.6153846153846154
V106A+P225H,1,236,52,1.0
V106A+P225H,1,318,44,0.8461538461538461
V106A+P225H,2,95,27,0.5192307692307693
V106A+P225H,2,100,50,0.9615384615384616
V106A+P225H,2,101,1,0.019230769230769232
V106A+P225H,2,102,1,0.019230769230769232
V106A+P225H,2,103,34,0.6538461538461539
V106A+P225H,2,104,29,0.5576923076923077
V106A+P225H,2,105,17,0.3269230769230769
V106A+P225H,2,106,49,0.9423076923076923
V106A+P225H,2,108,10,0.19230769230769232
V106A+P225H,2,179,4,0.07692307692307693
V106A+P225H,2,181,50,0.9615384615384616
V106A+P225H,2,188,52,1.0
V106A+P225H,2,190,2,0.038461538461538464
V106A+P225H,2,225,19,0.36538461538461536
V106A+P225H,2,227,52,1.0
V106A+P225H,2,229,20,0.38461538461538464
V106A+P225H,2,234,33,0.6346153846153846
V106A+P225H,2,235,43,0.8269230769230769
V106A+P225H,2,236,52,1.0
V106A+P225H,2,318,27,0.5192307692307693
V106A+P225H,3,95,32,0.5818181818181818
V106A+P225H,3,100,49,0.8909090909090909
V106A+P225H,3,101,7,0.12727272727272726
V106A+P225H,3,103,49,0.8909090909090909
V106A+P225H,3,104,14,0.2545454545454545
V106A+P225H,3,105,7,0.12727272727272726
V106A+P225H,3,106,37,0.6727272727272727
V106A+P225H,3,108,9,0.16363636363636364
V106A+P225H,3,179,7,0.12727272727272726
V106A+P225H,3,181,49,0.8909090909090909
V106A+P225H,3,188,54,0.9818181818181818
V106A+P225H,3,190,6,0.10909090909090909
V106A+P225H,3,225,24,0.43636363636363634
V106A+P225H,3,227,55,1.0
V106A+P225H,3,229,31,0.5636363636363636
V106A+P225H,3,234,30,0.5454545454545454
V106A+P225H,3,235,34,0.6181818181818182
V106A+P225H,3,236,55,1.0
V106A+P225H,3,318,37,0.6727272727272727
V106I,1,95,15,0.25
V106I,1,100,58,0.9666666666666667
V106I,1,101,12,0.2
V106I,1,102,9,0.15
V106I,1,103,40,0.6666666666666666
V106I,1,106,53,0.8833333333333333
V106I,1,107,1,0.016666666666666666
V106I,1,108,11,0.18333333333333332
V106I,1,179,4,0.06666666666666667
V106I,1,181,30,0.5
V106I,1,188,31,0.5166666666666667
V106I,1,190,5,0.08333333333333333
V106I,1,223,1,0.016666666666666666
V106I,1,225,25,0.4166666666666667
V106I,1,226,2,0.03333333333333333
V106I,1,227,51,0.85
V106I,1,229,38,0.6333333333333333
V106I,1,234,52,0.8666666666666667
V106I,1,235,29,0.48333333333333334
V106I,1,236,57,0.95
V106I,1,237,2,0.03333333333333333
V106I,1,318,37,0.6166666666666667
V106I,2,95,26,0.43333333333333335
V106I,2,100,58,0.9666666666666667
V106I,2,101,22,0.36666666666666664
V106I,2,102,6,0.1
V106I,2,103,47,0.7833333333333333
V106I,2,106,59,0.9833333333333333
V106I,2,108,9,0.15
V106I,2,179,7,0.11666666666666667
V106I,2,180,1,0.016666666666666666
V106I,2,181,44,0.7333333333333333
V106I,2,188,38,0.6333333333333333
V106I,2,190,7,0.11666666666666667
V106I,2,225,22,0.36666666666666664
V106I,2,227,35,0.5833333333333334
V106I,2,229,38,0.6333333333333333
V106I,2,234,49,0.8166666666666667
V106I,2,235,20,0.3333333333333333
V106I,2,236,54,0.9
V106I,2,237,2,0.03333333333333333
V106I,2,318,27,0.45
V106I,3,94,1,0.016666666666666666
V106I,3,95,15,0.25
V106I,3,100,58,0.9666666666666667
V106I,3,101,32,0.5333333333333333
V106I,3,102,12,0.2
V106I,3,103,58,0.9666666666666667
V106I,3,104,1,0.016666666666666666
V106I,3,106,58,0.9666666666666667
V106I,3,108,21,0.35
V106I,3,179,4,0.06666666666666667
V106I,3,181,57,0.95
V106I,3,188,59,0.9833333333333333
V106I,3,190,1,0.016666666666666666
V106I,3,225,22,0.36666666666666664
V106I,3,227,56,0.9333333333333333
V106I,3,229,24,0.4
V106I,3,234,39,0.65
V106I,3,235,47,0.7833333333333333
V106I,3,236,59,0.9833333333333333
V106I,3,318,50,0.8333333333333334
V106I+F227C,1,95,34,0.6538461538461539
V106I+F227C,1,100,49,0.9423076923076923
V106I+F227C,1,101,18,0.34615384615384615
V106I+F227C,1,102,12,0.23076923076923078
V106I+F227C,1,103,52,1.0
V106I+F227C,1,104,2,0.038461538461538464
V106I+F227C,1,105,1,0.019230769230769232
V106I+F227C,1,106,51,0.9807692307692307
V106I+F227C,1,108,18,0.34615384615384615
V106I+F227C,1,179,14,0.2692307692307692
V106I+F227C,1,180,8,0.15384615384615385
V106I+F227C,1,181,52,1.0
V106I+F227C,1,188,43,0.8269230769230769
V106I+F227C,1,225,29,0.5576923076923077
V106I+F227C,1,229,31,0.5961538461538461
V106I+F227C,1,234,34,0.6538461538461539
V106I+F227C,1,235,25,0.4807692307692308
V106I+F227C,1,236,42,0.8076923076923077
V106I+F227C,1,318,26,0.5
V106I+F227C,2,95,12,0.24
V106I+F227C,2,100,50,1.0
V106I+F227C,2,101,21,0.42
V106I+F227C,2,102,13,0.26
V106I+F227C,2,103,49,0.98
V106I+F227C,2,104,5,0.1
V106I+F227C,2,106,50,1.0
V106I+F227C,2,108,3,0.06
V106I+F227C,2,179,36,0.72
V106I+F227C,2,181,25,0.5
V106I+F227C,2,188,16,0.32
V106I+F227C,2,190,24,0.48
V106I+F227C,2,225,39,0.78
V106I+F227C,2,227,7,0.14
V106I+F227C,2,229,7,0.14
V106I+F227C,2,234,25,0.5
V106I+F227C,2,235,27,0.54
V106I+F227C,2,236,47,0.94
V106I+F227C,2,318,36,0.72
V106I+F227C,3,95,23,0.46
V106I+F227C,3,100,49,0.98
V106I+F227C,3,101,22,0.44
V106I+F227C,3,102,5,0.1
V106I+F227C,3,103,50,1.0
V106I+F227C,3,104,1,0.02
V106I+F227C,3,106,50,1.0
V106I+F227C,3,107,1,0.02
V106I+F227C,3,108,7,0.14
V106I+F227C,3,179,2,0.04
V106I+F227C,3,181,46,0.92
V106I+F227C,3,188,48,0.96
V106I+F227C,3,190,3,0.06
V106I+F227C,3,225,22,0.44
V106I+F227C,3,227,4,0.08
V106I+F227C,3,229,29,0.58
V106I+F227C,3,234,43,0.86
V106I+F227C,3,235,24,0.48
V106I+F227C,3,236,47,0.94
V106I+F227C,3,318,37,0.74
V106M,2,95,23,0.46
V106M,2,100,49,0.98
V106M,2,101,30,0.6
V106M,2,102,9,0.18
V106M,2,103,45,0.9
V106M,2,104,2,0.04
V106M,2,106,45,0.9
V106M,2,108,5,0.1
V106M,2,179,10,0.2
V106M,2,180,3,0.06
V106M,2,181,48,0.96
V106M,2,188,44,0.88
V106M,2,189,2,0.04
V106M,2,190,2,0.04
V106M,2,225,17,0.34
V106M,2,227,37,0.74
V106M,2,229,23,0.46
V106M,2,234,35,0.7
V106M,2,235,33,0.66
V106M,2,236,46,0.92
V106M,2,318,39,0.78
V106M,1,95,7,0.11666666666666667
V106M,1,100,40,0.6666666666666666
V106M,1,101,16,0.26666666666666666
V106M,1,102,17,0.2833333333333333
V106M,1,103,49,0.8166666666666667
V106M,1,104,1,0.016666666666666666
V106M,1,106,43,0.7166666666666667
V106M,1,107,1,0.016666666666666666
V106M,1,108,28,0.4666666666666667
V106M,1,181,28,0.4666666666666667
V106M,1,188,59,0.9833333333333333
V106M,1,189,7,0.11666666666666667
V106M,1,190,10,0.16666666666666666
V106M,1,225,25,0.4166666666666667
V106M,1,227,58,0.9666666666666667
V106M,1,229,24,0.4
V106M,1,234,32,0.5333333333333333
V106M,1,235,2,0.03333333333333333
V106M,1,236,58,0.9666666666666667
V106M,1,318,16,0.26666666666666666
V106M,3,95,15,0.25
V106M,3,100,50,0.8333333333333334
V106M,3,101,5,0.08333333333333333
V106M,3,103,31,0.5166666666666667
V106M,3,105,1,0.016666666666666666
V106M,3,106,60,1.0
V106M,3,108,5,0.08333333333333333
V106M,3,179,33,0.55
V106M,3,181,59,0.9833333333333333
V106M,3,183,3,0.05
V106M,3,188,57,0.95
V106M,3,189,1,0.016666666666666666
V106M,3,190,2,0.03333333333333333
V106M,3,225,3,0.05
V106M,3,227,27,0.45
V106M,3,229,19,0.31666666666666665
V106M,3,234,38,0.6333333333333333
V106M,3,235,58,0.9666666666666667
V106M,3,236,55,0.9166666666666666
V106M,3,318,55,0.9166666666666666
WT,1,95,37,0.74
WT,1,100,49,0.98
WT,1,101,15,0.3
WT,1,103,44,0.88
WT,1,106,49,0.98
WT,1,108,12,0.24
WT,1,179,5,0.1
WT,1,181,50,1.0
WT,1,188,47,0.94
WT,1,190,2,0.04
WT,1,225,23,0.46
WT,1,227,46,0.92
WT,1,229,24,0.48
WT,1,234,34,0.68
WT,1,235,31,0.62
WT,1,236,48,0.96
WT,1,318,40,0.8
WT,2,95,16,0.26666666666666666
WT,2,97,1,0.016666666666666666
WT,2,100,60,1.0
WT,2,101,19,0.31666666666666665
WT,2,102,16,0.26666666666666666
WT,2,103,58,0.9666666666666667
WT,2,104,5,0.08333333333333333
WT,2,106,46,0.7666666666666667
WT,2,108,5,0.08333333333333333
WT,2,179,2,0.03333333333333333
WT,2,181,27,0.45
WT,2,188,31,0.5166666666666667
WT,2,190,4,0.06666666666666667
WT,2,225,28,0.4666666666666667
WT,2,227,56,0.9333333333333333
WT,2,229,50,0.8333333333333334
WT,2,234,52,0.8666666666666667
WT,2,235,13,0.21666666666666667
WT,2,236,58,0.9666666666666667
WT,2,237,2,0.03333333333333333
WT,2,318,40,0.6666666666666666
WT,3,95,15,0.25
WT,3,100,60,1.0
WT,3,101,25,0.4166666666666667
WT,3,102,5,0.08333333333333333
WT,3,103,60,1.0
WT,3,104,1,0.016666666666666666
WT,3,106,51,0.85
WT,3,108,10,0.16666666666666666
WT,3,179,2,0.03333333333333333
WT,3,181,52,0.8666666666666667
WT,3,188,56,0.9333333333333333
WT,3,190,2,0.03333333333333333
WT,3,225,28,0.4666666666666667
WT,3,227,49,0.8166666666666667
WT,3,229,48,0.8
WT,3,234,45,0.75
WT,3,235,14,0.23333333333333334
WT,3,236,59,0.9833333333333333
WT,3,318,32,0.5333333333333333
Y181C,1,95,41,0.6833333333333333
Y181C,1,97,1,0.016666666666666666
Y181C,1,100,60,1.0
Y181C,1,101,24,0.4
Y181C,1,103,54,0.9
Y181C,1,104,6,0.1
Y181C,1,105,3,0.05
Y181C,1,106,47,0.7833333333333333
Y181C,1,108,17,0.2833333333333333
Y181C,1,134,1,0.016666666666666666
Y181C,1,179,14,0.23333333333333334
Y181C,1,181,30,0.5
Y181C,1,188,29,0.48333333333333334
Y181C,1,190,6,0.1
Y181C,1,225,51,0.85
Y181C,1,227,54,0.9
Y181C,1,229,35,0.5833333333333334
Y181C,1,234,32,0.5333333333333333
Y181C,1,235,15,0.25
Y181C,1,236,47,0.7833333333333333
Y181C,1,318,23,0.38333333333333336
Y181C,2,95,26,0.43333333333333335
Y181C,2,100,37,0.6166666666666667
Y181C,2,101,24,0.4
Y181C,2,102,1,0.016666666666666666
Y181C,2,103,58,0.9666666666666667
Y181C,2,104,6,0.1
Y181C,2,105,2,0.03333333333333333
Y181C,2,106,58,0.9666666666666667
Y181C,2,108,27,0.45
Y181C,2,179,35,0.5833333333333334
Y181C,2,180,22,0.36666666666666664
Y181C,2,181,60,1.0
Y181C,2,188,56,0.9333333333333333
Y181C,2,189,4,0.06666666666666667
Y181C,2,190,4,0.06666666666666667
Y181C,2,225,39,0.65
Y181C,2,227,47,0.7833333333333333
Y181C,2,229,14,0.23333333333333334
Y181C,2,234,20,0.3333333333333333
Y181C,2,235,19,0.31666666666666665
Y181C,2,236,42,0.7
Y181C,2,318,26,0.43333333333333335
Y181C,3,95,4,0.06666666666666667
Y181C,3,100,41,0.6833333333333333
Y181C,3,101,25,0.4166666666666667
Y181C,3,102,1,0.016666666666666666
Y181C,3,103,58,0.9666666666666667
Y181C,3,104,10,0.16666666666666666
Y181C,3,105,6,0.1
Y181C,3,106,56,0.9333333333333333
Y181C,3,107,2,0.03333333333333333
Y181C,3,108,16,0.26666666666666666
Y181C,3,179,38,0.6333333333333333
Y181C,3,180,3,0.05
Y181C,3,181,35,0.5833333333333334
Y181C,3,188,48,0.8
Y181C,3,189,9,0.15
Y181C,3,190,11,0.18333333333333332
Y181C,3,225,43,0.7166666666666667
Y181C,3,226,3,0.05
Y181C,3,227,51,0.85
Y181C,3,229,32,0.5333333333333333
Y181C,3,234,32,0.5333333333333333
Y181C,3,235,24,0.4
Y181C,3,236,53,0.8833333333333333
Y181C,3,318,34,0.5666666666666667
Y188L,1,95,10,0.16666666666666666
Y188L,1,97,1,0.016666666666666666
Y188L,1,100,51,0.85
Y188L,1,101,17,0.2833333333333333
Y188L,1,102,9,0.15
Y188L,1,103,57,0.95
Y188L,1,104,26,0.43333333333333335
Y188L,1,105,9,0.15
Y188L,1,106,55,0.9166666666666666
Y188L,1,108,12,0.2
Y188L,1,179,22,0.36666666666666664
Y188L,1,181,36,0.6
Y188L,1,183,1,0.016666666666666666
Y188L,1,188,37,0.6166666666666667
Y188L,1,189,1,0.016666666666666666
Y188L,1,190,23,0.38333333333333336
Y188L,1,225,52,0.8666666666666667
Y188L,1,227,53,0.8833333333333333
Y188L,1,229,18,0.3
Y188L,1,234,29,0.48333333333333334
Y188L,1,235,13,0.21666666666666667
Y188L,1,236,54,0.9
Y188L,1,318,18,0.3
Y188L,2,95,10,0.16666666666666666
Y188L,2,100,56,0.9333333333333333
Y188L,2,101,24,0.4
Y188L,2,102,33,0.55
Y188L,2,103,54,0.9
Y188L,2,104,4,0.06666666666666667
Y188L,2,106,56,0.9333333333333333
Y188L,2,108,24,0.4
Y188L,2,179,3,0.05
Y188L,2,181,41,0.6833333333333333
Y188L,2,188,60,1.0
Y188L,2,190,3,0.05
Y188L,2,225,5,0.08333333333333333
Y188L,2,227,53,0.8833333333333333
Y188L,2,229,50,0.8333333333333334
Y188L,2,234,53,0.8833333333333333
Y188L,2,235,24,0.4
Y188L,2,236,55,0.9166666666666666
Y188L,2,318,25,0.4166666666666667
Y188L,3,95,21,0.35
Y188L,3,97,1,0.016666666666666666
Y188L,3,100,59,0.9833333333333333
Y188L,3,101,33,0.55
Y188L,3,102,16,0.26666666666666666
Y188L,3,103,59,0.9833333333333333
Y188L,3,106,52,0.8666666666666667
Y188L,3,108,14,0.23333333333333334
Y188L,3,179,8,0.13333333333333333
Y188L,3,181,52,0.8666666666666667
Y188L,3,188,56,0.9333333333333333
Y188L,3,190,1,0.016666666666666666
Y188L,3,225,33,0.55
Y188L,3,227,58,0.9666666666666667
Y188L,3,229,45,0.75
Y188L,3,232,1,0.016666666666666666
Y188L,3,234,53,0.8833333333333333
Y188L,3,235,30,0.5
Y188L,3,236,57,0.95
Y188L,3,318,34,0.5666666666666667
Y318F,1,95,15,0.25
Y318F,1,100,58,0.9666666666666667
Y318F,1,101,36,0.6
Y318F,1,102,8,0.13333333333333333
Y318F,1,103,60,1.0
Y318F,1,106,58,0.9666666666666667
Y318F,1,108,27,0.45
Y318F,1,179,4,0.06666666666666667
Y318F,1,181,35,0.5833333333333334
Y318F,1,188,59,0.9833333333333333
Y318F,1,189,1,0.016666666666666666
Y318F,1,223,1,0.016666666666666666
Y318F,1,225,31,0.5166666666666667
Y318F,1,227,55,0.9166666666666666
Y318F,1,229,37,0.6166666666666667
Y318F,1,234,30,0.5
Y318F,1,235,21,0.35
Y318F,1,236,54,0.9
Y318F,1,318,44,0.7333333333333333
Y318F,2,95,13,0.21666666666666667
Y318F,2,100,60,1.0
Y318F,2,101,29,0.48333333333333334
Y318F,2,102,13,0.21666666666666667
Y318F,2,103,60,1.0
Y318F,2,104,4,0.06666666666666667
Y318F,2,106,51,0.85
Y318F,2,108,16,0.26666666666666666
Y318F,2,179,6,0.1
Y318F,2,181,44,0.7333333333333333
Y318F,2,188,46,0.7666666666666667
Y318F,2,190,8,0.13333333333333333
Y318F,2,225,17,0.2833333333333333
Y318F,2,227,45,0.75
Y318F,2,229,49,0.8166666666666667
Y318F,2,234,46,0.7666666666666667
Y318F,2,235,16,0.26666666666666666
Y318F,2,236,55,0.9166666666666666
Y318F,2,318,41,0.6833333333333333
Y318F,3,95,31,0.5166666666666667
Y318F,3,100,53,0.8833333333333333
Y318F,3,101,23,0.38333333333333336
Y318F,3,102,3,0.05
Y318F,3,103,58,0.9666666666666667
Y318F,3,104,1,0.016666666666666666
Y318F,3,106,58,0.9666666666666667
Y318F,3,108,11,0.18333333333333332
Y318F,3,179,42,0.7
Y318F,3,181,54,0.9
Y318F,3,183,1,0.016666666666666666
Y318F,3,188,50,0.8333333333333334
Y318F,3,190,13,0.21666666666666667
Y318F,3,225,39,0.65
Y318F,3,227,55,0.9166666666666666
Y318F,3,229,23,0.38333333333333336
Y318F,3,234,35,0.5833333333333334
Y318F,3,235,49,0.8166666666666667
Y318F,3,236,57,0.95
Y318F,3,318,56,0.9333333333333333
