mutation,replicate,cluster,n_frames,n_total,fraction
A98G+F227C,1,1,25,40,0.625
A98G+F227C,1,3,15,40,0.375
A98G+F227C,2,0,40,40,1.0
A98G+F227C,3,0,39,40,0.975
A98G+F227C,3,2,1,40,0.025
F227C,1,0,18,40,0.45
F227C,1,1,22,40,0.55
F227C,2,0,40,40,1.0
F227C,3,0,25,40,0.625
F227C,3,1,15,40,0.375
G190A,1,1,40,40,1.0
G190A,2,1,40,40,1.0
G190A,3,3,40,40,1.0
G190E,1,2,40,40,1.0
G190E,2,0,4,40,0.1
G190E,2,1,13,40,0.325
G190E,2,2,23,40,0.575
G190E,3,1,28,40,0.7
G190E,3,2,12,40,0.3
G190S,1,0,13,40,0.325
G190S,1,1,21,40,0.525
G190S,1,2,1,40,0.025
G190S,1,3,5,40,0.125
G190S,2,3,40,40,1.0
G190S,3,0,38,40,0.95
G190S,3,1,1,40,0.025
G190S,3,2,1,40,0.025
K103N,1,1,1,40,0.025
K103N,1,2,6,40,0.15
K103N,1,3,33,40,0.825
K103N,2,0,11,40,0.275
K103N,2,3,29,40,0.725
K103N,3,0,36,40,0.9
K103N,3,2,4,40,0.1
K103N+M230L,1,1,38,40,0.95
K103N+M230L,1,2,1,40,0.025
K103N+M230L,1,3,1,40,0.025
K103N+M230L,2,1,1,40,0.025
K103N+M230L,2,2,39,40,0.975
K103N+M230L,3,1,5,40,0.125
K103N+M230L,3,2,34,40,0.85
K103N+M230L,3,3,1,40,0.025
K103N+P225H,1,0,29,40,0.725
K103N+P225H,1,1,3,40,0.075
K103N+P225H,1,2,8,40,0.2
K103N+P225H,2,0,30,40,0.75
K103N+P225H,2,1,3,40,0.075
K103N+P225H,2,2,7,40,0.175
K103N+P225H,3,0,17,40,0.425
K103N+P225H,3,1,16,40,0.4
K103N+P225H,3,2,7,40,0.175
L100I+K103N,1,1,29,40,0.725
L100I+K103N,1,2,11,40,0.275
L100I+K103N,2,0,18,40,0.45
L100I+K103N,2,1,21,40,0.525
L100I+K103N,2,2,1,40,0.025
L100I+K103N,3,0,8,40,0.2
L100I+K103N,3,1,14,40,0.35
L100I+K103N,3,2,18,40,0.45
V106A,1,3,40,40,1.0
V106A,2,0,1,40,0.025
V106A,2,1,29,40,0.725
V106A,2,2,10,40,0.25
V106A,3,0,32,40,0.8
V106A,3,1,1,40,0.025
V106A,3,2,6,40,0.15
V106A,3,3,1,40,0.025
V106A+F227L,1,0,14,40,0.35
V106A+F227L,1,2,26,40,0.65
V106A+F227L,2,0,15,40,0.375
V106A+F227L,2,1,12,40,0.3
V106A+F227L,2,2,13,40,0.325
V106A+F227L,3,0,10,40,0.25
V106A+F227L,3,2,30,40,0.75
V106A+L234I,1,1,21,40,0.525
V106A+L234I,1,2,19,40,0.475
V106A+L234I,2,0,2,40,0.05
V106A+L234I,2,1,21,40,0.525
V106A+L234I,2,2,17,40,0.425
V106A+L234I,3,0,18,40,0.45
V106A+L234I,3,2,22,40,0.55
V106A+P225H,1,0,39,40,0.975
V106A+P225H,1,2,1,40,0.025
V106A+P225H,2,0,5,40,0.125
V106A+P225H,2,1,6,40,0.15
V106A+P225H,2,2,29,40,0.725
V106A+P225H,3,0,19,40,0.475
V106A+P225H,3,1,8,40,0.2
V106A+P225H,3,2,13,40,0.325
V106I,1,1,21,40,0.525
V106I,1,2,3,40,0.075
V106I,1,3,16,40,0.4
V106I,2,3,40,40,1.0
V106I,3,0,38,40,0.95
V106I,3,3,2,40,0.05
V106I+F227C,1,0,16,40,0.4
V106I+F227C,1,1,23,40,0.575
V106I+F227C,1,2,1,40,0.025
V106I+F227C,2,1,40,40,1.0
V106I+F227C,3,0,39,40,0.975
V106I+F227C,3,1,1,40,0.025
V106M,1,1,3,40,0.075
V106M,1,3,37,40,0.925
V106M,2,0,7,40,0.175
V106M,2,1,21,40,0.525
V106M,2,2,9,40,0.225
V106M,2,3,3,40,0.075
V106M,3,0,9,40,0.225
V106M,3,1,11,40,0.275
V106M,3,2,19,40,0.475
V106M,3,3,1,40,0.025
WT,1,0,5,40,0.125
WT,1,1,33,40,0.825
WT,1,2,2,40,0.05
WT,2,3,40,40,1.0
WT,3,3,40,40,1.0
Y181C,1,0,36,40,0.9
Y181C,1,1,3,40,0.075
Y181C,1,2,1,40,0.025
Y181C,2,0,25,40,0.625
Y181C,2,2,15,40,0.375
Y181C,3,3,40,40,1.0
Y188L,1,0,39,40,0.975
Y188L,1,1,1,40,0.025
Y188L,2,2,40,40,1.0
Y188L,3,3,40,40,1.0
Y318F,1,0,14,40,0.35
Y318F,1,1,23,40,0.575
Y318F,1,2,3,40,0.075
Y318F,2,3,40,40,1.0
Y318F,3,1,34,40,0.85
Y318F,3,2,6,40,0.15
